# Blender 5.0.1
# www.blender.org
mtllib mesh.mtl
o 柱体
v 0.000000 1.000000 1.000000
v 0.195090 0.980785 1.000000
v 0.382683 0.923880 1.000000
v 0.555570 0.831470 1.000000
v 0.707107 0.707107 1.000000
v 0.831470 0.555570 1.000000
v 0.923880 0.382683 1.000000
v 0.980785 0.195090 1.000000
v 1.000000 0.000000 1.000000
v 0.980785 -0.195090 1.000000
v 0.923880 -0.382683 1.000000
v 0.831470 -0.555570 1.000000
v 0.707107 -0.707107 1.000000
v 0.555570 -0.831470 1.000000
v 0.382683 -0.923880 1.000000
v 0.195090 -0.980785 1.000000
v 0.000000 -1.000000 1.000000
v -0.195090 -0.980785 1.000000
v -0.382683 -0.923880 1.000000
v -0.555570 -0.831470 1.000000
v -0.707107 -0.707107 1.000000
v -0.831470 -0.555570 1.000000
v -0.923880 -0.382683 1.000000
v -0.980785 -0.195090 1.000000
v -1.000000 0.000000 1.000000
v -0.980785 0.195090 1.000000
v -0.923880 0.382683 1.000000
v -0.831470 0.555570 1.000000
v -0.707107 0.707107 1.000000
v -0.555570 0.831470 1.000000
v -0.382683 0.923880 1.000000
v -0.195090 0.980785 1.000000
v 0.037350 0.187771 1.311510
v -0.000000 0.191450 1.311510
v 0.073265 0.176876 1.311510
v 0.106364 0.159185 1.311510
v 0.135375 0.135375 1.311510
v 0.159185 0.106364 1.311510
v 0.176876 0.073265 1.311510
v 0.187771 0.037350 1.311510
v 0.191450 0.000000 1.311510
v 0.187771 -0.037350 1.311510
v 0.176876 -0.073265 1.311510
v 0.159185 -0.106364 1.311510
v 0.135375 -0.135375 1.311510
v 0.106364 -0.159185 1.311510
v 0.056327 -0.235987 1.311510
v -0.056352 -0.235987 1.311510
v -0.106364 -0.159185 1.311510
v -0.135375 -0.135375 1.311510
v -0.159185 -0.106364 1.311510
v -0.176876 -0.073265 1.311510
v -0.187771 -0.037350 1.311510
v -0.191450 0.000000 1.311510
v -0.187771 0.037350 1.311510
v -0.176876 0.073265 1.311510
v -0.159185 0.106364 1.311510
v -0.135375 0.135375 1.311510
v -0.106364 0.159185 1.311510
v -0.073265 0.176876 1.311510
v -0.037350 0.187771 1.311510
v 0.102917 -0.375070 1.311510
v -0.102917 -0.375070 1.311510
v 0.064863 0.326091 1.311510
v 0.000000 0.332479 1.311510
v 0.127234 0.307171 1.311510
v 0.184715 0.276446 1.311510
v 0.235098 0.235098 1.311510
v 0.276446 0.184715 1.311510
v 0.307171 0.127234 1.311510
v 0.326091 0.064863 1.311510
v 0.332479 0.000000 1.311510
v 0.326091 -0.064863 1.311510
v 0.307171 -0.127234 1.311510
v 0.276446 -0.184715 1.311510
v 0.235098 -0.235098 1.311510
v 0.184715 -0.276446 1.311510
v 0.082472 -0.325712 1.311510
v -0.127234 -0.307171 1.311510
v -0.184715 -0.276446 1.311510
v -0.235098 -0.235098 1.311510
v -0.276446 -0.184715 1.311510
v -0.307171 -0.127234 1.311510
v -0.326091 -0.064863 1.311510
v -0.332479 0.000000 1.311510
v -0.326091 0.064863 1.311510
v -0.307171 0.127234 1.311510
v -0.276446 0.184715 1.311510
v -0.235098 0.235098 1.311510
v -0.184715 0.276446 1.311510
v -0.127234 0.307171 1.311510
v -0.064863 0.326091 1.311510
v 0.127234 -0.307171 1.311510
v -0.082472 -0.325712 1.311510
v 0.037350 -0.187771 1.311510
v 0.073265 -0.176876 1.311510
v 0.000000 -0.191450 1.311510
v -0.037350 -0.187771 1.311510
v -0.073265 -0.176876 1.311510
v 0.000000 -0.332446 1.280209
v 0.000000 0.592754 -1.000000
v 0.000000 0.603801 -0.990969
v 0.000000 0.595700 -0.999558
v 0.000000 0.598534 -0.998275
v 0.000000 0.600978 -0.996277
v 0.000000 0.602793 -0.993760
v 0.117796 0.592200 -0.990969
v 0.115640 0.581364 -1.000000
v 0.117599 0.591211 -0.993760
v 0.117245 0.589431 -0.996277
v 0.116768 0.587034 -0.998275
v 0.116215 0.584254 -0.999558
v 0.231065 0.557840 -0.990969
v 0.226837 0.547633 -1.000000
v 0.230679 0.556908 -0.993760
v 0.229984 0.555232 -0.996277
v 0.229049 0.552974 -0.998275
v 0.227965 0.550355 -0.999558
v 0.335454 0.502042 -0.990969
v 0.329316 0.492857 -1.000000
v 0.334894 0.501204 -0.993760
v 0.333886 0.499695 -0.996277
v 0.332528 0.497663 -0.998275
v 0.330953 0.495307 -0.999558
v 0.426952 0.426952 -0.990969
v 0.419140 0.419140 -1.000000
v 0.426239 0.426239 -0.993760
v 0.424956 0.424956 -0.996277
v 0.423228 0.423228 -0.998275
v 0.421224 0.421224 -0.999558
v 0.502042 0.335454 -0.990969
v 0.492857 0.329316 -1.000000
v 0.501204 0.334894 -0.993760
v 0.499695 0.333886 -0.996277
v 0.497663 0.332528 -0.998275
v 0.495307 0.330953 -0.999558
v 0.557840 0.231065 -0.990969
v 0.547633 0.226837 -1.000000
v 0.556908 0.230679 -0.993760
v 0.555232 0.229984 -0.996277
v 0.552974 0.229049 -0.998275
v 0.550355 0.227965 -0.999558
v 0.592200 0.117796 -0.990969
v 0.581364 0.115640 -1.000000
v 0.591211 0.117599 -0.993760
v 0.589431 0.117245 -0.996277
v 0.587034 0.116768 -0.998275
v 0.584254 0.116215 -0.999558
v 0.603801 0.000000 -0.990969
v 0.592754 0.000000 -1.000000
v 0.602793 0.000000 -0.993760
v 0.600978 0.000000 -0.996277
v 0.598534 0.000000 -0.998275
v 0.595700 0.000000 -0.999558
v 0.592200 -0.117796 -0.990969
v 0.581364 -0.115640 -1.000000
v 0.591211 -0.117599 -0.993760
v 0.589431 -0.117245 -0.996277
v 0.587034 -0.116768 -0.998275
v 0.584254 -0.116215 -0.999558
v 0.557840 -0.231065 -0.990969
v 0.547633 -0.226837 -1.000000
v 0.556908 -0.230679 -0.993760
v 0.555232 -0.229984 -0.996277
v 0.552974 -0.229049 -0.998275
v 0.550355 -0.227965 -0.999558
v 0.502042 -0.335454 -0.990969
v 0.492857 -0.329316 -1.000000
v 0.501204 -0.334894 -0.993760
v 0.499695 -0.333886 -0.996277
v 0.497663 -0.332528 -0.998275
v 0.495307 -0.330953 -0.999558
v 0.426952 -0.426952 -0.990969
v 0.419140 -0.419140 -1.000000
v 0.426239 -0.426239 -0.993760
v 0.424956 -0.424956 -0.996277
v 0.423228 -0.423228 -0.998275
v 0.421224 -0.421224 -0.999558
v 0.335454 -0.502042 -0.990969
v 0.329316 -0.492857 -1.000000
v 0.334894 -0.501204 -0.993760
v 0.333886 -0.499695 -0.996277
v 0.332528 -0.497663 -0.998275
v 0.330953 -0.495307 -0.999558
v 0.231065 -0.557840 -0.990969
v 0.226837 -0.547633 -1.000000
v 0.230679 -0.556908 -0.993760
v 0.229984 -0.555232 -0.996277
v 0.229049 -0.552974 -0.998275
v 0.227965 -0.550355 -0.999558
v 0.117796 -0.592200 -0.990969
v 0.115640 -0.581364 -1.000000
v 0.117599 -0.591211 -0.993760
v 0.117245 -0.589431 -0.996277
v 0.116768 -0.587034 -0.998275
v 0.116215 -0.584254 -0.999558
v 0.000000 -0.603801 -0.990969
v 0.000000 -0.592754 -1.000000
v 0.000000 -0.602793 -0.993760
v 0.000000 -0.600978 -0.996277
v 0.000000 -0.598534 -0.998275
v 0.000000 -0.595700 -0.999558
v -0.117796 -0.592200 -0.990969
v -0.115640 -0.581364 -1.000000
v -0.117599 -0.591211 -0.993760
v -0.117245 -0.589431 -0.996277
v -0.116768 -0.587034 -0.998275
v -0.116215 -0.584254 -0.999558
v -0.231065 -0.557840 -0.990969
v -0.226837 -0.547633 -1.000000
v -0.230679 -0.556908 -0.993760
v -0.229984 -0.555232 -0.996277
v -0.229049 -0.552974 -0.998275
v -0.227965 -0.550355 -0.999558
v -0.335454 -0.502042 -0.990969
v -0.329316 -0.492857 -1.000000
v -0.334894 -0.501204 -0.993760
v -0.333886 -0.499695 -0.996277
v -0.332528 -0.497663 -0.998275
v -0.330953 -0.495307 -0.999558
v -0.426952 -0.426952 -0.990969
v -0.419140 -0.419140 -1.000000
v -0.426239 -0.426239 -0.993760
v -0.424956 -0.424956 -0.996277
v -0.423228 -0.423228 -0.998275
v -0.421224 -0.421224 -0.999558
v -0.502042 -0.335454 -0.990969
v -0.492857 -0.329316 -1.000000
v -0.501204 -0.334894 -0.993760
v -0.499695 -0.333886 -0.996277
v -0.497663 -0.332528 -0.998275
v -0.495307 -0.330953 -0.999558
v -0.557840 -0.231065 -0.990969
v -0.547633 -0.226837 -1.000000
v -0.556908 -0.230679 -0.993760
v -0.555232 -0.229984 -0.996277
v -0.552974 -0.229049 -0.998275
v -0.550355 -0.227965 -0.999558
v -0.592200 -0.117796 -0.990969
v -0.581364 -0.115640 -1.000000
v -0.591211 -0.117599 -0.993760
v -0.589431 -0.117245 -0.996277
v -0.587034 -0.116768 -0.998275
v -0.584254 -0.116215 -0.999558
v -0.603801 0.000000 -0.990969
v -0.592754 0.000000 -1.000000
v -0.602793 0.000000 -0.993760
v -0.600978 0.000000 -0.996277
v -0.598534 0.000000 -0.998275
v -0.595700 0.000000 -0.999558
v -0.592200 0.117796 -0.990969
v -0.581364 0.115640 -1.000000
v -0.591211 0.117599 -0.993760
v -0.589431 0.117245 -0.996277
v -0.587034 0.116768 -0.998275
v -0.584254 0.116215 -0.999558
v -0.557840 0.231065 -0.990969
v -0.547633 0.226837 -1.000000
v -0.556908 0.230679 -0.993760
v -0.555232 0.229984 -0.996277
v -0.552974 0.229049 -0.998275
v -0.550355 0.227965 -0.999558
v -0.502042 0.335454 -0.990969
v -0.492857 0.329316 -1.000000
v -0.501204 0.334894 -0.993760
v -0.499695 0.333886 -0.996277
v -0.497663 0.332528 -0.998275
v -0.495307 0.330953 -0.999558
v -0.426952 0.426952 -0.990969
v -0.419140 0.419140 -1.000000
v -0.426239 0.426239 -0.993760
v -0.424956 0.424956 -0.996277
v -0.423228 0.423228 -0.998275
v -0.421224 0.421224 -0.999558
v -0.335454 0.502042 -0.990969
v -0.329316 0.492857 -1.000000
v -0.334894 0.501204 -0.993760
v -0.333886 0.499695 -0.996277
v -0.332528 0.497663 -0.998275
v -0.330953 0.495307 -0.999558
v -0.231065 0.557840 -0.990969
v -0.226837 0.547633 -1.000000
v -0.230679 0.556908 -0.993760
v -0.229984 0.555232 -0.996277
v -0.229049 0.552974 -0.998275
v -0.227965 0.550355 -0.999558
v -0.117796 0.592200 -0.990969
v -0.115640 0.581364 -1.000000
v -0.117599 0.591211 -0.993760
v -0.117245 0.589431 -0.996277
v -0.116768 0.587034 -0.998275
v -0.116215 0.584254 -0.999558
v 0.000000 0.535624 -1.009206
v 0.000000 0.544874 -1.000000
v 0.000000 0.536077 -1.006361
v 0.000000 0.537391 -1.003795
v 0.000000 0.539437 -1.001758
v 0.000000 0.542016 -1.000451
v 0.106300 0.534405 -1.000000
v 0.104495 0.525332 -1.009206
v 0.105742 0.531601 -1.000451
v 0.105239 0.529072 -1.001758
v 0.104840 0.527065 -1.003795
v 0.104583 0.525776 -1.006361
v 0.208514 0.503398 -1.000000
v 0.204974 0.494852 -1.009206
v 0.207420 0.500757 -1.000451
v 0.206434 0.498375 -1.001758
v 0.205650 0.496484 -1.003795
v 0.205148 0.495270 -1.006361
v 0.302716 0.453047 -1.000000
v 0.297577 0.445355 -1.009206
v 0.301128 0.450670 -1.000451
v 0.299695 0.448525 -1.001758
v 0.298558 0.446824 -1.003795
v 0.297828 0.445731 -1.006361
v 0.385284 0.385284 -1.000000
v 0.378743 0.378743 -1.009206
v 0.383263 0.383263 -1.000451
v 0.381440 0.381440 -1.001758
v 0.379992 0.379993 -1.003795
v 0.379063 0.379063 -1.006361
v 0.453047 0.302716 -1.000000
v 0.445355 0.297577 -1.009206
v 0.450670 0.301128 -1.000451
v 0.448525 0.299695 -1.001758
v 0.446824 0.298558 -1.003795
v 0.445731 0.297828 -1.006361
v 0.503398 0.208514 -1.000000
v 0.494852 0.204974 -1.009206
v 0.500757 0.207420 -1.000451
v 0.498375 0.206434 -1.001758
v 0.496484 0.205650 -1.003795
v 0.495270 0.205148 -1.006361
v 0.534405 0.106300 -1.000000
v 0.525332 0.104495 -1.009206
v 0.531601 0.105742 -1.000451
v 0.529072 0.105239 -1.001758
v 0.527065 0.104840 -1.003795
v 0.525776 0.104583 -1.006361
v 0.544874 0.000000 -1.000000
v 0.535624 0.000000 -1.009206
v 0.542016 0.000000 -1.000451
v 0.539437 0.000000 -1.001758
v 0.537391 0.000000 -1.003795
v 0.536077 0.000000 -1.006361
v 0.534405 -0.106300 -1.000000
v 0.525332 -0.104495 -1.009206
v 0.531601 -0.105742 -1.000451
v 0.529072 -0.105239 -1.001758
v 0.527065 -0.104840 -1.003795
v 0.525776 -0.104583 -1.006361
v 0.503398 -0.208514 -1.000000
v 0.494852 -0.204974 -1.009206
v 0.500757 -0.207420 -1.000451
v 0.498375 -0.206434 -1.001758
v 0.496484 -0.205650 -1.003795
v 0.495270 -0.205148 -1.006361
v 0.453047 -0.302716 -1.000000
v 0.445355 -0.297577 -1.009206
v 0.450670 -0.301128 -1.000451
v 0.448525 -0.299695 -1.001758
v 0.446824 -0.298558 -1.003795
v 0.445731 -0.297828 -1.006361
v 0.385284 -0.385284 -1.000000
v 0.378743 -0.378743 -1.009206
v 0.383263 -0.383263 -1.000451
v 0.381440 -0.381440 -1.001758
v 0.379992 -0.379992 -1.003795
v 0.379063 -0.379063 -1.006361
v 0.302716 -0.453046 -1.000000
v 0.297577 -0.445355 -1.009206
v 0.301128 -0.450670 -1.000451
v 0.299695 -0.448525 -1.001758
v 0.298558 -0.446824 -1.003795
v 0.297828 -0.445731 -1.006361
v 0.208514 -0.503398 -1.000000
v 0.204974 -0.494852 -1.009206
v 0.207420 -0.500757 -1.000451
v 0.206434 -0.498375 -1.001758
v 0.205650 -0.496484 -1.003795
v 0.205148 -0.495270 -1.006361
v 0.106300 -0.534405 -1.000000
v 0.104495 -0.525332 -1.009206
v 0.105742 -0.531601 -1.000451
v 0.105239 -0.529072 -1.001758
v 0.104840 -0.527065 -1.003795
v 0.104583 -0.525776 -1.006361
v 0.000000 -0.544874 -1.000000
v 0.000000 -0.535624 -1.009206
v 0.000000 -0.542016 -1.000451
v 0.000000 -0.539437 -1.001758
v 0.000000 -0.537391 -1.003795
v 0.000000 -0.536077 -1.006361
v -0.106300 -0.534405 -1.000000
v -0.104495 -0.525332 -1.009206
v -0.105742 -0.531601 -1.000451
v -0.105239 -0.529072 -1.001758
v -0.104840 -0.527065 -1.003795
v -0.104583 -0.525776 -1.006361
v -0.208514 -0.503398 -1.000000
v -0.204974 -0.494852 -1.009206
v -0.207420 -0.500757 -1.000451
v -0.206434 -0.498375 -1.001758
v -0.205650 -0.496484 -1.003795
v -0.205148 -0.495270 -1.006361
v -0.302716 -0.453046 -1.000000
v -0.297577 -0.445355 -1.009206
v -0.301128 -0.450670 -1.000451
v -0.299695 -0.448525 -1.001758
v -0.298558 -0.446824 -1.003795
v -0.297828 -0.445731 -1.006361
v -0.385284 -0.385284 -1.000000
v -0.378743 -0.378743 -1.009206
v -0.383263 -0.383263 -1.000451
v -0.381440 -0.381440 -1.001758
v -0.379992 -0.379992 -1.003795
v -0.379063 -0.379063 -1.006361
v -0.453047 -0.302716 -1.000000
v -0.445355 -0.297577 -1.009206
v -0.450670 -0.301128 -1.000451
v -0.448525 -0.299695 -1.001758
v -0.446824 -0.298558 -1.003795
v -0.445731 -0.297828 -1.006361
v -0.503398 -0.208514 -1.000000
v -0.494852 -0.204974 -1.009206
v -0.500757 -0.207420 -1.000451
v -0.498375 -0.206434 -1.001758
v -0.496484 -0.205650 -1.003795
v -0.495270 -0.205148 -1.006361
v -0.534405 -0.106300 -1.000000
v -0.525332 -0.104495 -1.009206
v -0.531601 -0.105742 -1.000451
v -0.529072 -0.105239 -1.001758
v -0.527065 -0.104840 -1.003795
v -0.525776 -0.104583 -1.006361
v -0.544874 0.000000 -1.000000
v -0.535624 0.000000 -1.009206
v -0.542016 0.000000 -1.000451
v -0.539437 0.000000 -1.001758
v -0.537391 0.000000 -1.003795
v -0.536077 0.000000 -1.006361
v -0.534405 0.106300 -1.000000
v -0.525332 0.104495 -1.009206
v -0.531601 0.105742 -1.000451
v -0.529072 0.105239 -1.001758
v -0.527065 0.104840 -1.003795
v -0.525776 0.104583 -1.006361
v -0.503398 0.208514 -1.000000
v -0.494852 0.204974 -1.009206
v -0.500757 0.207420 -1.000451
v -0.498375 0.206434 -1.001758
v -0.496484 0.205650 -1.003795
v -0.495270 0.205148 -1.006361
v -0.453047 0.302716 -1.000000
v -0.445355 0.297577 -1.009206
v -0.450670 0.301128 -1.000451
v -0.448525 0.299695 -1.001758
v -0.446824 0.298558 -1.003795
v -0.445731 0.297828 -1.006361
v -0.385284 0.385284 -1.000000
v -0.378743 0.378743 -1.009206
v -0.383263 0.383263 -1.000451
v -0.381440 0.381440 -1.001758
v -0.379992 0.379993 -1.003795
v -0.379063 0.379063 -1.006361
v -0.302716 0.453047 -1.000000
v -0.297577 0.445355 -1.009206
v -0.301128 0.450670 -1.000451
v -0.299695 0.448525 -1.001758
v -0.298558 0.446824 -1.003795
v -0.297828 0.445731 -1.006361
v -0.208514 0.503398 -1.000000
v -0.204974 0.494852 -1.009206
v -0.207420 0.500757 -1.000451
v -0.206434 0.498375 -1.001758
v -0.205650 0.496484 -1.003795
v -0.205148 0.495270 -1.006361
v -0.106300 0.534405 -1.000000
v -0.104495 0.525332 -1.009206
v -0.105742 0.531601 -1.000451
v -0.105239 0.529072 -1.001758
v -0.104840 0.527065 -1.003795
v -0.104583 0.525776 -1.006361
v -0.000000 0.526373 -1.089662
v -0.000000 0.535624 -1.080456
v -0.000000 0.529232 -1.089211
v -0.000000 0.531810 -1.087904
v -0.000000 0.533857 -1.085867
v -0.000000 0.535171 -1.083301
v 0.104495 0.525332 -1.080456
v 0.102690 0.516259 -1.089662
v 0.104407 0.524888 -1.083301
v 0.104150 0.523599 -1.085867
v 0.103751 0.521592 -1.087904
v 0.103248 0.519063 -1.089211
v 0.204974 0.494852 -1.080456
v 0.201434 0.486305 -1.089662
v 0.204801 0.494433 -1.083301
v 0.204298 0.493220 -1.085867
v 0.203515 0.491329 -1.087904
v 0.202528 0.488946 -1.089211
v 0.297577 0.445355 -1.080456
v 0.292437 0.437663 -1.089662
v 0.297325 0.444978 -1.083301
v 0.296595 0.443886 -1.085867
v 0.295458 0.442184 -1.087904
v 0.294025 0.440040 -1.089211
v 0.378743 0.378743 -1.080456
v 0.372202 0.372202 -1.089662
v 0.378423 0.378423 -1.083301
v 0.377494 0.377494 -1.085867
v 0.376047 0.376047 -1.087904
v 0.374223 0.374223 -1.089211
v 0.445355 0.297577 -1.080456
v 0.437663 0.292437 -1.089662
v 0.444978 0.297325 -1.083301
v 0.443886 0.296595 -1.085867
v 0.442184 0.295458 -1.087904
v 0.440040 0.294025 -1.089211
v 0.494852 0.204974 -1.080456
v 0.486305 0.201434 -1.089662
v 0.494433 0.204801 -1.083301
v 0.493220 0.204298 -1.085867
v 0.491329 0.203515 -1.087904
v 0.488946 0.202528 -1.089211
v 0.525332 0.104495 -1.080456
v 0.516259 0.102690 -1.089662
v 0.524888 0.104407 -1.083301
v 0.523599 0.104150 -1.085867
v 0.521592 0.103751 -1.087904
v 0.519063 0.103248 -1.089211
v 0.535624 0.000000 -1.080456
v 0.526373 0.000000 -1.089662
v 0.535171 0.000000 -1.083301
v 0.533857 0.000000 -1.085867
v 0.531810 0.000000 -1.087904
v 0.529232 0.000000 -1.089211
v 0.525332 -0.104495 -1.080456
v 0.516259 -0.102690 -1.089662
v 0.524888 -0.104407 -1.083301
v 0.523599 -0.104150 -1.085867
v 0.521592 -0.103751 -1.087904
v 0.519063 -0.103248 -1.089211
v 0.494852 -0.204974 -1.080456
v 0.486305 -0.201434 -1.089662
v 0.494433 -0.204801 -1.083301
v 0.493220 -0.204298 -1.085867
v 0.491329 -0.203515 -1.087904
v 0.488946 -0.202528 -1.089211
v 0.445355 -0.297577 -1.080456
v 0.437663 -0.292437 -1.089662
v 0.444978 -0.297325 -1.083301
v 0.443886 -0.296595 -1.085867
v 0.442184 -0.295458 -1.087904
v 0.440040 -0.294025 -1.089211
v 0.378743 -0.378743 -1.080456
v 0.372202 -0.372202 -1.089662
v 0.378423 -0.378423 -1.083301
v 0.377494 -0.377494 -1.085867
v 0.376047 -0.376047 -1.087904
v 0.374223 -0.374223 -1.089211
v 0.297577 -0.445355 -1.080456
v 0.292437 -0.437663 -1.089662
v 0.297325 -0.444978 -1.083301
v 0.296595 -0.443886 -1.085867
v 0.295458 -0.442184 -1.087904
v 0.294025 -0.440040 -1.089211
v 0.204974 -0.494852 -1.080456
v 0.201434 -0.486305 -1.089662
v 0.204801 -0.494433 -1.083301
v 0.204298 -0.493220 -1.085867
v 0.203515 -0.491329 -1.087904
v 0.202528 -0.488946 -1.089211
v 0.104495 -0.525332 -1.080456
v 0.102690 -0.516259 -1.089662
v 0.104407 -0.524888 -1.083301
v 0.104150 -0.523599 -1.085867
v 0.103751 -0.521592 -1.087904
v 0.103248 -0.519063 -1.089211
v -0.000000 -0.535624 -1.080456
v -0.000000 -0.526373 -1.089662
v -0.000000 -0.535171 -1.083301
v -0.000000 -0.533857 -1.085867
v -0.000000 -0.531810 -1.087904
v -0.000000 -0.529232 -1.089211
v -0.104495 -0.525332 -1.080456
v -0.102690 -0.516259 -1.089662
v -0.104407 -0.524888 -1.083301
v -0.104150 -0.523599 -1.085867
v -0.103751 -0.521592 -1.087904
v -0.103248 -0.519063 -1.089211
v -0.204974 -0.494852 -1.080456
v -0.201434 -0.486305 -1.089662
v -0.204801 -0.494433 -1.083301
v -0.204298 -0.493220 -1.085867
v -0.203515 -0.491329 -1.087904
v -0.202528 -0.488946 -1.089211
v -0.297577 -0.445355 -1.080456
v -0.292437 -0.437663 -1.089662
v -0.297325 -0.444978 -1.083301
v -0.296595 -0.443886 -1.085867
v -0.295458 -0.442184 -1.087904
v -0.294025 -0.440040 -1.089211
v -0.378743 -0.378743 -1.080456
v -0.372202 -0.372202 -1.089662
v -0.378423 -0.378423 -1.083301
v -0.377494 -0.377494 -1.085867
v -0.376047 -0.376047 -1.087904
v -0.374223 -0.374223 -1.089211
v -0.445355 -0.297577 -1.080456
v -0.437663 -0.292437 -1.089662
v -0.444978 -0.297325 -1.083301
v -0.443886 -0.296595 -1.085867
v -0.442184 -0.295458 -1.087904
v -0.440040 -0.294025 -1.089211
v -0.494852 -0.204974 -1.080456
v -0.486305 -0.201434 -1.089662
v -0.494433 -0.204801 -1.083301
v -0.493220 -0.204298 -1.085867
v -0.491329 -0.203515 -1.087904
v -0.488946 -0.202528 -1.089211
v -0.525332 -0.104495 -1.080456
v -0.516259 -0.102690 -1.089662
v -0.524888 -0.104407 -1.083301
v -0.523599 -0.104150 -1.085867
v -0.521592 -0.103751 -1.087904
v -0.519063 -0.103248 -1.089211
v -0.535624 0.000000 -1.080456
v -0.526373 0.000000 -1.089662
v -0.535171 0.000000 -1.083301
v -0.533857 0.000000 -1.085867
v -0.531810 0.000000 -1.087904
v -0.529232 0.000000 -1.089211
v -0.525332 0.104495 -1.080456
v -0.516259 0.102690 -1.089662
v -0.524888 0.104407 -1.083301
v -0.523599 0.104150 -1.085867
v -0.521592 0.103751 -1.087904
v -0.519063 0.103248 -1.089211
v -0.494852 0.204974 -1.080456
v -0.486305 0.201434 -1.089662
v -0.494433 0.204801 -1.083301
v -0.493220 0.204298 -1.085867
v -0.491329 0.203515 -1.087904
v -0.488946 0.202528 -1.089211
v -0.445355 0.297577 -1.080456
v -0.437663 0.292437 -1.089662
v -0.444978 0.297325 -1.083301
v -0.443886 0.296595 -1.085867
v -0.442184 0.295458 -1.087904
v -0.440040 0.294025 -1.089211
v -0.378743 0.378743 -1.080456
v -0.372202 0.372202 -1.089662
v -0.378423 0.378423 -1.083301
v -0.377494 0.377494 -1.085867
v -0.376047 0.376047 -1.087904
v -0.374223 0.374223 -1.089211
v -0.297577 0.445355 -1.080456
v -0.292437 0.437663 -1.089662
v -0.297325 0.444978 -1.083301
v -0.296595 0.443886 -1.085867
v -0.295458 0.442184 -1.087904
v -0.294025 0.440040 -1.089211
v -0.204974 0.494852 -1.080456
v -0.201434 0.486305 -1.089662
v -0.204801 0.494433 -1.083301
v -0.204298 0.493220 -1.085867
v -0.203515 0.491329 -1.087904
v -0.202528 0.488946 -1.089211
v -0.104495 0.525332 -1.080456
v -0.102690 0.516259 -1.089662
v -0.104407 0.524888 -1.083301
v -0.104150 0.523599 -1.085867
v -0.103751 0.521592 -1.087904
v -0.103248 0.519063 -1.089211
v -0.000000 1.028429 0.963332
v -0.000000 1.041718 0.955049
v -0.000000 1.031486 0.962927
v -0.000000 1.034638 0.961750
v -0.000000 1.037578 0.959918
v -0.000000 1.040018 0.957609
v 0.203229 1.021701 0.955049
v 0.200637 1.008668 0.963332
v 0.202897 1.020034 0.957609
v 0.202421 1.017641 0.959918
v 0.201848 1.014758 0.961750
v 0.201233 1.011666 0.962927
v 0.398648 0.962422 0.955049
v 0.393563 0.950145 0.963332
v 0.397997 0.960851 0.957609
v 0.397064 0.958597 0.959918
v 0.395939 0.955881 0.961750
v 0.394733 0.952968 0.962927
v 0.578748 0.866157 0.955049
v 0.571365 0.855108 0.963332
v 0.577803 0.864743 0.957609
v 0.576447 0.862714 0.959918
v 0.574814 0.860270 0.961750
v 0.573063 0.857649 0.962927
v 0.736606 0.736606 0.955049
v 0.727209 0.727209 0.963332
v 0.735403 0.735403 0.957609
v 0.733678 0.733678 0.959918
v 0.731600 0.731600 0.961750
v 0.729370 0.729370 0.962927
v 0.866157 0.578748 0.955049
v 0.855108 0.571365 0.963332
v 0.864743 0.577803 0.957609
v 0.862714 0.576447 0.959918
v 0.860270 0.574814 0.961750
v 0.857649 0.573063 0.962927
v 0.962422 0.398648 0.955049
v 0.950145 0.393563 0.963332
v 0.960851 0.397997 0.957609
v 0.958597 0.397064 0.959918
v 0.955881 0.395939 0.961750
v 0.952968 0.394733 0.962927
v 1.021701 0.203229 0.955049
v 1.008668 0.200637 0.963332
v 1.020034 0.202897 0.957609
v 1.017641 0.202421 0.959918
v 1.014758 0.201848 0.961750
v 1.011666 0.201233 0.962927
v 1.041718 -0.000000 0.955049
v 1.028429 -0.000000 0.963332
v 1.040018 -0.000000 0.957609
v 1.037578 -0.000000 0.959918
v 1.034638 -0.000000 0.961750
v 1.031486 -0.000000 0.962927
v 1.021701 -0.203229 0.955049
v 1.008668 -0.200637 0.963332
v 1.020034 -0.202897 0.957609
v 1.017641 -0.202421 0.959918
v 1.014758 -0.201848 0.961750
v 1.011666 -0.201233 0.962927
v 0.962422 -0.398648 0.955049
v 0.950145 -0.393563 0.963332
v 0.960851 -0.397997 0.957609
v 0.958597 -0.397064 0.959918
v 0.955881 -0.395939 0.961750
v 0.952968 -0.394732 0.962927
v 0.866157 -0.578748 0.955049
v 0.855108 -0.571365 0.963332
v 0.864743 -0.577803 0.957609
v 0.862714 -0.576447 0.959918
v 0.860270 -0.574814 0.961750
v 0.857649 -0.573063 0.962927
v 0.736606 -0.736606 0.955049
v 0.727209 -0.727209 0.963332
v 0.735403 -0.735403 0.957609
v 0.733678 -0.733678 0.959918
v 0.731600 -0.731600 0.961750
v 0.729370 -0.729370 0.962927
v 0.578748 -0.866157 0.955049
v 0.571365 -0.855108 0.963332
v 0.577803 -0.864743 0.957609
v 0.576447 -0.862714 0.959918
v 0.574814 -0.860270 0.961750
v 0.573063 -0.857649 0.962927
v 0.398648 -0.962422 0.955049
v 0.393563 -0.950145 0.963332
v 0.397997 -0.960851 0.957609
v 0.397064 -0.958597 0.959918
v 0.395939 -0.955881 0.961750
v 0.394733 -0.952968 0.962927
v 0.203229 -1.021701 0.955049
v 0.200637 -1.008668 0.963332
v 0.202897 -1.020034 0.957609
v 0.202421 -1.017641 0.959918
v 0.201848 -1.014758 0.961750
v 0.201233 -1.011666 0.962927
v -0.000000 -1.041718 0.955049
v -0.000000 -1.028429 0.963332
v -0.000000 -1.040018 0.957609
v -0.000000 -1.037578 0.959918
v -0.000000 -1.034638 0.961750
v -0.000000 -1.031486 0.962927
v -0.203229 -1.021701 0.955049
v -0.200637 -1.008668 0.963332
v -0.202897 -1.020034 0.957609
v -0.202421 -1.017641 0.959918
v -0.201848 -1.014758 0.961750
v -0.201233 -1.011666 0.962927
v -0.398648 -0.962422 0.955049
v -0.393563 -0.950145 0.963332
v -0.397997 -0.960851 0.957609
v -0.397064 -0.958597 0.959918
v -0.395939 -0.955881 0.961750
v -0.394733 -0.952968 0.962927
v -0.578748 -0.866157 0.955049
v -0.571365 -0.855108 0.963332
v -0.577803 -0.864743 0.957609
v -0.576447 -0.862714 0.959918
v -0.574814 -0.860270 0.961750
v -0.573063 -0.857649 0.962927
v -0.736606 -0.736606 0.955049
v -0.727209 -0.727209 0.963332
v -0.735403 -0.735403 0.957609
v -0.733678 -0.733678 0.959918
v -0.731600 -0.731600 0.961750
v -0.729370 -0.729370 0.962927
v -0.866157 -0.578748 0.955049
v -0.855108 -0.571365 0.963332
v -0.864743 -0.577803 0.957609
v -0.862714 -0.576447 0.959918
v -0.860270 -0.574814 0.961750
v -0.857649 -0.573063 0.962927
v -0.962422 -0.398648 0.955049
v -0.950145 -0.393563 0.963332
v -0.960851 -0.397997 0.957609
v -0.958597 -0.397064 0.959918
v -0.955881 -0.395939 0.961750
v -0.952968 -0.394732 0.962927
v -1.021702 -0.203229 0.955049
v -1.008668 -0.200637 0.963332
v -1.020034 -0.202897 0.957609
v -1.017641 -0.202421 0.959918
v -1.014758 -0.201848 0.961750
v -1.011666 -0.201233 0.962927
v -1.041718 -0.000000 0.955049
v -1.028429 -0.000000 0.963332
v -1.040018 -0.000000 0.957609
v -1.037578 -0.000000 0.959918
v -1.034638 -0.000000 0.961750
v -1.031486 -0.000000 0.962927
v -1.021701 0.203229 0.955049
v -1.008668 0.200637 0.963332
v -1.020034 0.202897 0.957609
v -1.017641 0.202421 0.959918
v -1.014758 0.201848 0.961750
v -1.011666 0.201233 0.962927
v -0.962422 0.398648 0.955049
v -0.950145 0.393563 0.963332
v -0.960851 0.397997 0.957609
v -0.958597 0.397064 0.959918
v -0.955881 0.395939 0.961750
v -0.952968 0.394733 0.962927
v -0.866157 0.578748 0.955049
v -0.855108 0.571365 0.963332
v -0.864743 0.577803 0.957609
v -0.862714 0.576447 0.959918
v -0.860270 0.574814 0.961750
v -0.857649 0.573063 0.962927
v -0.736606 0.736606 0.955049
v -0.727209 0.727209 0.963332
v -0.735403 0.735403 0.957609
v -0.733678 0.733678 0.959918
v -0.731600 0.731600 0.961750
v -0.729370 0.729370 0.962927
v -0.578748 0.866157 0.955049
v -0.571365 0.855108 0.963332
v -0.577803 0.864743 0.957609
v -0.576447 0.862714 0.959918
v -0.574814 0.860270 0.961750
v -0.573063 0.857649 0.962927
v -0.398648 0.962422 0.955049
v -0.393563 0.950145 0.963332
v -0.397997 0.960851 0.957609
v -0.397064 0.958597 0.959918
v -0.395939 0.955881 0.961750
v -0.394733 0.952968 0.962927
v -0.203229 1.021701 0.955049
v -0.200637 1.008668 0.963332
v -0.202897 1.020034 0.957609
v -0.202421 1.017641 0.959918
v -0.201848 1.014758 0.961750
v -0.201233 1.011666 0.962927
v 0.217512 1.093506 0.883313
v 0.218713 1.099542 0.876440
v 0.218713 1.099542 0.876440
v 0.217752 1.094713 0.881939
v 0.217992 1.095921 0.880564
v 0.217752 1.094713 0.881939
v 0.217967 1.095793 0.880710
v 0.218171 1.096822 0.879538
v 0.217992 1.095921 0.880564
v 0.218171 1.096822 0.879538
v 0.218319 1.097562 0.878695
v 0.218713 1.099542 0.876440
v 0.218713 1.099542 0.876440
v 0.218472 1.098335 0.877815
v 0.218472 1.098335 0.877815
v 0.218496 1.098456 0.877678
v 0.218232 1.097128 0.879190
v 0.218232 1.097128 0.879190
v 0.218278 1.097356 0.878930
v 0.218472 1.098335 0.877815
v 0.218232 1.097128 0.879190
v 0.218713 1.099542 0.876440
v 0.218472 1.098335 0.877815
v 0.218232 1.097128 0.879190
v 0.218713 1.099542 0.876440
v 0.218475 1.098348 0.877800
v 0.218237 1.097153 0.879161
v -0.000000 1.121084 0.876440
v -0.000000 1.121084 0.876440
v -0.000000 1.114929 0.883313
v -0.000000 1.121084 0.876440
v -0.000000 1.121084 0.876440
v -0.000000 1.120783 0.876777
v -0.000000 1.120783 0.876777
v -0.000000 1.120783 0.876777
v -0.000000 1.119908 0.877753
v -0.000000 1.119908 0.877753
v -0.000000 1.119908 0.877753
v -0.000000 1.119853 0.877815
v -0.000000 1.118622 0.879190
v -0.000000 1.121084 0.876440
v -0.000000 1.120755 0.876807
v -0.000000 1.119894 0.877770
v -0.000000 1.121084 0.876440
v -0.000000 1.120755 0.876807
v -0.000000 1.119894 0.877770
v -0.000000 1.116831 0.881190
v 0.000000 1.118547 0.879274
v -0.000000 1.116160 0.881939
v 0.000000 1.117670 0.880253
v 0.000000 1.119005 0.878762
v -0.000000 1.117391 0.880564
v 0.000000 1.118502 0.879324
v 0.000000 1.119409 0.878310
v 0.426665 1.030060 0.883313
v 0.429020 1.035746 0.876440
v 0.429020 1.035746 0.876440
v 0.427136 1.031198 0.881939
v 0.427607 1.032335 0.880564
v 0.427136 1.031198 0.881939
v 0.427557 1.032214 0.880710
v 0.427959 1.033184 0.879538
v 0.427607 1.032335 0.880564
v 0.427959 1.033184 0.879538
v 0.428248 1.033881 0.878695
v 0.429020 1.035746 0.876440
v 0.429020 1.035746 0.876440
v 0.428549 1.034609 0.877815
v 0.428549 1.034609 0.877815
v 0.428593 1.034716 0.877686
v 0.428078 1.033472 0.879190
v 0.428078 1.033472 0.879190
v 0.428162 1.033674 0.878945
v 0.428549 1.034609 0.877815
v 0.428078 1.033472 0.879190
v 0.429020 1.035746 0.876440
v 0.428549 1.034609 0.877815
v 0.428078 1.033472 0.879190
v 0.429020 1.035746 0.876440
v 0.428549 1.034609 0.877815
v 0.428078 1.033472 0.879190
v 0.619422 0.927030 0.883313
v 0.622841 0.932147 0.876440
v 0.622841 0.932147 0.876440
v 0.620106 0.928053 0.881939
v 0.620789 0.929077 0.880564
v 0.620106 0.928053 0.881939
v 0.620717 0.928968 0.880710
v 0.621300 0.929841 0.879538
v 0.620789 0.929077 0.880564
v 0.621300 0.929841 0.879538
v 0.621719 0.930468 0.878695
v 0.622841 0.932147 0.876440
v 0.622841 0.932147 0.876440
v 0.622157 0.931124 0.877815
v 0.622157 0.931124 0.877815
v 0.622157 0.931124 0.877815
v 0.621473 0.930100 0.879190
v 0.621473 0.930100 0.879190
v 0.621473 0.930100 0.879190
v 0.622157 0.931124 0.877815
v 0.621473 0.930100 0.879190
v 0.622841 0.932147 0.876440
v 0.622157 0.931124 0.877815
v 0.621473 0.930100 0.879190
v 0.622841 0.932147 0.876440
v 0.622157 0.931124 0.877815
v 0.621473 0.930100 0.879190
v 0.788374 0.788374 0.883313
v 0.792726 0.792726 0.876440
v 0.792726 0.792726 0.876440
v 0.789244 0.789244 0.881939
v 0.790115 0.790115 0.880564
v 0.789244 0.789244 0.881939
v 0.790023 0.790023 0.880710
v 0.790765 0.790765 0.879538
v 0.790115 0.790115 0.880564
v 0.790765 0.790765 0.879538
v 0.791298 0.791298 0.878695
v 0.792726 0.792726 0.876440
v 0.792726 0.792726 0.876440
v 0.791856 0.791856 0.877815
v 0.791856 0.791856 0.877815
v 0.791937 0.791937 0.877686
v 0.790985 0.790985 0.879190
v 0.790985 0.790985 0.879190
v 0.791140 0.791140 0.878945
v 0.791856 0.791856 0.877815
v 0.790985 0.790985 0.879190
v 0.792726 0.792726 0.876440
v 0.791856 0.791856 0.877815
v 0.790985 0.790985 0.879190
v 0.792726 0.792726 0.876440
v 0.791856 0.791856 0.877815
v 0.790985 0.790985 0.879190
v 0.927030 0.619422 0.883313
v 0.932147 0.622841 0.876440
v 0.932147 0.622841 0.876440
v 0.928053 0.620106 0.881939
v 0.929077 0.620789 0.880564
v 0.928053 0.620106 0.881939
v 0.928968 0.620717 0.880710
v 0.929841 0.621300 0.879538
v 0.929077 0.620789 0.880564
v 0.929841 0.621300 0.879538
v 0.930468 0.621719 0.878695
v 0.932147 0.622841 0.876440
v 0.932147 0.622841 0.876440
v 0.931124 0.622157 0.877815
v 0.931124 0.622157 0.877815
v 0.931124 0.622157 0.877815
v 0.930100 0.621473 0.879190
v 0.930100 0.621473 0.879190
v 0.930100 0.621473 0.879190
v 0.931124 0.622157 0.877815
v 0.930100 0.621473 0.879190
v 0.932147 0.622841 0.876440
v 0.931124 0.622157 0.877815
v 0.930100 0.621473 0.879190
v 0.932147 0.622841 0.876440
v 0.931124 0.622157 0.877815
v 0.930100 0.621473 0.879190
v 1.030060 0.426665 0.883313
v 1.035746 0.429020 0.876440
v 1.035746 0.429020 0.876440
v 1.031198 0.427136 0.881939
v 1.032335 0.427607 0.880564
v 1.031198 0.427136 0.881939
v 1.032214 0.427557 0.880710
v 1.033184 0.427959 0.879538
v 1.032335 0.427607 0.880564
v 1.033184 0.427959 0.879538
v 1.033881 0.428248 0.878695
v 1.035746 0.429020 0.876440
v 1.035746 0.429020 0.876440
v 1.034609 0.428549 0.877815
v 1.034609 0.428549 0.877815
v 1.034716 0.428594 0.877686
v 1.033472 0.428078 0.879190
v 1.033472 0.428078 0.879190
v 1.033674 0.428162 0.878946
v 1.034609 0.428549 0.877815
v 1.033472 0.428078 0.879190
v 1.035746 0.429020 0.876440
v 1.034609 0.428549 0.877815
v 1.033472 0.428078 0.879190
v 1.035746 0.429020 0.876440
v 1.034609 0.428549 0.877815
v 1.033472 0.428078 0.879190
v 1.093506 0.217512 0.883313
v 1.099542 0.218713 0.876440
v 1.099542 0.218713 0.876440
v 1.094713 0.217752 0.881939
v 1.095921 0.217992 0.880564
v 1.094713 0.217752 0.881939
v 1.095793 0.217967 0.880710
v 1.096822 0.218171 0.879538
v 1.095921 0.217992 0.880564
v 1.096822 0.218171 0.879538
v 1.097562 0.218319 0.878695
v 1.099542 0.218713 0.876440
v 1.099542 0.218713 0.876440
v 1.098335 0.218472 0.877815
v 1.098335 0.218472 0.877815
v 1.098449 0.218495 0.877686
v 1.097128 0.218232 0.879190
v 1.097128 0.218232 0.879190
v 1.097342 0.218275 0.878945
v 1.098335 0.218472 0.877815
v 1.097128 0.218232 0.879190
v 1.099542 0.218713 0.876440
v 1.098335 0.218472 0.877815
v 1.097128 0.218232 0.879190
v 1.099542 0.218713 0.876440
v 1.098335 0.218472 0.877815
v 1.097128 0.218232 0.879190
v 1.114929 -0.000000 0.883313
v 1.121084 -0.000000 0.876440
v 1.121084 -0.000000 0.876440
v 1.116831 0.000000 0.881190
v 1.118547 -0.000000 0.879274
v 1.116160 -0.000000 0.881939
v 1.117670 -0.000000 0.880253
v 1.119005 -0.000000 0.878762
v 1.117391 -0.000000 0.880564
v 1.118502 -0.000000 0.879324
v 1.119409 -0.000000 0.878310
v 1.121084 -0.000000 0.876440
v 1.121084 -0.000000 0.876440
v 1.120783 0.000000 0.876777
v 1.120783 0.000000 0.876777
v 1.120783 0.000000 0.876777
v 1.119908 0.000000 0.877753
v 1.119908 0.000000 0.877753
v 1.119908 0.000000 0.877753
v 1.119853 -0.000000 0.877815
v 1.118622 -0.000000 0.879190
v 1.121084 -0.000000 0.876440
v 1.120755 0.000000 0.876807
v 1.119894 0.000000 0.877770
v 1.121084 -0.000000 0.876440
v 1.120755 0.000000 0.876807
v 1.119894 0.000000 0.877770
v 1.093506 -0.217512 0.883313
v 1.099542 -0.218713 0.876440
v 1.099542 -0.218713 0.876440
v 1.094713 -0.217752 0.881939
v 1.095921 -0.217992 0.880564
v 1.094713 -0.217752 0.881939
v 1.095793 -0.217967 0.880710
v 1.096822 -0.218171 0.879538
v 1.095921 -0.217992 0.880564
v 1.096822 -0.218171 0.879538
v 1.097562 -0.218319 0.878695
v 1.099542 -0.218713 0.876440
v 1.099542 -0.218713 0.876440
v 1.098335 -0.218472 0.877815
v 1.098335 -0.218472 0.877815
v 1.098449 -0.218495 0.877686
v 1.097128 -0.218232 0.879190
v 1.097128 -0.218232 0.879190
v 1.097342 -0.218275 0.878945
v 1.098335 -0.218472 0.877815
v 1.097128 -0.218232 0.879190
v 1.099542 -0.218713 0.876440
v 1.098335 -0.218472 0.877815
v 1.097128 -0.218232 0.879190
v 1.099542 -0.218713 0.876440
v 1.098335 -0.218472 0.877815
v 1.097128 -0.218232 0.879190
v 1.030060 -0.426665 0.883313
v 1.035746 -0.429020 0.876440
v 1.035746 -0.429020 0.876440
v 1.031198 -0.427136 0.881939
v 1.032335 -0.427607 0.880564
v 1.031198 -0.427136 0.881939
v 1.032214 -0.427557 0.880710
v 1.033184 -0.427959 0.879538
v 1.032335 -0.427607 0.880564
v 1.033184 -0.427959 0.879538
v 1.033881 -0.428248 0.878695
v 1.035746 -0.429020 0.876440
v 1.035746 -0.429020 0.876440
v 1.034609 -0.428549 0.877815
v 1.034609 -0.428549 0.877815
v 1.034716 -0.428593 0.877686
v 1.033472 -0.428078 0.879190
v 1.033472 -0.428078 0.879190
v 1.033674 -0.428162 0.878945
v 1.034609 -0.428549 0.877815
v 1.033472 -0.428078 0.879190
v 1.035746 -0.429020 0.876440
v 1.034609 -0.428549 0.877815
v 1.033472 -0.428078 0.879190
v 1.035746 -0.429020 0.876440
v 1.034609 -0.428549 0.877815
v 1.033472 -0.428078 0.879190
v 0.927030 -0.619422 0.883313
v 0.932147 -0.622841 0.876440
v 0.932147 -0.622841 0.876440
v 0.928053 -0.620106 0.881939
v 0.929077 -0.620789 0.880564
v 0.928053 -0.620106 0.881939
v 0.928968 -0.620717 0.880710
v 0.929841 -0.621300 0.879538
v 0.929077 -0.620789 0.880564
v 0.929841 -0.621300 0.879538
v 0.930468 -0.621719 0.878695
v 0.932147 -0.622841 0.876440
v 0.932147 -0.622841 0.876440
v 0.931124 -0.622157 0.877815
v 0.931124 -0.622157 0.877815
v 0.931124 -0.622157 0.877815
v 0.930100 -0.621473 0.879190
v 0.930100 -0.621473 0.879190
v 0.930100 -0.621473 0.879190
v 0.931124 -0.622157 0.877815
v 0.930100 -0.621473 0.879190
v 0.932147 -0.622841 0.876440
v 0.931124 -0.622157 0.877815
v 0.930100 -0.621473 0.879190
v 0.932147 -0.622841 0.876440
v 0.931124 -0.622157 0.877815
v 0.930100 -0.621473 0.879190
v 0.788374 -0.788374 0.883313
v 0.792726 -0.792726 0.876440
v 0.792726 -0.792726 0.876440
v 0.789244 -0.789244 0.881939
v 0.790115 -0.790115 0.880564
v 0.789244 -0.789244 0.881939
v 0.790023 -0.790023 0.880710
v 0.790765 -0.790765 0.879538
v 0.790115 -0.790115 0.880564
v 0.790765 -0.790765 0.879538
v 0.791298 -0.791298 0.878695
v 0.792726 -0.792726 0.876440
v 0.792726 -0.792726 0.876440
v 0.791856 -0.791856 0.877815
v 0.791856 -0.791856 0.877815
v 0.791937 -0.791937 0.877686
v 0.790985 -0.790985 0.879190
v 0.790985 -0.790985 0.879190
v 0.791140 -0.791140 0.878945
v 0.791856 -0.791856 0.877815
v 0.790985 -0.790985 0.879190
v 0.792726 -0.792726 0.876440
v 0.791856 -0.791856 0.877815
v 0.790985 -0.790985 0.879190
v 0.792726 -0.792726 0.876440
v 0.791856 -0.791856 0.877815
v 0.790985 -0.790985 0.879190
v 0.619422 -0.927030 0.883313
v 0.622841 -0.932147 0.876440
v 0.622841 -0.932147 0.876440
v 0.620106 -0.928053 0.881939
v 0.620789 -0.929077 0.880564
v 0.620106 -0.928053 0.881939
v 0.620717 -0.928968 0.880710
v 0.621300 -0.929841 0.879538
v 0.620789 -0.929077 0.880564
v 0.621300 -0.929841 0.879538
v 0.621719 -0.930468 0.878695
v 0.622841 -0.932147 0.876440
v 0.622841 -0.932147 0.876440
v 0.622157 -0.931124 0.877815
v 0.622157 -0.931124 0.877815
v 0.622157 -0.931124 0.877815
v 0.621473 -0.930100 0.879190
v 0.621473 -0.930100 0.879190
v 0.621473 -0.930100 0.879190
v 0.622157 -0.931124 0.877815
v 0.621473 -0.930100 0.879190
v 0.622841 -0.932147 0.876440
v 0.622157 -0.931124 0.877815
v 0.621473 -0.930100 0.879190
v 0.622841 -0.932147 0.876440
v 0.622157 -0.931124 0.877815
v 0.621473 -0.930100 0.879190
v 0.426665 -1.030060 0.883313
v 0.429020 -1.035746 0.876440
v 0.429020 -1.035746 0.876440
v 0.427136 -1.031198 0.881939
v 0.427607 -1.032335 0.880564
v 0.427136 -1.031198 0.881939
v 0.427557 -1.032214 0.880710
v 0.427959 -1.033184 0.879538
v 0.427607 -1.032335 0.880564
v 0.427959 -1.033184 0.879538
v 0.428248 -1.033881 0.878695
v 0.429020 -1.035746 0.876440
v 0.429020 -1.035746 0.876440
v 0.428549 -1.034609 0.877815
v 0.428549 -1.034609 0.877815
v 0.428593 -1.034716 0.877686
v 0.428078 -1.033472 0.879190
v 0.428078 -1.033472 0.879190
v 0.428162 -1.033674 0.878945
v 0.428549 -1.034609 0.877815
v 0.428078 -1.033472 0.879190
v 0.429020 -1.035746 0.876440
v 0.428549 -1.034609 0.877815
v 0.428078 -1.033472 0.879190
v 0.429020 -1.035746 0.876440
v 0.428549 -1.034609 0.877815
v 0.428078 -1.033472 0.879190
v 0.217512 -1.093506 0.883313
v 0.218713 -1.099542 0.876440
v 0.218713 -1.099542 0.876440
v 0.217752 -1.094713 0.881939
v 0.217992 -1.095921 0.880564
v 0.217752 -1.094713 0.881939
v 0.217967 -1.095793 0.880710
v 0.218171 -1.096822 0.879538
v 0.217992 -1.095921 0.880564
v 0.218171 -1.096822 0.879538
v 0.218319 -1.097562 0.878695
v 0.218713 -1.099542 0.876440
v 0.218713 -1.099542 0.876440
v 0.218472 -1.098335 0.877815
v 0.218472 -1.098335 0.877815
v 0.218496 -1.098456 0.877678
v 0.218232 -1.097128 0.879190
v 0.218232 -1.097128 0.879190
v 0.218278 -1.097356 0.878930
v 0.218472 -1.098335 0.877815
v 0.218232 -1.097128 0.879190
v 0.218713 -1.099542 0.876440
v 0.218472 -1.098335 0.877815
v 0.218232 -1.097128 0.879190
v 0.218713 -1.099542 0.876440
v 0.218475 -1.098348 0.877800
v 0.218237 -1.097153 0.879161
v -0.000000 -1.114929 0.883313
v -0.000000 -1.121084 0.876440
v -0.000000 -1.121084 0.876440
v 0.000000 -1.116831 0.881190
v -0.000000 -1.118547 0.879274
v -0.000000 -1.116160 0.881939
v -0.000000 -1.117670 0.880253
v -0.000000 -1.119005 0.878762
v -0.000000 -1.117391 0.880564
v -0.000000 -1.118502 0.879324
v -0.000000 -1.119409 0.878310
v -0.000000 -1.121084 0.876440
v -0.000000 -1.121084 0.876440
v 0.000000 -1.120783 0.876777
v 0.000000 -1.120783 0.876777
v 0.000000 -1.120783 0.876777
v 0.000000 -1.119908 0.877753
v 0.000000 -1.119908 0.877753
v 0.000000 -1.119908 0.877753
v -0.000000 -1.119853 0.877815
v -0.000000 -1.118622 0.879190
v -0.000000 -1.121084 0.876440
v 0.000000 -1.120755 0.876807
v 0.000000 -1.119894 0.877770
v -0.000000 -1.121084 0.876440
v 0.000000 -1.120755 0.876807
v 0.000000 -1.119894 0.877770
v -0.217512 -1.093506 0.883313
v -0.218713 -1.099542 0.876440
v -0.218713 -1.099542 0.876440
v -0.217752 -1.094713 0.881939
v -0.217992 -1.095921 0.880564
v -0.217752 -1.094713 0.881939
v -0.217967 -1.095793 0.880710
v -0.218171 -1.096822 0.879538
v -0.217992 -1.095921 0.880564
v -0.218171 -1.096822 0.879538
v -0.218319 -1.097562 0.878695
v -0.218713 -1.099542 0.876440
v -0.218713 -1.099542 0.876440
v -0.218472 -1.098335 0.877815
v -0.218472 -1.098335 0.877815
v -0.218496 -1.098456 0.877678
v -0.218232 -1.097128 0.879190
v -0.218232 -1.097128 0.879190
v -0.218278 -1.097356 0.878930
v -0.218472 -1.098335 0.877815
v -0.218232 -1.097128 0.879190
v -0.218713 -1.099542 0.876440
v -0.218472 -1.098335 0.877815
v -0.218232 -1.097128 0.879190
v -0.218713 -1.099542 0.876440
v -0.218475 -1.098348 0.877800
v -0.218237 -1.097153 0.879161
v -0.426665 -1.030060 0.883313
v -0.429020 -1.035746 0.876440
v -0.429020 -1.035746 0.876440
v -0.427136 -1.031198 0.881939
v -0.427607 -1.032335 0.880564
v -0.427136 -1.031198 0.881939
v -0.427557 -1.032214 0.880710
v -0.427959 -1.033184 0.879538
v -0.427607 -1.032335 0.880564
v -0.427959 -1.033184 0.879538
v -0.428248 -1.033881 0.878695
v -0.429020 -1.035746 0.876440
v -0.429020 -1.035746 0.876440
v -0.428549 -1.034609 0.877815
v -0.428549 -1.034609 0.877815
v -0.428593 -1.034716 0.877686
v -0.428078 -1.033472 0.879190
v -0.428078 -1.033472 0.879190
v -0.428162 -1.033674 0.878945
v -0.428549 -1.034609 0.877815
v -0.428078 -1.033472 0.879190
v -0.429020 -1.035746 0.876440
v -0.428549 -1.034609 0.877815
v -0.428078 -1.033472 0.879190
v -0.429020 -1.035746 0.876440
v -0.428549 -1.034609 0.877815
v -0.428078 -1.033472 0.879190
v -0.619422 -0.927030 0.883313
v -0.622841 -0.932147 0.876440
v -0.622841 -0.932147 0.876440
v -0.620106 -0.928053 0.881939
v -0.620789 -0.929077 0.880564
v -0.620106 -0.928053 0.881939
v -0.620717 -0.928968 0.880710
v -0.621300 -0.929841 0.879538
v -0.620789 -0.929077 0.880564
v -0.621300 -0.929841 0.879538
v -0.621719 -0.930468 0.878695
v -0.622841 -0.932147 0.876440
v -0.622841 -0.932147 0.876440
v -0.622157 -0.931124 0.877815
v -0.622157 -0.931124 0.877815
v -0.622157 -0.931124 0.877815
v -0.621473 -0.930100 0.879190
v -0.621473 -0.930100 0.879190
v -0.621473 -0.930100 0.879190
v -0.622157 -0.931124 0.877815
v -0.621473 -0.930100 0.879190
v -0.622841 -0.932147 0.876440
v -0.622157 -0.931124 0.877815
v -0.621473 -0.930100 0.879190
v -0.622841 -0.932147 0.876440
v -0.622157 -0.931124 0.877815
v -0.621473 -0.930100 0.879190
v -0.788374 -0.788374 0.883313
v -0.792726 -0.792726 0.876440
v -0.792726 -0.792726 0.876440
v -0.789244 -0.789244 0.881939
v -0.790115 -0.790115 0.880564
v -0.789244 -0.789244 0.881939
v -0.790023 -0.790023 0.880710
v -0.790765 -0.790765 0.879538
v -0.790115 -0.790115 0.880564
v -0.790765 -0.790765 0.879538
v -0.791298 -0.791298 0.878695
v -0.792726 -0.792726 0.876440
v -0.792726 -0.792726 0.876440
v -0.791856 -0.791856 0.877815
v -0.791856 -0.791856 0.877815
v -0.791937 -0.791937 0.877686
v -0.790985 -0.790985 0.879190
v -0.790985 -0.790985 0.879190
v -0.791140 -0.791140 0.878945
v -0.791856 -0.791856 0.877815
v -0.790985 -0.790985 0.879190
v -0.792726 -0.792726 0.876440
v -0.791856 -0.791856 0.877815
v -0.790985 -0.790985 0.879190
v -0.792726 -0.792726 0.876440
v -0.791856 -0.791856 0.877815
v -0.790985 -0.790985 0.879190
v -0.927030 -0.619422 0.883313
v -0.932147 -0.622841 0.876440
v -0.932147 -0.622841 0.876440
v -0.928053 -0.620106 0.881939
v -0.929077 -0.620789 0.880564
v -0.928053 -0.620106 0.881939
v -0.928968 -0.620717 0.880710
v -0.929841 -0.621300 0.879538
v -0.929077 -0.620789 0.880564
v -0.929841 -0.621300 0.879538
v -0.930468 -0.621719 0.878695
v -0.932147 -0.622841 0.876440
v -0.932147 -0.622841 0.876440
v -0.931124 -0.622157 0.877815
v -0.931124 -0.622157 0.877815
v -0.931124 -0.622157 0.877815
v -0.930100 -0.621473 0.879190
v -0.930100 -0.621473 0.879190
v -0.930100 -0.621473 0.879190
v -0.931124 -0.622157 0.877815
v -0.930100 -0.621473 0.879190
v -0.932147 -0.622841 0.876440
v -0.931124 -0.622157 0.877815
v -0.930100 -0.621473 0.879190
v -0.932147 -0.622841 0.876440
v -0.931124 -0.622157 0.877815
v -0.930100 -0.621473 0.879190
v -1.030060 -0.426665 0.883313
v -1.035746 -0.429020 0.876440
v -1.035746 -0.429020 0.876440
v -1.031198 -0.427136 0.881939
v -1.032335 -0.427607 0.880564
v -1.031198 -0.427136 0.881939
v -1.032214 -0.427557 0.880710
v -1.033184 -0.427959 0.879538
v -1.032335 -0.427607 0.880564
v -1.033184 -0.427959 0.879538
v -1.033881 -0.428248 0.878695
v -1.035746 -0.429020 0.876440
v -1.035746 -0.429020 0.876440
v -1.034609 -0.428549 0.877815
v -1.034609 -0.428549 0.877815
v -1.034716 -0.428593 0.877686
v -1.033472 -0.428078 0.879190
v -1.033472 -0.428078 0.879190
v -1.033674 -0.428162 0.878945
v -1.034609 -0.428549 0.877815
v -1.033472 -0.428078 0.879190
v -1.035746 -0.429020 0.876440
v -1.034609 -0.428549 0.877815
v -1.033472 -0.428078 0.879190
v -1.035746 -0.429020 0.876440
v -1.034609 -0.428549 0.877815
v -1.033472 -0.428078 0.879190
v -1.093506 -0.217512 0.883313
v -1.099542 -0.218713 0.876440
v -1.099542 -0.218713 0.876440
v -1.094713 -0.217752 0.881939
v -1.095921 -0.217992 0.880564
v -1.094713 -0.217752 0.881939
v -1.095793 -0.217967 0.880710
v -1.096822 -0.218171 0.879538
v -1.095921 -0.217992 0.880564
v -1.096822 -0.218171 0.879538
v -1.097562 -0.218319 0.878695
v -1.099542 -0.218713 0.876440
v -1.099542 -0.218713 0.876440
v -1.098335 -0.218472 0.877815
v -1.098335 -0.218472 0.877815
v -1.098449 -0.218495 0.877686
v -1.097128 -0.218232 0.879190
v -1.097128 -0.218232 0.879190
v -1.097342 -0.218275 0.878945
v -1.098335 -0.218472 0.877815
v -1.097128 -0.218232 0.879190
v -1.099542 -0.218713 0.876440
v -1.098335 -0.218472 0.877815
v -1.097128 -0.218232 0.879190
v -1.099542 -0.218713 0.876440
v -1.098335 -0.218472 0.877815
v -1.097128 -0.218232 0.879190
v -1.114929 -0.000000 0.883313
v -1.121084 -0.000000 0.876440
v -1.121084 -0.000000 0.876440
v -1.116831 -0.000000 0.881190
v -1.118547 0.000000 0.879274
v -1.116160 -0.000000 0.881939
v -1.117670 0.000000 0.880253
v -1.119005 0.000000 0.878762
v -1.117391 -0.000000 0.880564
v -1.118502 0.000000 0.879324
v -1.119409 0.000000 0.878310
v -1.121084 -0.000000 0.876440
v -1.121084 -0.000000 0.876440
v -1.120783 -0.000000 0.876777
v -1.120783 -0.000000 0.876777
v -1.120783 -0.000000 0.876777
v -1.119908 -0.000000 0.877753
v -1.119908 -0.000000 0.877753
v -1.119908 -0.000000 0.877753
v -1.119853 -0.000000 0.877815
v -1.118622 -0.000000 0.879190
v -1.121084 -0.000000 0.876440
v -1.120755 -0.000000 0.876807
v -1.119894 -0.000000 0.877770
v -1.121084 -0.000000 0.876440
v -1.120755 -0.000000 0.876807
v -1.119894 -0.000000 0.877770
v -1.093506 0.217512 0.883313
v -1.099542 0.218713 0.876440
v -1.099542 0.218713 0.876440
v -1.094713 0.217752 0.881939
v -1.095921 0.217992 0.880564
v -1.094713 0.217752 0.881939
v -1.095793 0.217967 0.880710
v -1.096822 0.218171 0.879538
v -1.095921 0.217992 0.880564
v -1.096822 0.218171 0.879538
v -1.097562 0.218319 0.878695
v -1.099542 0.218713 0.876440
v -1.099542 0.218713 0.876440
v -1.098335 0.218472 0.877815
v -1.098335 0.218472 0.877815
v -1.098449 0.218495 0.877686
v -1.097128 0.218232 0.879190
v -1.097128 0.218232 0.879190
v -1.097342 0.218275 0.878945
v -1.098335 0.218472 0.877815
v -1.097128 0.218232 0.879190
v -1.099542 0.218713 0.876440
v -1.098335 0.218472 0.877815
v -1.097128 0.218232 0.879190
v -1.099542 0.218713 0.876440
v -1.098335 0.218472 0.877815
v -1.097128 0.218232 0.879190
v -1.030060 0.426665 0.883313
v -1.035746 0.429020 0.876440
v -1.035746 0.429020 0.876440
v -1.031198 0.427136 0.881939
v -1.032335 0.427607 0.880564
v -1.031198 0.427136 0.881939
v -1.032214 0.427557 0.880710
v -1.033184 0.427959 0.879538
v -1.032335 0.427607 0.880564
v -1.033184 0.427959 0.879538
v -1.033881 0.428248 0.878695
v -1.035746 0.429020 0.876440
v -1.035746 0.429020 0.876440
v -1.034609 0.428549 0.877815
v -1.034609 0.428549 0.877815
v -1.034716 0.428594 0.877686
v -1.033472 0.428078 0.879190
v -1.033472 0.428078 0.879190
v -1.033674 0.428162 0.878946
v -1.034609 0.428549 0.877815
v -1.033472 0.428078 0.879190
v -1.035746 0.429020 0.876440
v -1.034609 0.428549 0.877815
v -1.033472 0.428078 0.879190
v -1.035746 0.429020 0.876440
v -1.034609 0.428549 0.877815
v -1.033472 0.428078 0.879190
v -0.927030 0.619422 0.883313
v -0.932147 0.622841 0.876440
v -0.932147 0.622841 0.876440
v -0.928053 0.620106 0.881939
v -0.929077 0.620789 0.880564
v -0.928053 0.620106 0.881939
v -0.928968 0.620717 0.880710
v -0.929841 0.621300 0.879538
v -0.929077 0.620789 0.880564
v -0.929841 0.621300 0.879538
v -0.930468 0.621719 0.878695
v -0.932147 0.622841 0.876440
v -0.932147 0.622841 0.876440
v -0.931124 0.622157 0.877815
v -0.931124 0.622157 0.877815
v -0.931124 0.622157 0.877815
v -0.930100 0.621473 0.879190
v -0.930100 0.621473 0.879190
v -0.930100 0.621473 0.879190
v -0.931124 0.622157 0.877815
v -0.930100 0.621473 0.879190
v -0.932147 0.622841 0.876440
v -0.931124 0.622157 0.877815
v -0.930100 0.621473 0.879190
v -0.932147 0.622841 0.876440
v -0.931124 0.622157 0.877815
v -0.930100 0.621473 0.879190
v -0.788374 0.788374 0.883313
v -0.792726 0.792726 0.876440
v -0.792726 0.792726 0.876440
v -0.789244 0.789244 0.881939
v -0.790115 0.790115 0.880564
v -0.789244 0.789244 0.881939
v -0.790023 0.790023 0.880710
v -0.790765 0.790765 0.879538
v -0.790115 0.790115 0.880564
v -0.790765 0.790765 0.879538
v -0.791298 0.791298 0.878695
v -0.792726 0.792726 0.876440
v -0.792726 0.792726 0.876440
v -0.791856 0.791856 0.877815
v -0.791856 0.791856 0.877815
v -0.791937 0.791937 0.877686
v -0.790985 0.790985 0.879190
v -0.790985 0.790985 0.879190
v -0.791140 0.791140 0.878945
v -0.791856 0.791856 0.877815
v -0.790985 0.790985 0.879190
v -0.792726 0.792726 0.876440
v -0.791856 0.791856 0.877815
v -0.790985 0.790985 0.879190
v -0.792726 0.792726 0.876440
v -0.791856 0.791856 0.877815
v -0.790985 0.790985 0.879190
v -0.619422 0.927030 0.883313
v -0.622841 0.932147 0.876440
v -0.622841 0.932147 0.876440
v -0.620106 0.928053 0.881939
v -0.620789 0.929077 0.880564
v -0.620106 0.928053 0.881939
v -0.620717 0.928968 0.880710
v -0.621300 0.929841 0.879538
v -0.620789 0.929077 0.880564
v -0.621300 0.929841 0.879538
v -0.621719 0.930468 0.878695
v -0.622841 0.932147 0.876440
v -0.622841 0.932147 0.876440
v -0.622157 0.931124 0.877815
v -0.622157 0.931124 0.877815
v -0.622157 0.931124 0.877815
v -0.621473 0.930100 0.879190
v -0.621473 0.930100 0.879190
v -0.621473 0.930100 0.879190
v -0.622157 0.931124 0.877815
v -0.621473 0.930100 0.879190
v -0.622841 0.932147 0.876440
v -0.622157 0.931124 0.877815
v -0.621473 0.930100 0.879190
v -0.622841 0.932147 0.876440
v -0.622157 0.931124 0.877815
v -0.621473 0.930100 0.879190
v -0.426665 1.030060 0.883313
v -0.429020 1.035746 0.876440
v -0.429020 1.035746 0.876440
v -0.427136 1.031198 0.881939
v -0.427607 1.032335 0.880564
v -0.427136 1.031198 0.881939
v -0.427557 1.032214 0.880710
v -0.427959 1.033184 0.879538
v -0.427607 1.032335 0.880564
v -0.427959 1.033184 0.879538
v -0.428248 1.033881 0.878695
v -0.429020 1.035746 0.876440
v -0.429020 1.035746 0.876440
v -0.428549 1.034609 0.877815
v -0.428549 1.034609 0.877815
v -0.428593 1.034716 0.877686
v -0.428078 1.033472 0.879190
v -0.428078 1.033472 0.879190
v -0.428162 1.033674 0.878945
v -0.428549 1.034609 0.877815
v -0.428078 1.033472 0.879190
v -0.429020 1.035746 0.876440
v -0.428549 1.034609 0.877815
v -0.428078 1.033472 0.879190
v -0.429020 1.035746 0.876440
v -0.428549 1.034609 0.877815
v -0.428078 1.033472 0.879190
v -0.217512 1.093506 0.883313
v -0.218713 1.099542 0.876440
v -0.218713 1.099542 0.876440
v -0.217752 1.094713 0.881939
v -0.217992 1.095921 0.880564
v -0.217752 1.094713 0.881939
v -0.217967 1.095793 0.880710
v -0.218171 1.096822 0.879538
v -0.217992 1.095921 0.880564
v -0.218171 1.096822 0.879538
v -0.218319 1.097562 0.878695
v -0.218713 1.099542 0.876440
v -0.218713 1.099542 0.876440
v -0.218472 1.098335 0.877815
v -0.218472 1.098335 0.877815
v -0.218496 1.098456 0.877678
v -0.218232 1.097128 0.879190
v -0.218232 1.097128 0.879190
v -0.218278 1.097356 0.878930
v -0.218472 1.098335 0.877815
v -0.218232 1.097128 0.879190
v -0.218713 1.099542 0.876440
v -0.218472 1.098335 0.877815
v -0.218232 1.097128 0.879190
v -0.218713 1.099542 0.876440
v -0.218475 1.098348 0.877800
v -0.218237 1.097153 0.879161
v 0.197100 0.990887 1.009363
v 0.198300 0.996923 0.993284
v 0.197158 0.991182 1.006182
v 0.197329 0.992040 1.002639
v 0.197595 0.993375 0.999082
v 0.197929 0.995058 0.995858
v -0.000000 1.016454 0.993284
v -0.000000 1.010299 1.009363
v -0.000000 1.014552 0.995858
v -0.000000 1.012836 0.999082
v -0.000000 1.011475 1.002639
v -0.000000 1.010601 1.006182
v 0.386625 0.933395 1.009363
v 0.388980 0.939081 0.993284
v 0.386740 0.933673 1.006182
v 0.387075 0.934481 1.002639
v 0.387596 0.935739 0.999082
v 0.388252 0.937324 0.995858
v 0.561292 0.840033 1.009363
v 0.564712 0.845151 0.993284
v 0.561460 0.840284 1.006182
v 0.561945 0.841011 1.002639
v 0.562702 0.842143 0.999082
v 0.563655 0.843569 0.995858
v 0.714390 0.714390 1.009363
v 0.718741 0.718741 0.993284
v 0.714603 0.714603 1.006182
v 0.715221 0.715221 1.002639
v 0.716183 0.716183 0.999082
v 0.717397 0.717397 0.995858
v 0.840033 0.561292 1.009363
v 0.845151 0.564712 0.993284
v 0.840284 0.561460 1.006182
v 0.841011 0.561945 1.002639
v 0.842143 0.562702 0.999082
v 0.843569 0.563655 0.995858
v 0.933395 0.386625 1.009363
v 0.939081 0.388980 0.993284
v 0.933673 0.386740 1.006182
v 0.934481 0.387075 1.002639
v 0.935739 0.387596 0.999082
v 0.937324 0.388252 0.995858
v 0.990887 0.197100 1.009363
v 0.996923 0.198300 0.993284
v 0.991182 0.197158 1.006182
v 0.992040 0.197329 1.002639
v 0.993375 0.197595 0.999082
v 0.995058 0.197929 0.995858
v 1.010299 -0.000000 1.009363
v 1.016454 -0.000000 0.993284
v 1.010601 -0.000000 1.006182
v 1.011475 -0.000000 1.002639
v 1.012836 -0.000000 0.999082
v 1.014552 -0.000000 0.995858
v 0.990887 -0.197100 1.009363
v 0.996923 -0.198300 0.993284
v 0.991182 -0.197158 1.006182
v 0.992040 -0.197329 1.002639
v 0.993375 -0.197595 0.999082
v 0.995058 -0.197929 0.995858
v 0.933395 -0.386625 1.009363
v 0.939081 -0.388980 0.993284
v 0.933673 -0.386740 1.006182
v 0.934481 -0.387075 1.002639
v 0.935739 -0.387596 0.999082
v 0.937324 -0.388252 0.995858
v 0.840033 -0.561292 1.009363
v 0.845151 -0.564712 0.993284
v 0.840284 -0.561460 1.006182
v 0.841011 -0.561945 1.002639
v 0.842143 -0.562702 0.999082
v 0.843569 -0.563655 0.995858
v 0.714390 -0.714390 1.009363
v 0.718741 -0.718741 0.993284
v 0.714603 -0.714603 1.006182
v 0.715221 -0.715221 1.002639
v 0.716183 -0.716183 0.999082
v 0.717397 -0.717397 0.995858
v 0.561292 -0.840033 1.009363
v 0.564712 -0.845151 0.993284
v 0.561460 -0.840284 1.006182
v 0.561945 -0.841011 1.002639
v 0.562702 -0.842143 0.999082
v 0.563655 -0.843569 0.995858
v 0.386625 -0.933395 1.009363
v 0.388980 -0.939081 0.993284
v 0.386740 -0.933673 1.006182
v 0.387075 -0.934481 1.002639
v 0.387596 -0.935739 0.999082
v 0.388252 -0.937324 0.995858
v 0.197100 -0.990887 1.009363
v 0.198300 -0.996923 0.993284
v 0.197158 -0.991182 1.006182
v 0.197329 -0.992040 1.002639
v 0.197595 -0.993375 0.999082
v 0.197929 -0.995058 0.995858
v -0.000000 -1.010299 1.009363
v -0.000000 -1.016454 0.993284
v -0.000000 -1.010601 1.006182
v -0.000000 -1.011475 1.002639
v -0.000000 -1.012836 0.999082
v -0.000000 -1.014552 0.995858
v -0.197100 -0.990887 1.009363
v -0.198300 -0.996923 0.993284
v -0.197158 -0.991182 1.006182
v -0.197329 -0.992040 1.002639
v -0.197595 -0.993375 0.999082
v -0.197929 -0.995058 0.995858
v -0.386625 -0.933395 1.009363
v -0.388980 -0.939081 0.993284
v -0.386740 -0.933673 1.006182
v -0.387075 -0.934481 1.002639
v -0.387596 -0.935739 0.999082
v -0.388252 -0.937324 0.995858
v -0.561292 -0.840033 1.009363
v -0.564712 -0.845151 0.993284
v -0.561460 -0.840284 1.006182
v -0.561945 -0.841011 1.002639
v -0.562702 -0.842143 0.999082
v -0.563655 -0.843569 0.995858
v -0.714390 -0.714390 1.009363
v -0.718741 -0.718741 0.993284
v -0.714603 -0.714603 1.006182
v -0.715221 -0.715221 1.002639
v -0.716183 -0.716183 0.999082
v -0.717397 -0.717397 0.995858
v -0.840033 -0.561292 1.009363
v -0.845151 -0.564712 0.993284
v -0.840284 -0.561460 1.006182
v -0.841011 -0.561945 1.002639
v -0.842143 -0.562702 0.999082
v -0.843569 -0.563655 0.995858
v -0.933395 -0.386625 1.009363
v -0.939081 -0.388980 0.993284
v -0.933673 -0.386740 1.006182
v -0.934481 -0.387075 1.002639
v -0.935739 -0.387596 0.999082
v -0.937324 -0.388252 0.995858
v -0.990887 -0.197100 1.009363
v -0.996923 -0.198300 0.993284
v -0.991182 -0.197158 1.006182
v -0.992040 -0.197329 1.002639
v -0.993375 -0.197595 0.999082
v -0.995058 -0.197929 0.995858
v -1.010299 -0.000000 1.009363
v -1.016454 -0.000000 0.993284
v -1.010601 -0.000000 1.006182
v -1.011475 -0.000000 1.002639
v -1.012836 -0.000000 0.999082
v -1.014552 -0.000000 0.995858
v -0.990887 0.197100 1.009363
v -0.996923 0.198300 0.993284
v -0.991182 0.197158 1.006182
v -0.992040 0.197329 1.002639
v -0.993375 0.197595 0.999082
v -0.995058 0.197929 0.995858
v -0.933395 0.386625 1.009363
v -0.939081 0.388980 0.993284
v -0.933673 0.386740 1.006182
v -0.934481 0.387075 1.002639
v -0.935739 0.387596 0.999082
v -0.937324 0.388252 0.995858
v -0.840033 0.561292 1.009363
v -0.845151 0.564712 0.993284
v -0.840284 0.561460 1.006182
v -0.841011 0.561945 1.002639
v -0.842143 0.562702 0.999082
v -0.843569 0.563655 0.995858
v -0.714390 0.714390 1.009363
v -0.718741 0.718741 0.993284
v -0.714603 0.714603 1.006182
v -0.715221 0.715221 1.002639
v -0.716183 0.716183 0.999082
v -0.717397 0.717397 0.995858
v -0.561292 0.840033 1.009363
v -0.564712 0.845151 0.993284
v -0.561460 0.840284 1.006182
v -0.561945 0.841011 1.002639
v -0.562702 0.842143 0.999082
v -0.563655 0.843569 0.995858
v -0.386625 0.933395 1.009363
v -0.388980 0.939081 0.993284
v -0.386740 0.933673 1.006182
v -0.387075 0.934481 1.002639
v -0.387596 0.935739 0.999082
v -0.388252 0.937324 0.995858
v -0.197100 0.990887 1.009363
v -0.198300 0.996923 0.993284
v -0.197158 0.991182 1.006182
v -0.197329 0.992040 1.002639
v -0.197595 0.993375 0.999082
v -0.197929 0.995058 0.995858
v 0.195295 0.981814 1.154626
v 0.197100 0.990887 1.145419
v 0.195853 0.984618 1.154175
v 0.196356 0.987147 1.152867
v 0.196755 0.989154 1.150831
v 0.197011 0.990443 1.148264
v -0.000000 1.010299 1.145419
v -0.000000 1.001049 1.154626
v -0.000000 1.009847 1.148264
v -0.000000 1.008533 1.150831
v -0.000000 1.006486 1.152867
v -0.000000 1.003907 1.154175
v 0.383085 0.924848 1.154626
v 0.386625 0.933395 1.145419
v 0.384179 0.927490 1.154175
v 0.385166 0.929872 1.152867
v 0.385949 0.931763 1.150831
v 0.386452 0.932977 1.148264
v 0.556153 0.832342 1.154626
v 0.561292 0.840033 1.145419
v 0.557741 0.834718 1.154175
v 0.559174 0.836863 1.152867
v 0.560311 0.838564 1.150831
v 0.561041 0.839657 1.148264
v 0.707848 0.707848 1.154626
v 0.714390 0.714390 1.145419
v 0.709870 0.709870 1.154175
v 0.711693 0.711693 1.152867
v 0.713140 0.713140 1.150831
v 0.714069 0.714069 1.148264
v 0.832342 0.556153 1.154626
v 0.840033 0.561292 1.145419
v 0.834718 0.557741 1.154175
v 0.836863 0.559174 1.152867
v 0.838564 0.560311 1.150831
v 0.839657 0.561041 1.148264
v 0.924848 0.383085 1.154626
v 0.933395 0.386625 1.145419
v 0.927490 0.384179 1.154175
v 0.929872 0.385166 1.152867
v 0.931763 0.385949 1.150831
v 0.932977 0.386452 1.148264
v 0.981814 0.195295 1.154626
v 0.990887 0.197100 1.145419
v 0.984618 0.195853 1.154175
v 0.987147 0.196356 1.152867
v 0.989154 0.196755 1.150831
v 0.990443 0.197011 1.148264
v 1.001049 -0.000000 1.154626
v 1.010299 -0.000000 1.145419
v 1.003907 -0.000000 1.154175
v 1.006486 -0.000000 1.152867
v 1.008533 -0.000000 1.150831
v 1.009847 -0.000000 1.148264
v 0.981814 -0.195295 1.154626
v 0.990887 -0.197100 1.145419
v 0.984618 -0.195853 1.154175
v 0.987147 -0.196356 1.152867
v 0.989154 -0.196755 1.150831
v 0.990443 -0.197011 1.148264
v 0.924848 -0.383085 1.154626
v 0.933395 -0.386625 1.145419
v 0.927490 -0.384179 1.154175
v 0.929872 -0.385166 1.152867
v 0.931763 -0.385949 1.150831
v 0.932977 -0.386452 1.148264
v 0.832342 -0.556153 1.154626
v 0.840033 -0.561292 1.145419
v 0.834718 -0.557741 1.154175
v 0.836863 -0.559174 1.152867
v 0.838564 -0.560311 1.150831
v 0.839657 -0.561041 1.148264
v 0.707848 -0.707848 1.154626
v 0.714390 -0.714390 1.145419
v 0.709870 -0.709870 1.154175
v 0.711693 -0.711693 1.152867
v 0.713140 -0.713140 1.150831
v 0.714069 -0.714069 1.148264
v 0.556153 -0.832342 1.154626
v 0.561292 -0.840033 1.145419
v 0.557741 -0.834718 1.154175
v 0.559174 -0.836863 1.152867
v 0.560311 -0.838564 1.150831
v 0.561041 -0.839657 1.148264
v 0.383085 -0.924848 1.154626
v 0.386625 -0.933395 1.145419
v 0.384179 -0.927490 1.154175
v 0.385166 -0.929872 1.152867
v 0.385949 -0.931763 1.150831
v 0.386452 -0.932977 1.148264
v 0.195295 -0.981814 1.154626
v 0.197100 -0.990887 1.145419
v 0.195853 -0.984618 1.154175
v 0.196356 -0.987147 1.152867
v 0.196755 -0.989154 1.150831
v 0.197011 -0.990443 1.148264
v -0.000000 -1.001049 1.154626
v -0.000000 -1.010299 1.145419
v -0.000000 -1.003907 1.154175
v -0.000000 -1.006486 1.152867
v -0.000000 -1.008533 1.150831
v -0.000000 -1.009847 1.148264
v -0.195295 -0.981814 1.154626
v -0.197100 -0.990887 1.145419
v -0.195853 -0.984618 1.154175
v -0.196356 -0.987147 1.152867
v -0.196755 -0.989154 1.150831
v -0.197011 -0.990443 1.148264
v -0.383085 -0.924848 1.154626
v -0.386625 -0.933395 1.145419
v -0.384179 -0.927490 1.154175
v -0.385166 -0.929872 1.152867
v -0.385949 -0.931763 1.150831
v -0.386452 -0.932977 1.148264
v -0.556153 -0.832342 1.154626
v -0.561292 -0.840033 1.145419
v -0.557741 -0.834718 1.154175
v -0.559174 -0.836863 1.152867
v -0.560311 -0.838564 1.150831
v -0.561041 -0.839657 1.148264
v -0.707848 -0.707848 1.154626
v -0.714390 -0.714390 1.145419
v -0.709870 -0.709870 1.154175
v -0.711693 -0.711693 1.152867
v -0.713140 -0.713140 1.150831
v -0.714069 -0.714069 1.148264
v -0.832342 -0.556153 1.154626
v -0.840033 -0.561292 1.145419
v -0.834718 -0.557741 1.154175
v -0.836863 -0.559174 1.152867
v -0.838564 -0.560311 1.150831
v -0.839657 -0.561041 1.148264
v -0.924848 -0.383085 1.154626
v -0.933395 -0.386625 1.145419
v -0.927490 -0.384179 1.154175
v -0.929872 -0.385166 1.152867
v -0.931763 -0.385949 1.150831
v -0.932977 -0.386452 1.148264
v -0.981814 -0.195295 1.154626
v -0.990887 -0.197100 1.145419
v -0.984618 -0.195853 1.154175
v -0.987147 -0.196356 1.152867
v -0.989154 -0.196755 1.150831
v -0.990443 -0.197011 1.148264
v -1.001049 -0.000000 1.154626
v -1.010299 -0.000000 1.145419
v -1.003907 -0.000000 1.154175
v -1.006486 -0.000000 1.152867
v -1.008533 -0.000000 1.150831
v -1.009847 -0.000000 1.148264
v -0.981814 0.195295 1.154626
v -0.990887 0.197100 1.145419
v -0.984618 0.195853 1.154175
v -0.987147 0.196356 1.152867
v -0.989154 0.196755 1.150831
v -0.990443 0.197011 1.148264
v -0.924848 0.383085 1.154626
v -0.933395 0.386625 1.145419
v -0.927490 0.384179 1.154175
v -0.929872 0.385166 1.152867
v -0.931763 0.385949 1.150831
v -0.932977 0.386452 1.148264
v -0.832342 0.556153 1.154626
v -0.840033 0.561292 1.145419
v -0.834718 0.557741 1.154175
v -0.836863 0.559174 1.152867
v -0.838564 0.560311 1.150831
v -0.839657 0.561041 1.148264
v -0.707848 0.707848 1.154626
v -0.714390 0.714390 1.145419
v -0.709870 0.709870 1.154175
v -0.711693 0.711693 1.152867
v -0.713140 0.713140 1.150831
v -0.714069 0.714069 1.148264
v -0.556153 0.832342 1.154626
v -0.561292 0.840033 1.145419
v -0.557741 0.834718 1.154175
v -0.559174 0.836863 1.152867
v -0.560311 0.838564 1.150831
v -0.561041 0.839657 1.148264
v -0.383085 0.924848 1.154626
v -0.386625 0.933395 1.145419
v -0.384179 0.927490 1.154175
v -0.385166 0.929872 1.152867
v -0.385949 0.931763 1.150831
v -0.386452 0.932977 1.148264
v -0.195295 0.981814 1.154626
v -0.197100 0.990887 1.145419
v -0.195853 0.984618 1.154175
v -0.196356 0.987147 1.152867
v -0.196755 0.989154 1.150831
v -0.197011 0.990443 1.148264
v 0.172011 0.864760 1.163471
v 0.174316 0.876346 1.154626
v 0.172254 0.865981 1.160738
v 0.172650 0.867970 1.158272
v 0.173160 0.870533 1.156315
v 0.173734 0.873420 1.155059
v 0.000000 0.893515 1.154626
v 0.000000 0.881702 1.163471
v 0.000000 0.890531 1.155059
v 0.000000 0.887588 1.156315
v 0.000000 0.884974 1.158272
v 0.000000 0.882946 1.160738
v 0.337413 0.814586 1.163471
v 0.341933 0.825500 1.154626
v 0.337889 0.815736 1.160738
v 0.338665 0.817610 1.158272
v 0.339665 0.820024 1.156315
v 0.340791 0.822743 1.155059
v 0.489847 0.733108 1.163471
v 0.496410 0.742931 1.154626
v 0.490539 0.734143 1.160738
v 0.491666 0.735830 1.158272
v 0.493118 0.738003 1.156315
v 0.494752 0.740449 1.155059
v 0.623457 0.623457 1.163471
v 0.631810 0.631810 1.154626
v 0.624337 0.624337 1.160738
v 0.625772 0.625772 1.158272
v 0.627620 0.627620 1.156315
v 0.629700 0.629700 1.155059
v 0.733108 0.489847 1.163471
v 0.742931 0.496410 1.154626
v 0.734143 0.490539 1.160738
v 0.735830 0.491666 1.158272
v 0.738003 0.493118 1.156315
v 0.740449 0.494752 1.155059
v 0.814586 0.337413 1.163471
v 0.825500 0.341933 1.154626
v 0.815736 0.337889 1.160738
v 0.817610 0.338665 1.158272
v 0.820024 0.339665 1.156315
v 0.822743 0.340791 1.155059
v 0.864760 0.172011 1.163471
v 0.876346 0.174316 1.154626
v 0.865981 0.172254 1.160738
v 0.867970 0.172650 1.158272
v 0.870533 0.173160 1.156315
v 0.873420 0.173734 1.155059
v 0.881702 -0.000000 1.163471
v 0.893515 -0.000000 1.154626
v 0.882946 -0.000000 1.160738
v 0.884974 -0.000000 1.158272
v 0.887588 -0.000000 1.156315
v 0.890531 -0.000000 1.155059
v 0.864760 -0.172011 1.163471
v 0.876346 -0.174316 1.154626
v 0.865981 -0.172254 1.160738
v 0.867970 -0.172650 1.158272
v 0.870533 -0.173160 1.156315
v 0.873420 -0.173734 1.155059
v 0.814586 -0.337413 1.163471
v 0.825500 -0.341933 1.154626
v 0.815736 -0.337889 1.160738
v 0.817610 -0.338665 1.158272
v 0.820024 -0.339665 1.156315
v 0.822743 -0.340791 1.155059
v 0.733108 -0.489847 1.163471
v 0.742931 -0.496410 1.154626
v 0.734143 -0.490539 1.160738
v 0.735830 -0.491666 1.158272
v 0.738003 -0.493118 1.156315
v 0.740449 -0.494752 1.155059
v 0.623457 -0.623457 1.163471
v 0.631810 -0.631810 1.154626
v 0.624337 -0.624337 1.160738
v 0.625772 -0.625772 1.158272
v 0.627620 -0.627620 1.156315
v 0.629700 -0.629700 1.155059
v 0.489847 -0.733108 1.163471
v 0.496410 -0.742931 1.154626
v 0.490539 -0.734143 1.160738
v 0.491666 -0.735830 1.158272
v 0.493118 -0.738003 1.156315
v 0.494752 -0.740449 1.155059
v 0.337413 -0.814586 1.163471
v 0.341933 -0.825500 1.154626
v 0.337889 -0.815736 1.160738
v 0.338665 -0.817610 1.158272
v 0.339665 -0.820024 1.156315
v 0.340791 -0.822743 1.155059
v 0.172011 -0.864760 1.163471
v 0.174316 -0.876346 1.154626
v 0.172254 -0.865981 1.160738
v 0.172650 -0.867970 1.158272
v 0.173160 -0.870533 1.156315
v 0.173734 -0.873420 1.155059
v 0.000000 -0.881702 1.163471
v 0.000000 -0.893515 1.154626
v 0.000000 -0.882946 1.160738
v 0.000000 -0.884974 1.158272
v 0.000000 -0.887588 1.156315
v 0.000000 -0.890531 1.155059
v -0.172011 -0.864760 1.163471
v -0.174316 -0.876346 1.154626
v -0.172254 -0.865981 1.160738
v -0.172650 -0.867970 1.158272
v -0.173160 -0.870533 1.156315
v -0.173734 -0.873420 1.155059
v -0.337413 -0.814586 1.163471
v -0.341933 -0.825500 1.154626
v -0.337889 -0.815736 1.160738
v -0.338665 -0.817610 1.158272
v -0.339665 -0.820024 1.156315
v -0.340791 -0.822743 1.155059
v -0.489847 -0.733108 1.163471
v -0.496410 -0.742931 1.154626
v -0.490539 -0.734143 1.160738
v -0.491666 -0.735830 1.158272
v -0.493118 -0.738003 1.156315
v -0.494752 -0.740449 1.155059
v -0.623457 -0.623457 1.163471
v -0.631810 -0.631810 1.154626
v -0.624337 -0.624337 1.160738
v -0.625772 -0.625772 1.158272
v -0.627620 -0.627620 1.156315
v -0.629700 -0.629700 1.155059
v -0.733108 -0.489847 1.163471
v -0.742931 -0.496410 1.154626
v -0.734143 -0.490539 1.160738
v -0.735830 -0.491666 1.158272
v -0.738003 -0.493118 1.156315
v -0.740449 -0.494752 1.155059
v -0.814586 -0.337413 1.163471
v -0.825500 -0.341933 1.154626
v -0.815736 -0.337889 1.160738
v -0.817610 -0.338665 1.158272
v -0.820024 -0.339665 1.156315
v -0.822743 -0.340791 1.155059
v -0.864760 -0.172011 1.163471
v -0.876346 -0.174316 1.154626
v -0.865981 -0.172254 1.160738
v -0.867970 -0.172650 1.158272
v -0.870533 -0.173160 1.156315
v -0.873420 -0.173734 1.155059
v -0.881702 -0.000000 1.163471
v -0.893515 -0.000000 1.154626
v -0.882946 -0.000000 1.160738
v -0.884974 -0.000000 1.158272
v -0.887588 -0.000000 1.156315
v -0.890531 -0.000000 1.155059
v -0.864760 0.172011 1.163471
v -0.876346 0.174316 1.154626
v -0.865981 0.172254 1.160738
v -0.867970 0.172650 1.158272
v -0.870533 0.173160 1.156315
v -0.873420 0.173734 1.155059
v -0.814586 0.337413 1.163471
v -0.825500 0.341933 1.154626
v -0.815736 0.337889 1.160738
v -0.817610 0.338665 1.158272
v -0.820024 0.339665 1.156315
v -0.822743 0.340791 1.155059
v -0.733108 0.489847 1.163471
v -0.742931 0.496410 1.154626
v -0.734143 0.490539 1.160738
v -0.735830 0.491666 1.158272
v -0.738003 0.493118 1.156315
v -0.740449 0.494752 1.155059
v -0.623457 0.623457 1.163471
v -0.631810 0.631810 1.154626
v -0.624337 0.624337 1.160738
v -0.625772 0.625772 1.158272
v -0.627620 0.627620 1.156315
v -0.629700 0.629700 1.155059
v -0.489847 0.733108 1.163471
v -0.496410 0.742931 1.154626
v -0.490539 0.734143 1.160738
v -0.491666 0.735830 1.158272
v -0.493118 0.738003 1.156315
v -0.494752 0.740449 1.155059
v -0.337413 0.814586 1.163471
v -0.341933 0.825500 1.154626
v -0.337889 0.815736 1.160738
v -0.338665 0.817610 1.158272
v -0.339665 0.820024 1.156315
v -0.340791 0.822743 1.155059
v -0.172011 0.864760 1.163471
v -0.174316 0.876346 1.154626
v -0.172254 0.865981 1.160738
v -0.172650 0.867970 1.158272
v -0.173160 0.870533 1.156315
v -0.173734 0.873420 1.155059
v 0.153788 0.773144 1.453982
v 0.156093 0.784730 1.445137
v 0.154370 0.776070 1.453549
v 0.154944 0.778957 1.452293
v 0.155454 0.781520 1.450336
v 0.155850 0.783509 1.447870
v 0.000000 0.800104 1.445137
v 0.000000 0.788291 1.453982
v 0.000000 0.798859 1.447870
v 0.000000 0.796831 1.450336
v 0.000000 0.794217 1.452293
v 0.000000 0.791275 1.453549
v 0.301666 0.728286 1.453982
v 0.306187 0.739200 1.445137
v 0.302808 0.731043 1.453549
v 0.303934 0.733761 1.452293
v 0.304934 0.736176 1.450336
v 0.305710 0.738050 1.447870
v 0.437951 0.655440 1.453982
v 0.444514 0.665262 1.445137
v 0.439609 0.657921 1.453549
v 0.441244 0.660368 1.452293
v 0.442696 0.662541 1.450336
v 0.443822 0.664227 1.447870
v 0.557406 0.557406 1.453982
v 0.565759 0.565759 1.445137
v 0.559516 0.559516 1.453549
v 0.561597 0.561597 1.452293
v 0.563444 0.563444 1.450336
v 0.564879 0.564879 1.447870
v 0.655440 0.437951 1.453982
v 0.665262 0.444514 1.445137
v 0.657921 0.439609 1.453549
v 0.660368 0.441244 1.452293
v 0.662541 0.442696 1.450336
v 0.664227 0.443822 1.447870
v 0.728286 0.301666 1.453982
v 0.739200 0.306187 1.445137
v 0.731043 0.302808 1.453549
v 0.733761 0.303934 1.452293
v 0.736176 0.304934 1.450336
v 0.738050 0.305710 1.447870
v 0.773144 0.153788 1.453982
v 0.784730 0.156093 1.445137
v 0.776070 0.154370 1.453549
v 0.778957 0.154944 1.452293
v 0.781520 0.155454 1.450336
v 0.783509 0.155850 1.447870
v 0.788291 -0.000000 1.453982
v 0.800104 -0.000000 1.445137
v 0.791275 -0.000000 1.453549
v 0.794217 -0.000000 1.452293
v 0.796831 -0.000000 1.450336
v 0.798859 -0.000000 1.447870
v 0.773144 -0.153788 1.453982
v 0.784730 -0.156093 1.445137
v 0.776070 -0.154370 1.453549
v 0.778957 -0.154944 1.452293
v 0.781520 -0.155454 1.450336
v 0.783509 -0.155850 1.447870
v 0.728286 -0.301666 1.453982
v 0.739200 -0.306187 1.445137
v 0.731043 -0.302808 1.453549
v 0.733761 -0.303934 1.452293
v 0.736176 -0.304934 1.450336
v 0.738050 -0.305710 1.447870
v 0.655440 -0.437951 1.453982
v 0.665262 -0.444514 1.445137
v 0.657921 -0.439609 1.453549
v 0.660368 -0.441244 1.452293
v 0.662541 -0.442696 1.450336
v 0.664227 -0.443822 1.447870
v 0.557406 -0.557406 1.453982
v 0.565759 -0.565759 1.445137
v 0.559516 -0.559516 1.453549
v 0.561597 -0.561597 1.452293
v 0.563444 -0.563444 1.450336
v 0.564879 -0.564879 1.447870
v 0.437951 -0.655440 1.453982
v 0.444514 -0.665262 1.445137
v 0.439609 -0.657921 1.453549
v 0.441244 -0.660368 1.452293
v 0.442696 -0.662541 1.450336
v 0.443822 -0.664227 1.447870
v 0.301666 -0.728286 1.453982
v 0.306187 -0.739200 1.445137
v 0.302808 -0.731043 1.453549
v 0.303934 -0.733761 1.452293
v 0.304934 -0.736176 1.450336
v 0.305710 -0.738050 1.447870
v 0.153788 -0.773144 1.453982
v 0.156093 -0.784730 1.445137
v 0.154370 -0.776070 1.453549
v 0.154944 -0.778957 1.452293
v 0.155454 -0.781520 1.450336
v 0.155850 -0.783509 1.447870
v 0.000000 -0.788291 1.453982
v 0.000000 -0.800104 1.445137
v 0.000000 -0.791275 1.453549
v 0.000000 -0.794217 1.452293
v 0.000000 -0.796831 1.450336
v 0.000000 -0.798859 1.447870
v -0.153788 -0.773144 1.453982
v -0.156093 -0.784730 1.445137
v -0.154370 -0.776070 1.453549
v -0.154944 -0.778957 1.452293
v -0.155454 -0.781520 1.450336
v -0.155850 -0.783509 1.447870
v -0.301666 -0.728286 1.453982
v -0.306187 -0.739200 1.445137
v -0.302808 -0.731043 1.453549
v -0.303934 -0.733761 1.452293
v -0.304934 -0.736176 1.450336
v -0.305710 -0.738050 1.447870
v -0.437951 -0.655440 1.453982
v -0.444514 -0.665262 1.445137
v -0.439609 -0.657921 1.453549
v -0.441244 -0.660368 1.452293
v -0.442696 -0.662541 1.450336
v -0.443822 -0.664227 1.447870
v -0.557406 -0.557406 1.453982
v -0.565759 -0.565759 1.445137
v -0.559516 -0.559516 1.453549
v -0.561597 -0.561597 1.452293
v -0.563444 -0.563444 1.450336
v -0.564879 -0.564879 1.447870
v -0.655440 -0.437951 1.453982
v -0.665262 -0.444514 1.445137
v -0.657921 -0.439609 1.453549
v -0.660368 -0.441244 1.452293
v -0.662541 -0.442696 1.450336
v -0.664227 -0.443822 1.447870
v -0.728286 -0.301666 1.453982
v -0.739200 -0.306187 1.445137
v -0.731043 -0.302808 1.453549
v -0.733761 -0.303934 1.452293
v -0.736176 -0.304934 1.450336
v -0.738050 -0.305710 1.447870
v -0.773144 -0.153788 1.453982
v -0.784730 -0.156093 1.445137
v -0.776070 -0.154370 1.453549
v -0.778957 -0.154944 1.452293
v -0.781520 -0.155454 1.450336
v -0.783509 -0.155850 1.447870
v -0.788291 -0.000000 1.453982
v -0.800104 -0.000000 1.445137
v -0.791275 -0.000000 1.453549
v -0.794217 -0.000000 1.452293
v -0.796831 -0.000000 1.450336
v -0.798859 -0.000000 1.447870
v -0.773144 0.153788 1.453982
v -0.784730 0.156093 1.445137
v -0.776070 0.154370 1.453549
v -0.778957 0.154944 1.452293
v -0.781520 0.155454 1.450336
v -0.783509 0.155850 1.447870
v -0.728286 0.301666 1.453982
v -0.739200 0.306187 1.445137
v -0.731043 0.302808 1.453549
v -0.733761 0.303934 1.452293
v -0.736176 0.304934 1.450336
v -0.738050 0.305710 1.447870
v -0.655440 0.437951 1.453982
v -0.665262 0.444514 1.445137
v -0.657921 0.439609 1.453549
v -0.660368 0.441244 1.452293
v -0.662541 0.442696 1.450336
v -0.664227 0.443822 1.447870
v -0.557406 0.557406 1.453982
v -0.565759 0.565759 1.445137
v -0.559516 0.559516 1.453549
v -0.561597 0.561597 1.452293
v -0.563444 0.563444 1.450336
v -0.564879 0.564879 1.447870
v -0.437951 0.655440 1.453982
v -0.444514 0.665262 1.445137
v -0.439609 0.657921 1.453549
v -0.441244 0.660368 1.452293
v -0.442696 0.662541 1.450336
v -0.443822 0.664227 1.447870
v -0.301666 0.728286 1.453982
v -0.306187 0.739200 1.445137
v -0.302808 0.731043 1.453549
v -0.303934 0.733761 1.452293
v -0.304934 0.736176 1.450336
v -0.305710 0.738050 1.447870
v -0.153788 0.773144 1.453982
v -0.156093 0.784730 1.445137
v -0.154370 0.776070 1.453549
v -0.154944 0.778957 1.452293
v -0.155454 0.781520 1.450336
v -0.155850 0.783509 1.447870
v 0.127831 0.642648 1.445065
v 0.130084 0.653975 1.453982
v 0.128058 0.643789 1.447821
v 0.128439 0.645706 1.450307
v 0.128937 0.648212 1.452279
v 0.129504 0.651061 1.453546
v 0.000000 0.666788 1.453982
v 0.000000 0.655239 1.445065
v 0.000000 0.663816 1.453546
v 0.000000 0.660911 1.452279
v 0.000000 0.658356 1.450307
v 0.000000 0.656402 1.447821
v 0.250749 0.605362 1.445065
v 0.255169 0.616031 1.453982
v 0.251194 0.606436 1.447821
v 0.251942 0.608242 1.450307
v 0.252920 0.610602 1.452279
v 0.254032 0.613286 1.453546
v 0.364031 0.544811 1.445065
v 0.370447 0.554414 1.453982
v 0.364677 0.545778 1.447821
v 0.365763 0.547403 1.450307
v 0.367183 0.549528 1.452279
v 0.368797 0.551943 1.453546
v 0.463324 0.463324 1.445065
v 0.471490 0.471490 1.453982
v 0.464146 0.464146 1.447821
v 0.465528 0.465528 1.450307
v 0.467335 0.467335 1.452279
v 0.469389 0.469389 1.453546
v 0.544811 0.364031 1.445065
v 0.554414 0.370447 1.453982
v 0.545778 0.364677 1.447821
v 0.547403 0.365763 1.450307
v 0.549528 0.367183 1.452279
v 0.551943 0.368797 1.453546
v 0.605362 0.250749 1.445065
v 0.616031 0.255169 1.453982
v 0.606436 0.251194 1.447821
v 0.608242 0.251942 1.450307
v 0.610602 0.252920 1.452279
v 0.613286 0.254032 1.453546
v 0.642648 0.127831 1.445065
v 0.653975 0.130084 1.453982
v 0.643789 0.128058 1.447821
v 0.645706 0.128439 1.450307
v 0.648212 0.128937 1.452279
v 0.651061 0.129504 1.453546
v 0.655239 -0.000000 1.445065
v 0.666788 -0.000000 1.453982
v 0.656402 -0.000000 1.447821
v 0.658356 -0.000000 1.450307
v 0.660911 -0.000000 1.452279
v 0.663816 -0.000000 1.453546
v 0.642648 -0.127831 1.445065
v 0.653975 -0.130084 1.453982
v 0.643789 -0.128058 1.447821
v 0.645706 -0.128439 1.450307
v 0.648212 -0.128937 1.452279
v 0.651061 -0.129504 1.453546
v 0.605362 -0.250749 1.445065
v 0.616031 -0.255169 1.453982
v 0.606436 -0.251194 1.447821
v 0.608242 -0.251942 1.450307
v 0.610602 -0.252920 1.452279
v 0.613286 -0.254032 1.453546
v 0.544811 -0.364031 1.445065
v 0.554414 -0.370447 1.453982
v 0.545778 -0.364677 1.447821
v 0.547403 -0.365763 1.450307
v 0.549528 -0.367183 1.452279
v 0.551943 -0.368797 1.453546
v 0.463324 -0.463324 1.445065
v 0.471490 -0.471490 1.453982
v 0.464146 -0.464146 1.447821
v 0.465528 -0.465528 1.450307
v 0.467335 -0.467335 1.452279
v 0.469389 -0.469389 1.453546
v 0.364031 -0.544811 1.445065
v 0.370447 -0.554414 1.453982
v 0.364677 -0.545778 1.447821
v 0.365763 -0.547403 1.450307
v 0.367183 -0.549528 1.452279
v 0.368797 -0.551943 1.453546
v 0.250749 -0.605362 1.445065
v 0.255169 -0.616031 1.453982
v 0.251194 -0.606436 1.447821
v 0.251942 -0.608242 1.450307
v 0.252920 -0.610602 1.452279
v 0.254032 -0.613286 1.453546
v 0.127831 -0.642648 1.445065
v 0.130084 -0.653975 1.453982
v 0.128058 -0.643789 1.447821
v 0.128439 -0.645706 1.450307
v 0.128937 -0.648212 1.452279
v 0.129504 -0.651061 1.453546
v 0.000000 -0.655239 1.445065
v 0.000000 -0.666788 1.453982
v 0.000000 -0.656402 1.447821
v 0.000000 -0.658356 1.450307
v 0.000000 -0.660911 1.452279
v 0.000000 -0.663816 1.453546
v -0.127831 -0.642648 1.445065
v -0.130084 -0.653975 1.453982
v -0.128058 -0.643789 1.447821
v -0.128439 -0.645706 1.450307
v -0.128937 -0.648212 1.452279
v -0.129504 -0.651061 1.453546
v -0.250749 -0.605362 1.445065
v -0.255169 -0.616031 1.453982
v -0.251194 -0.606436 1.447821
v -0.251942 -0.608242 1.450307
v -0.252920 -0.610602 1.452279
v -0.254032 -0.613286 1.453546
v -0.364031 -0.544811 1.445065
v -0.370447 -0.554414 1.453982
v -0.364677 -0.545778 1.447821
v -0.365763 -0.547403 1.450307
v -0.367183 -0.549528 1.452279
v -0.368797 -0.551943 1.453546
v -0.463324 -0.463324 1.445065
v -0.471490 -0.471490 1.453982
v -0.464146 -0.464146 1.447821
v -0.465528 -0.465528 1.450307
v -0.467335 -0.467335 1.452279
v -0.469389 -0.469389 1.453546
v -0.544811 -0.364031 1.445065
v -0.554414 -0.370447 1.453982
v -0.545778 -0.364677 1.447821
v -0.547403 -0.365763 1.450307
v -0.549528 -0.367183 1.452279
v -0.551943 -0.368797 1.453546
v -0.605362 -0.250749 1.445065
v -0.616031 -0.255169 1.453982
v -0.606436 -0.251194 1.447821
v -0.608242 -0.251942 1.450307
v -0.610602 -0.252920 1.452279
v -0.613286 -0.254032 1.453546
v -0.642648 -0.127831 1.445065
v -0.653975 -0.130084 1.453982
v -0.643789 -0.128058 1.447821
v -0.645706 -0.128439 1.450307
v -0.648212 -0.128937 1.452279
v -0.651061 -0.129504 1.453546
v -0.655239 -0.000000 1.445065
v -0.666788 -0.000000 1.453982
v -0.656402 -0.000000 1.447821
v -0.658356 -0.000000 1.450307
v -0.660911 -0.000000 1.452279
v -0.663816 -0.000000 1.453546
v -0.642648 0.127831 1.445065
v -0.653975 0.130084 1.453982
v -0.643789 0.128058 1.447821
v -0.645706 0.128439 1.450307
v -0.648212 0.128937 1.452279
v -0.651061 0.129504 1.453546
v -0.605362 0.250749 1.445065
v -0.616031 0.255169 1.453982
v -0.606436 0.251194 1.447821
v -0.608242 0.251942 1.450307
v -0.610602 0.252920 1.452279
v -0.613286 0.254032 1.453546
v -0.544811 0.364031 1.445065
v -0.554414 0.370447 1.453982
v -0.545778 0.364677 1.447821
v -0.547403 0.365763 1.450307
v -0.549528 0.367183 1.452279
v -0.551943 0.368797 1.453546
v -0.463324 0.463324 1.445065
v -0.471490 0.471490 1.453982
v -0.464146 0.464146 1.447821
v -0.465528 0.465528 1.450307
v -0.467335 0.467335 1.452279
v -0.469389 0.469389 1.453546
v -0.364031 0.544811 1.445065
v -0.370447 0.554414 1.453982
v -0.364677 0.545778 1.447821
v -0.365763 0.547403 1.450307
v -0.367183 0.549528 1.452279
v -0.368797 0.551943 1.453546
v -0.250749 0.605362 1.445065
v -0.255169 0.616031 1.453982
v -0.251194 0.606436 1.447821
v -0.251942 0.608242 1.450307
v -0.252920 0.610602 1.452279
v -0.254032 0.613286 1.453546
v -0.127831 0.642648 1.445065
v -0.130084 0.653975 1.453982
v -0.128058 0.643789 1.447821
v -0.128439 0.645706 1.450307
v -0.128937 0.648212 1.452279
v -0.129504 0.651061 1.453546
v 0.114261 0.574431 1.211075
v 0.116515 0.585758 1.219992
v 0.114841 0.577345 1.211511
v 0.115408 0.580194 1.212778
v 0.115906 0.582700 1.214751
v 0.116288 0.584617 1.217237
v -0.000000 0.597234 1.219992
v -0.000000 0.585685 1.211075
v -0.000000 0.596071 1.217237
v -0.000000 0.594116 1.214751
v -0.000000 0.591561 1.212778
v -0.000000 0.588656 1.211511
v 0.224132 0.541102 1.211075
v 0.228551 0.551772 1.219992
v 0.225269 0.543847 1.211511
v 0.226381 0.546531 1.212778
v 0.227358 0.548892 1.214751
v 0.228106 0.550698 1.217237
v 0.325389 0.486979 1.211075
v 0.331805 0.496582 1.219992
v 0.327040 0.489449 1.211511
v 0.328654 0.491865 1.212778
v 0.330073 0.493989 1.214751
v 0.331159 0.495615 1.217237
v 0.414142 0.414142 1.211075
v 0.422308 0.422308 1.219992
v 0.416242 0.416242 1.211511
v 0.418297 0.418297 1.212778
v 0.420103 0.420103 1.214751
v 0.421486 0.421486 1.217237
v 0.486979 0.325389 1.211075
v 0.496582 0.331805 1.219992
v 0.489449 0.327040 1.211511
v 0.491865 0.328654 1.212778
v 0.493989 0.330073 1.214751
v 0.495615 0.331159 1.217237
v 0.541102 0.224132 1.211075
v 0.551772 0.228551 1.219992
v 0.543847 0.225269 1.211511
v 0.546531 0.226381 1.212778
v 0.548892 0.227358 1.214751
v 0.550698 0.228106 1.217237
v 0.574431 0.114261 1.211075
v 0.585758 0.116514 1.219992
v 0.577345 0.114841 1.211511
v 0.580194 0.115408 1.212778
v 0.582700 0.115906 1.214751
v 0.584617 0.116288 1.217237
v 0.585685 -0.000000 1.211075
v 0.597234 -0.000000 1.219992
v 0.588656 -0.000000 1.211511
v 0.591561 -0.000000 1.212778
v 0.594116 -0.000000 1.214751
v 0.596071 -0.000000 1.217237
v 0.574431 -0.114261 1.211075
v 0.585758 -0.116515 1.219992
v 0.577345 -0.114841 1.211511
v 0.580194 -0.115408 1.212778
v 0.582700 -0.115906 1.214751
v 0.584617 -0.116288 1.217237
v 0.541102 -0.224132 1.211075
v 0.551772 -0.228551 1.219992
v 0.543847 -0.225269 1.211511
v 0.546531 -0.226381 1.212778
v 0.548892 -0.227358 1.214751
v 0.550698 -0.228106 1.217237
v 0.486979 -0.325389 1.211075
v 0.496582 -0.331805 1.219992
v 0.489449 -0.327040 1.211511
v 0.491865 -0.328654 1.212778
v 0.493989 -0.330073 1.214751
v 0.495615 -0.331159 1.217237
v 0.414142 -0.414142 1.211075
v 0.422308 -0.422308 1.219992
v 0.416242 -0.416242 1.211511
v 0.418297 -0.418297 1.212778
v 0.420103 -0.420103 1.214751
v 0.421486 -0.421486 1.217237
v 0.325389 -0.486979 1.211075
v 0.331805 -0.496582 1.219992
v 0.327040 -0.489449 1.211511
v 0.328654 -0.491865 1.212778
v 0.330073 -0.493989 1.214751
v 0.331159 -0.495615 1.217237
v 0.224132 -0.541102 1.211075
v 0.228551 -0.551772 1.219992
v 0.225269 -0.543847 1.211511
v 0.226381 -0.546531 1.212778
v 0.227358 -0.548892 1.214751
v 0.228106 -0.550698 1.217237
v 0.114261 -0.574431 1.211075
v 0.116515 -0.585758 1.219992
v 0.114841 -0.577345 1.211511
v 0.115408 -0.580194 1.212778
v 0.115906 -0.582700 1.214751
v 0.116288 -0.584617 1.217237
v -0.000000 -0.585685 1.211075
v -0.000000 -0.597234 1.219992
v -0.000000 -0.588656 1.211511
v -0.000000 -0.591561 1.212778
v -0.000000 -0.594116 1.214751
v -0.000000 -0.596071 1.217237
v -0.114261 -0.574431 1.211075
v -0.116515 -0.585758 1.219992
v -0.114841 -0.577345 1.211511
v -0.115408 -0.580194 1.212778
v -0.115906 -0.582700 1.214751
v -0.116288 -0.584617 1.217237
v -0.224132 -0.541102 1.211075
v -0.228551 -0.551772 1.219992
v -0.225269 -0.543847 1.211511
v -0.226381 -0.546531 1.212778
v -0.227358 -0.548892 1.214751
v -0.228106 -0.550698 1.217237
v -0.325389 -0.486979 1.211075
v -0.331805 -0.496582 1.219992
v -0.327040 -0.489449 1.211511
v -0.328654 -0.491865 1.212778
v -0.330073 -0.493989 1.214751
v -0.331159 -0.495615 1.217237
v -0.414142 -0.414142 1.211075
v -0.422308 -0.422308 1.219992
v -0.416242 -0.416242 1.211511
v -0.418297 -0.418297 1.212778
v -0.420103 -0.420103 1.214751
v -0.421486 -0.421486 1.217237
v -0.486979 -0.325389 1.211075
v -0.496582 -0.331805 1.219992
v -0.489449 -0.327040 1.211511
v -0.491865 -0.328654 1.212778
v -0.493989 -0.330073 1.214751
v -0.495615 -0.331159 1.217237
v -0.541102 -0.224132 1.211075
v -0.551772 -0.228551 1.219992
v -0.543847 -0.225269 1.211511
v -0.546531 -0.226381 1.212778
v -0.548892 -0.227358 1.214751
v -0.550698 -0.228106 1.217237
v -0.574431 -0.114261 1.211075
v -0.585758 -0.116515 1.219992
v -0.577345 -0.114841 1.211511
v -0.580194 -0.115408 1.212778
v -0.582700 -0.115906 1.214751
v -0.584617 -0.116288 1.217237
v -0.585685 -0.000000 1.211075
v -0.597234 -0.000000 1.219992
v -0.588656 -0.000000 1.211511
v -0.591561 -0.000000 1.212778
v -0.594116 -0.000000 1.214751
v -0.596071 -0.000000 1.217237
v -0.574431 0.114261 1.211075
v -0.585758 0.116514 1.219992
v -0.577345 0.114841 1.211511
v -0.580194 0.115408 1.212778
v -0.582700 0.115906 1.214751
v -0.584617 0.116288 1.217237
v -0.541102 0.224132 1.211075
v -0.551772 0.228551 1.219992
v -0.543847 0.225269 1.211511
v -0.546531 0.226381 1.212778
v -0.548892 0.227358 1.214751
v -0.550698 0.228106 1.217237
v -0.486979 0.325389 1.211075
v -0.496582 0.331805 1.219992
v -0.489449 0.327040 1.211511
v -0.491865 0.328654 1.212778
v -0.493989 0.330073 1.214751
v -0.495615 0.331159 1.217237
v -0.414142 0.414142 1.211075
v -0.422308 0.422308 1.219992
v -0.416242 0.416242 1.211511
v -0.418297 0.418297 1.212778
v -0.420103 0.420103 1.214751
v -0.421486 0.421486 1.217237
v -0.325389 0.486979 1.211075
v -0.331805 0.496582 1.219992
v -0.327040 0.489449 1.211511
v -0.328654 0.491865 1.212778
v -0.330073 0.493989 1.214751
v -0.331159 0.495615 1.217237
v -0.224132 0.541102 1.211075
v -0.228551 0.551772 1.219992
v -0.225269 0.543847 1.211511
v -0.226381 0.546531 1.212778
v -0.227358 0.548892 1.214751
v -0.228106 0.550698 1.217237
v -0.114261 0.574431 1.211075
v -0.116515 0.585758 1.219992
v -0.114841 0.577345 1.211511
v -0.115408 0.580194 1.212778
v -0.115906 0.582700 1.214751
v -0.116288 0.584617 1.217237
v 0.099099 0.498203 1.218496
v 0.101971 0.512645 1.211075
v 0.099517 0.500306 1.216203
v 0.100071 0.503092 1.214134
v 0.100707 0.506287 1.212492
v 0.101361 0.509578 1.211438
v -0.000000 0.522688 1.211075
v -0.000000 0.507964 1.218496
v -0.000000 0.519562 1.211438
v -0.000000 0.516205 1.212492
v -0.000000 0.512948 1.214134
v -0.000000 0.510108 1.216203
v 0.194389 0.469297 1.218496
v 0.200024 0.482901 1.211075
v 0.195210 0.471278 1.216203
v 0.196297 0.473902 1.214134
v 0.197543 0.476912 1.212492
v 0.198828 0.480012 1.211438
v 0.282210 0.422356 1.218496
v 0.290390 0.434599 1.211075
v 0.283401 0.424139 1.216203
v 0.284979 0.426501 1.214134
v 0.286788 0.429209 1.212492
v 0.288653 0.432000 1.211438
v 0.359185 0.359185 1.218496
v 0.369596 0.369596 1.211075
v 0.360701 0.360701 1.216203
v 0.362709 0.362709 1.214134
v 0.365012 0.365012 1.212492
v 0.367386 0.367386 1.211438
v 0.422356 0.282210 1.218496
v 0.434599 0.290390 1.211075
v 0.424139 0.283401 1.216203
v 0.426501 0.284979 1.214134
v 0.429209 0.286788 1.212492
v 0.432000 0.288653 1.211438
v 0.469297 0.194389 1.218496
v 0.482901 0.200024 1.211075
v 0.471278 0.195210 1.216203
v 0.473902 0.196297 1.214134
v 0.476912 0.197543 1.212492
v 0.480012 0.198828 1.211438
v 0.498203 0.099099 1.218496
v 0.512645 0.101971 1.211075
v 0.500306 0.099517 1.216203
v 0.503092 0.100071 1.214134
v 0.506287 0.100707 1.212492
v 0.509578 0.101361 1.211438
v 0.507964 -0.000000 1.218496
v 0.522688 -0.000000 1.211075
v 0.510108 -0.000000 1.216203
v 0.512948 -0.000000 1.214134
v 0.516205 -0.000000 1.212492
v 0.519562 -0.000000 1.211438
v 0.498203 -0.099099 1.218496
v 0.512645 -0.101971 1.211075
v 0.500306 -0.099517 1.216203
v 0.503092 -0.100071 1.214134
v 0.506287 -0.100707 1.212492
v 0.509578 -0.101361 1.211438
v 0.469297 -0.194389 1.218496
v 0.482901 -0.200024 1.211075
v 0.471278 -0.195210 1.216203
v 0.473902 -0.196297 1.214134
v 0.476912 -0.197543 1.212492
v 0.480012 -0.198828 1.211438
v 0.422356 -0.282210 1.218496
v 0.434599 -0.290390 1.211075
v 0.424139 -0.283401 1.216203
v 0.426501 -0.284979 1.214134
v 0.429209 -0.286788 1.212492
v 0.432000 -0.288653 1.211438
v 0.359185 -0.359185 1.218496
v 0.369596 -0.369596 1.211075
v 0.360701 -0.360701 1.216203
v 0.362709 -0.362709 1.214134
v 0.365012 -0.365012 1.212492
v 0.367386 -0.367386 1.211438
v 0.282210 -0.422356 1.218496
v 0.290390 -0.434599 1.211075
v 0.283401 -0.424139 1.216203
v 0.284979 -0.426501 1.214134
v 0.286788 -0.429209 1.212492
v 0.288653 -0.432000 1.211438
v 0.194389 -0.469297 1.218496
v 0.200024 -0.482901 1.211075
v 0.195210 -0.471278 1.216203
v 0.196297 -0.473902 1.214134
v 0.197543 -0.476912 1.212492
v 0.198828 -0.480012 1.211438
v 0.099099 -0.498203 1.218496
v 0.101971 -0.512645 1.211075
v 0.099517 -0.500306 1.216203
v 0.100071 -0.503092 1.214134
v 0.100707 -0.506287 1.212492
v 0.101361 -0.509578 1.211438
v -0.000000 -0.507964 1.218496
v -0.000000 -0.522688 1.211075
v -0.000000 -0.510108 1.216203
v -0.000000 -0.512948 1.214134
v -0.000000 -0.516205 1.212492
v -0.000000 -0.519562 1.211438
v -0.099099 -0.498203 1.218496
v -0.101971 -0.512645 1.211075
v -0.099517 -0.500306 1.216203
v -0.100071 -0.503092 1.214134
v -0.100707 -0.506287 1.212492
v -0.101361 -0.509578 1.211438
v -0.194389 -0.469297 1.218496
v -0.200024 -0.482901 1.211075
v -0.195210 -0.471278 1.216203
v -0.196297 -0.473902 1.214134
v -0.197543 -0.476912 1.212492
v -0.198828 -0.480012 1.211438
v -0.282210 -0.422356 1.218496
v -0.290390 -0.434599 1.211075
v -0.283401 -0.424139 1.216203
v -0.284979 -0.426501 1.214134
v -0.286788 -0.429209 1.212492
v -0.288653 -0.432000 1.211438
v -0.359185 -0.359185 1.218496
v -0.369596 -0.369596 1.211075
v -0.360701 -0.360701 1.216203
v -0.362709 -0.362709 1.214134
v -0.365012 -0.365012 1.212492
v -0.367386 -0.367386 1.211438
v -0.422356 -0.282210 1.218496
v -0.434599 -0.290390 1.211075
v -0.424139 -0.283401 1.216203
v -0.426501 -0.284979 1.214134
v -0.429209 -0.286788 1.212492
v -0.432000 -0.288653 1.211438
v -0.469297 -0.194389 1.218496
v -0.482901 -0.200024 1.211075
v -0.471278 -0.195210 1.216203
v -0.473902 -0.196297 1.214134
v -0.476912 -0.197543 1.212492
v -0.480012 -0.198828 1.211438
v -0.498203 -0.099099 1.218496
v -0.512645 -0.101971 1.211075
v -0.500306 -0.099517 1.216203
v -0.503092 -0.100071 1.214134
v -0.506287 -0.100707 1.212492
v -0.509578 -0.101361 1.211438
v -0.507964 -0.000000 1.218496
v -0.522688 -0.000000 1.211075
v -0.510108 -0.000000 1.216203
v -0.512948 -0.000000 1.214134
v -0.516205 -0.000000 1.212492
v -0.519562 -0.000000 1.211438
v -0.498203 0.099099 1.218496
v -0.512645 0.101971 1.211075
v -0.500306 0.099517 1.216203
v -0.503092 0.100071 1.214134
v -0.506287 0.100707 1.212492
v -0.509578 0.101361 1.211438
v -0.469297 0.194389 1.218496
v -0.482901 0.200024 1.211075
v -0.471278 0.195210 1.216203
v -0.473902 0.196297 1.214134
v -0.476912 0.197543 1.212492
v -0.480012 0.198828 1.211438
v -0.422356 0.282210 1.218496
v -0.434599 0.290390 1.211075
v -0.424139 0.283401 1.216203
v -0.426501 0.284979 1.214134
v -0.429209 0.286788 1.212492
v -0.432000 0.288653 1.211438
v -0.359185 0.359185 1.218496
v -0.369596 0.369596 1.211075
v -0.360701 0.360701 1.216203
v -0.362709 0.362709 1.214134
v -0.365012 0.365012 1.212492
v -0.367386 0.367386 1.211438
v -0.282210 0.422356 1.218496
v -0.290390 0.434599 1.211075
v -0.283401 0.424139 1.216203
v -0.284979 0.426501 1.214134
v -0.286788 0.429209 1.212492
v -0.288653 0.432000 1.211438
v -0.194389 0.469297 1.218496
v -0.200024 0.482901 1.211075
v -0.195210 0.471278 1.216203
v -0.196297 0.473902 1.214134
v -0.197543 0.476912 1.212492
v -0.198828 0.480012 1.211438
v -0.099099 0.498203 1.218496
v -0.101971 0.512645 1.211075
v -0.099517 0.500306 1.216203
v -0.100071 0.503092 1.214134
v -0.100707 0.506287 1.212492
v -0.101361 0.509578 1.211438
v 0.060512 -0.257025 1.311510
v 0.043754 -0.266481 1.302307
v 0.054757 -0.275491 1.302304
v 0.057506 -0.259863 1.311023
v 0.053990 -0.262473 1.309732
v 0.058340 -0.260568 1.311023
v 0.056125 -0.262472 1.310236
v 0.053724 -0.264082 1.309229
v 0.056507 -0.264568 1.309732
v 0.055009 -0.265151 1.309204
v 0.053514 -0.265656 1.308501
v 0.046675 -0.266955 1.302280
v 0.049494 -0.268215 1.302265
v 0.046766 -0.265922 1.305125
v 0.048949 -0.266361 1.305056
v 0.050843 -0.267317 1.305011
v 0.050285 -0.264564 1.307697
v 0.051299 -0.265404 1.307501
v 0.052163 -0.266372 1.307207
v 0.054652 -0.272401 1.305123
v 0.055234 -0.268650 1.307696
v 0.053716 -0.272720 1.302279
v 0.053721 -0.270380 1.305071
v 0.054192 -0.267828 1.307510
v 0.051925 -0.270206 1.302265
v 0.052458 -0.268671 1.305011
v 0.053102 -0.267146 1.307207
v 0.000000 -0.257168 1.311510
v 0.000000 -0.266584 1.302307
v 0.000000 -0.260023 1.311060
v 0.000000 -0.262620 1.309753
v 0.000000 -0.264703 1.307717
v 0.000000 -0.266069 1.305151
v -0.054757 -0.275491 1.302304
v -0.043754 -0.266481 1.302307
v -0.060512 -0.257025 1.311510
v -0.053716 -0.272720 1.302279
v -0.051925 -0.270206 1.302265
v -0.054652 -0.272401 1.305123
v -0.053790 -0.270336 1.305055
v -0.052481 -0.268662 1.305011
v -0.055234 -0.268650 1.307696
v -0.054213 -0.267809 1.307501
v -0.053102 -0.267146 1.307207
v -0.046766 -0.265922 1.305125
v -0.050285 -0.264564 1.307697
v -0.046675 -0.266955 1.302280
v -0.048920 -0.266438 1.305072
v -0.051284 -0.265429 1.307510
v -0.049494 -0.268215 1.302265
v -0.050839 -0.267342 1.305011
v -0.052163 -0.266372 1.307207
v -0.058340 -0.260568 1.311023
v -0.056507 -0.264568 1.309732
v -0.057506 -0.259863 1.311023
v -0.056085 -0.262439 1.310236
v -0.054997 -0.265139 1.309229
v -0.053990 -0.262473 1.309732
v -0.053709 -0.264073 1.309205
v -0.053514 -0.265656 1.308501
v 0.083910 0.421846 1.311510
v 0.086783 0.436287 1.304089
v 0.084520 0.424912 1.311147
v 0.085175 0.428204 1.310093
v 0.085811 0.431399 1.308451
v 0.086365 0.434184 1.306382
v 0.000000 0.444835 1.304089
v 0.000000 0.430110 1.311510
v 0.000000 0.442690 1.306382
v 0.000000 0.439850 1.308451
v 0.000000 0.436593 1.310093
v 0.000000 0.433237 1.311147
v 0.164596 0.397370 1.311510
v 0.170231 0.410974 1.304089
v 0.165792 0.400258 1.311147
v 0.167077 0.403359 1.310093
v 0.168323 0.406369 1.308451
v 0.169410 0.408993 1.306382
v 0.238956 0.357623 1.311510
v 0.247137 0.369866 1.304089
v 0.240693 0.360223 1.311147
v 0.242558 0.363014 1.310093
v 0.244368 0.365722 1.308451
v 0.245946 0.368083 1.306382
v 0.304134 0.304134 1.311510
v 0.314545 0.314545 1.304089
v 0.306344 0.306344 1.311147
v 0.308718 0.308718 1.310093
v 0.311021 0.311021 1.308451
v 0.313029 0.313029 1.306382
v 0.357623 0.238956 1.311510
v 0.369866 0.247137 1.304089
v 0.360223 0.240693 1.311147
v 0.363014 0.242558 1.310093
v 0.365722 0.244368 1.308451
v 0.368084 0.245946 1.306382
v 0.397370 0.164596 1.311510
v 0.410974 0.170231 1.304089
v 0.400258 0.165793 1.311147
v 0.403359 0.167077 1.310093
v 0.406369 0.168324 1.308451
v 0.408993 0.169410 1.306382
v 0.421846 0.083910 1.311510
v 0.436287 0.086783 1.304089
v 0.424912 0.084520 1.311147
v 0.428204 0.085175 1.310093
v 0.431399 0.085811 1.308451
v 0.434184 0.086365 1.306382
v 0.430110 0.000000 1.311510
v 0.444835 0.000000 1.304089
v 0.433237 0.000000 1.311147
v 0.436593 0.000000 1.310093
v 0.439850 0.000000 1.308451
v 0.442690 0.000000 1.306382
v 0.421846 -0.083910 1.311510
v 0.436287 -0.086783 1.304089
v 0.424912 -0.084520 1.311147
v 0.428204 -0.085175 1.310093
v 0.431399 -0.085811 1.308451
v 0.434184 -0.086365 1.306382
v 0.397370 -0.164596 1.311510
v 0.410974 -0.170231 1.304089
v 0.400258 -0.165792 1.311147
v 0.403359 -0.167077 1.310093
v 0.406369 -0.168323 1.308451
v 0.408993 -0.169410 1.306382
v 0.357623 -0.238956 1.311510
v 0.369866 -0.247137 1.304089
v 0.360223 -0.240693 1.311147
v 0.363014 -0.242558 1.310093
v 0.365722 -0.244368 1.308451
v 0.368083 -0.245946 1.306382
v 0.304134 -0.304134 1.311510
v 0.314545 -0.314545 1.304089
v 0.306344 -0.306344 1.311147
v 0.308718 -0.308718 1.310093
v 0.311021 -0.311021 1.308451
v 0.313029 -0.313029 1.306382
v 0.238956 -0.357623 1.311510
v 0.247137 -0.369866 1.304089
v 0.240693 -0.360223 1.311147
v 0.242558 -0.363014 1.310093
v 0.244368 -0.365722 1.308451
v 0.245946 -0.368084 1.306382
v 0.068570 -0.390842 1.302305
v 0.089003 -0.400259 1.311510
v 0.075980 -0.381851 1.302304
v 0.072241 -0.391382 1.305122
v 0.076535 -0.392727 1.307696
v 0.071314 -0.390370 1.302289
v 0.073991 -0.390875 1.305075
v 0.076899 -0.391896 1.307511
v 0.073618 -0.389117 1.302281
v 0.075401 -0.390005 1.305018
v 0.077194 -0.391016 1.307211
v 0.085520 -0.397184 1.311024
v 0.082155 -0.393444 1.309732
v 0.085341 -0.397420 1.311024
v 0.082735 -0.395105 1.310237
v 0.080475 -0.392572 1.309230
v 0.081053 -0.394810 1.309732
v 0.079855 -0.393324 1.309206
v 0.078840 -0.391836 1.308503
v 0.076040 -0.384636 1.302289
v 0.075250 -0.387136 1.302281
v 0.077171 -0.385382 1.305122
v 0.077093 -0.387237 1.305058
v 0.076454 -0.388766 1.305018
v 0.079275 -0.389373 1.307696
v 0.078561 -0.389908 1.307502
v 0.077734 -0.390356 1.307211
v 0.000000 -0.390553 1.302305
v 0.000000 -0.399882 1.311510
v 0.000000 -0.391042 1.305150
v 0.000000 -0.392384 1.307716
v 0.000000 -0.394448 1.309752
v 0.000000 -0.397032 1.311060
v -0.075980 -0.381851 1.302304
v -0.089003 -0.400259 1.311510
v -0.068570 -0.390842 1.302305
v -0.077171 -0.385382 1.305122
v -0.079275 -0.389373 1.307696
v -0.076040 -0.384636 1.302289
v -0.077009 -0.387204 1.305075
v -0.078534 -0.389896 1.307511
v -0.075250 -0.387136 1.302281
v -0.076427 -0.388757 1.305018
v -0.077734 -0.390356 1.307211
v -0.085341 -0.397420 1.311024
v -0.081053 -0.394810 1.309732
v -0.085520 -0.397184 1.311024
v -0.082771 -0.395061 1.310237
v -0.079873 -0.393315 1.309231
v -0.082155 -0.393444 1.309732
v -0.080481 -0.392553 1.309206
v -0.078840 -0.391836 1.308503
v -0.071314 -0.390370 1.302289
v -0.073618 -0.389117 1.302281
v -0.072241 -0.391383 1.305122
v -0.074040 -0.390951 1.305059
v -0.075415 -0.390029 1.305018
v -0.076535 -0.392727 1.307696
v -0.076916 -0.391920 1.307502
v -0.077194 -0.391017 1.307211
v -0.238956 -0.357623 1.311510
v -0.247137 -0.369866 1.304089
v -0.240693 -0.360223 1.311147
v -0.242558 -0.363014 1.310093
v -0.244368 -0.365722 1.308451
v -0.245946 -0.368083 1.306382
v -0.304134 -0.304134 1.311510
v -0.314545 -0.314545 1.304089
v -0.306344 -0.306344 1.311147
v -0.308718 -0.308718 1.310093
v -0.311021 -0.311021 1.308451
v -0.313029 -0.313029 1.306382
v -0.357623 -0.238956 1.311510
v -0.369866 -0.247137 1.304089
v -0.360223 -0.240693 1.311147
v -0.363014 -0.242558 1.310093
v -0.365722 -0.244368 1.308451
v -0.368084 -0.245946 1.306382
v -0.397370 -0.164596 1.311510
v -0.410974 -0.170231 1.304089
v -0.400258 -0.165792 1.311147
v -0.403359 -0.167077 1.310093
v -0.406369 -0.168323 1.308451
v -0.408993 -0.169410 1.306382
v -0.421846 -0.083910 1.311510
v -0.436287 -0.086783 1.304089
v -0.424912 -0.084520 1.311147
v -0.428204 -0.085175 1.310093
v -0.431399 -0.085811 1.308451
v -0.434184 -0.086365 1.306382
v -0.430110 0.000000 1.311510
v -0.444835 0.000000 1.304089
v -0.433237 0.000000 1.311147
v -0.436593 0.000000 1.310093
v -0.439850 0.000000 1.308451
v -0.442690 0.000000 1.306382
v -0.421846 0.083910 1.311510
v -0.436287 0.086783 1.304089
v -0.424912 0.084520 1.311147
v -0.428204 0.085175 1.310093
v -0.431399 0.085811 1.308451
v -0.434184 0.086365 1.306382
v -0.397370 0.164596 1.311510
v -0.410974 0.170231 1.304089
v -0.400258 0.165793 1.311147
v -0.403359 0.167077 1.310093
v -0.406369 0.168324 1.308451
v -0.408993 0.169410 1.306382
v -0.357623 0.238956 1.311510
v -0.369866 0.247137 1.304089
v -0.360223 0.240693 1.311147
v -0.363014 0.242558 1.310093
v -0.365722 0.244368 1.308451
v -0.368083 0.245946 1.306382
v -0.304134 0.304134 1.311510
v -0.314545 0.314545 1.304089
v -0.306344 0.306344 1.311147
v -0.308718 0.308718 1.310093
v -0.311021 0.311021 1.308451
v -0.313029 0.313029 1.306382
v -0.238956 0.357623 1.311510
v -0.247137 0.369866 1.304089
v -0.240693 0.360223 1.311147
v -0.242558 0.363014 1.310093
v -0.244368 0.365722 1.308451
v -0.245946 0.368084 1.306382
v -0.164596 0.397370 1.311510
v -0.170231 0.410974 1.304089
v -0.165792 0.400258 1.311147
v -0.167077 0.403359 1.310093
v -0.168323 0.406369 1.308451
v -0.169410 0.408993 1.306382
v -0.083910 0.421846 1.311510
v -0.086783 0.436287 1.304089
v -0.084520 0.424912 1.311147
v -0.085175 0.428204 1.310093
v -0.085811 0.431399 1.308451
v -0.086365 0.434184 1.306382
v 0.074210 -0.325890 1.311510
v 0.064863 -0.326097 1.302304
v 0.071322 -0.325952 1.311060
v 0.068716 -0.326009 1.309752
v 0.066649 -0.326055 1.307716
v 0.065321 -0.326085 1.305149
v -0.064863 -0.326097 1.302304
v -0.074210 -0.325890 1.311510
v -0.065321 -0.326085 1.305149
v -0.066648 -0.326055 1.307716
v -0.068716 -0.326009 1.309752
v -0.071322 -0.325952 1.311060
v 0.218713 1.099542 0.876440
v 0.218713 1.099542 0.876440
v 0.216908 1.090469 0.876440
v 0.218713 1.099542 0.876440
v 0.218713 1.099542 0.876440
v 0.218352 1.097728 0.876440
v 0.218352 1.097728 0.876440
v 0.218388 1.097909 0.876440
v 0.217991 1.095913 0.876440
v 0.217991 1.095913 0.876440
v 0.218059 1.096256 0.876440
v 0.218352 1.097728 0.876440
v 0.217991 1.095913 0.876440
v 0.218713 1.099542 0.876440
v 0.218352 1.097728 0.876440
v 0.217991 1.095913 0.876440
v 0.218713 1.099542 0.876440
v 0.218356 1.097748 0.876440
v 0.217998 1.095951 0.876440
v 0.217269 1.092284 0.876440
v 0.217630 1.094099 0.876440
v 0.217269 1.092284 0.876440
v 0.217592 1.093907 0.876440
v 0.217899 1.095453 0.876440
v 0.217630 1.094099 0.876440
v 0.217899 1.095453 0.876440
v 0.218121 1.096566 0.876440
v -0.000000 1.111833 0.876440
v -0.000000 1.121084 0.876440
v -0.000000 1.121084 0.876440
v -0.000000 1.113683 0.876440
v -0.000000 1.115533 0.876440
v -0.000000 1.114692 0.876440
v -0.000000 1.115936 0.876440
v -0.000000 1.117202 0.876440
v -0.000000 1.117270 0.876440
v -0.000000 1.117950 0.876440
v -0.000000 1.118567 0.876440
v -0.000000 1.121084 0.876440
v -0.000000 1.121084 0.876440
v -0.000000 1.119234 0.876440
v -0.000000 1.119234 0.876440
v -0.000000 1.119234 0.876440
v -0.000000 1.117383 0.876440
v -0.000000 1.117383 0.876440
v -0.000000 1.117383 0.876440
v -0.000000 1.120631 0.876440
v -0.000000 1.119317 0.876440
v -0.000000 1.121084 0.876440
v -0.000000 1.119323 0.876440
v -0.000000 1.117406 0.876440
v -0.000000 1.121084 0.876440
v -0.000000 1.119323 0.876440
v -0.000000 1.117406 0.876440
v 0.429020 1.035746 0.876440
v 0.429020 1.035746 0.876440
v 0.425480 1.027200 0.876440
v 0.429020 1.035746 0.876440
v 0.429020 1.035746 0.876440
v 0.428312 1.034037 0.876440
v 0.428312 1.034037 0.876440
v 0.428379 1.034198 0.876440
v 0.427604 1.032328 0.876440
v 0.427604 1.032328 0.876440
v 0.427730 1.032631 0.876440
v 0.428312 1.034037 0.876440
v 0.427604 1.032328 0.876440
v 0.429020 1.035746 0.876440
v 0.428312 1.034037 0.876440
v 0.427604 1.032328 0.876440
v 0.429020 1.035746 0.876440
v 0.428312 1.034037 0.876440
v 0.427604 1.032328 0.876440
v 0.426188 1.028909 0.876440
v 0.426896 1.030619 0.876440
v 0.426188 1.028909 0.876440
v 0.426821 1.030438 0.876440
v 0.427425 1.031895 0.876440
v 0.426896 1.030619 0.876440
v 0.427425 1.031894 0.876440
v 0.427859 1.032943 0.876440
v 0.622841 0.932147 0.876440
v 0.622841 0.932147 0.876440
v 0.617702 0.924455 0.876440
v 0.622841 0.932147 0.876440
v 0.622841 0.932147 0.876440
v 0.621813 0.930609 0.876440
v 0.621813 0.930609 0.876440
v 0.621813 0.930609 0.876440
v 0.620785 0.929070 0.876440
v 0.620785 0.929070 0.876440
v 0.620785 0.929070 0.876440
v 0.621813 0.930609 0.876440
v 0.620785 0.929071 0.876440
v 0.622841 0.932147 0.876440
v 0.621813 0.930609 0.876440
v 0.620785 0.929071 0.876440
v 0.622841 0.932147 0.876440
v 0.621813 0.930609 0.876440
v 0.620785 0.929071 0.876440
v 0.618729 0.925994 0.876440
v 0.619757 0.927532 0.876440
v 0.618729 0.925994 0.876440
v 0.619648 0.927369 0.876440
v 0.620525 0.928680 0.876440
v 0.619757 0.927532 0.876440
v 0.620525 0.928680 0.876440
v 0.621155 0.929624 0.876440
v 0.792726 0.792726 0.876440
v 0.792726 0.792726 0.876440
v 0.786185 0.786185 0.876440
v 0.792726 0.792726 0.876440
v 0.792726 0.792726 0.876440
v 0.791418 0.791418 0.876440
v 0.791418 0.791418 0.876440
v 0.791541 0.791541 0.876440
v 0.790110 0.790110 0.876440
v 0.790110 0.790110 0.876440
v 0.790342 0.790342 0.876440
v 0.791418 0.791418 0.876440
v 0.790110 0.790110 0.876440
v 0.792726 0.792726 0.876440
v 0.791418 0.791418 0.876440
v 0.790110 0.790110 0.876440
v 0.792726 0.792726 0.876440
v 0.791418 0.791418 0.876440
v 0.790110 0.790110 0.876440
v 0.787493 0.787493 0.876440
v 0.788801 0.788801 0.876440
v 0.787493 0.787493 0.876440
v 0.788663 0.788663 0.876440
v 0.789778 0.789778 0.876440
v 0.788801 0.788801 0.876440
v 0.789778 0.789778 0.876440
v 0.790580 0.790580 0.876440
v 0.932147 0.622841 0.876440
v 0.932147 0.622841 0.876440
v 0.924455 0.617702 0.876440
v 0.932147 0.622841 0.876440
v 0.932147 0.622841 0.876440
v 0.930609 0.621813 0.876440
v 0.930609 0.621813 0.876440
v 0.930609 0.621813 0.876440
v 0.929070 0.620785 0.876440
v 0.929070 0.620785 0.876440
v 0.929070 0.620785 0.876440
v 0.930609 0.621813 0.876440
v 0.929071 0.620785 0.876440
v 0.932147 0.622841 0.876440
v 0.930609 0.621813 0.876440
v 0.929071 0.620785 0.876440
v 0.932147 0.622841 0.876440
v 0.930609 0.621813 0.876440
v 0.929071 0.620785 0.876440
v 0.925994 0.618729 0.876440
v 0.927532 0.619757 0.876440
v 0.925994 0.618729 0.876440
v 0.927369 0.619648 0.876440
v 0.928680 0.620525 0.876440
v 0.927532 0.619757 0.876440
v 0.928680 0.620525 0.876440
v 0.929624 0.621155 0.876440
v 1.035746 0.429020 0.876440
v 1.035746 0.429020 0.876440
v 1.027200 0.425480 0.876440
v 1.035746 0.429020 0.876440
v 1.035746 0.429020 0.876440
v 1.034037 0.428312 0.876440
v 1.034037 0.428312 0.876440
v 1.034198 0.428379 0.876440
v 1.032328 0.427604 0.876440
v 1.032328 0.427604 0.876440
v 1.032632 0.427730 0.876440
v 1.034037 0.428312 0.876440
v 1.032328 0.427604 0.876440
v 1.035746 0.429020 0.876440
v 1.034037 0.428312 0.876440
v 1.032328 0.427604 0.876440
v 1.035746 0.429020 0.876440
v 1.034037 0.428312 0.876440
v 1.032328 0.427604 0.876440
v 1.028909 0.426188 0.876440
v 1.030619 0.426896 0.876440
v 1.028909 0.426188 0.876440
v 1.030438 0.426821 0.876440
v 1.031895 0.427425 0.876440
v 1.030619 0.426896 0.876440
v 1.031895 0.427425 0.876440
v 1.032943 0.427859 0.876440
v 1.099542 0.218713 0.876440
v 1.099542 0.218713 0.876440
v 1.090469 0.216908 0.876440
v 1.099542 0.218713 0.876440
v 1.099542 0.218713 0.876440
v 1.097728 0.218352 0.876440
v 1.097728 0.218352 0.876440
v 1.097898 0.218386 0.876440
v 1.095913 0.217991 0.876440
v 1.095913 0.217991 0.876440
v 1.096236 0.218055 0.876440
v 1.097728 0.218352 0.876440
v 1.095913 0.217991 0.876440
v 1.099542 0.218713 0.876440
v 1.097728 0.218352 0.876440
v 1.095913 0.217991 0.876440
v 1.099542 0.218713 0.876440
v 1.097728 0.218352 0.876440
v 1.095913 0.217991 0.876440
v 1.092284 0.217269 0.876440
v 1.094099 0.217630 0.876440
v 1.092284 0.217269 0.876440
v 1.093906 0.217592 0.876440
v 1.095453 0.217899 0.876440
v 1.094099 0.217630 0.876440
v 1.095453 0.217899 0.876440
v 1.096566 0.218121 0.876440
v 1.121084 -0.000000 0.876440
v 1.121084 -0.000000 0.876440
v 1.111833 -0.000000 0.876440
v 1.121084 -0.000000 0.876440
v 1.121084 -0.000000 0.876440
v 1.119234 -0.000000 0.876440
v 1.119234 -0.000000 0.876440
v 1.119234 -0.000000 0.876440
v 1.117383 -0.000000 0.876440
v 1.117383 -0.000000 0.876440
v 1.117383 -0.000000 0.876440
v 1.120631 -0.000000 0.876440
v 1.119317 -0.000000 0.876440
v 1.121084 -0.000000 0.876440
v 1.119323 -0.000000 0.876440
v 1.117406 -0.000000 0.876440
v 1.121084 -0.000000 0.876440
v 1.119323 -0.000000 0.876440
v 1.117406 -0.000000 0.876440
v 1.113683 -0.000000 0.876440
v 1.115533 -0.000000 0.876440
v 1.114692 -0.000000 0.876440
v 1.115936 -0.000000 0.876440
v 1.117202 -0.000000 0.876440
v 1.117270 -0.000000 0.876440
v 1.117950 -0.000000 0.876440
v 1.118567 -0.000000 0.876440
v 1.099542 -0.218713 0.876440
v 1.099542 -0.218713 0.876440
v 1.090469 -0.216908 0.876440
v 1.099542 -0.218713 0.876440
v 1.099542 -0.218713 0.876440
v 1.097728 -0.218352 0.876440
v 1.097728 -0.218352 0.876440
v 1.097898 -0.218386 0.876440
v 1.095913 -0.217991 0.876440
v 1.095913 -0.217991 0.876440
v 1.096236 -0.218055 0.876440
v 1.097728 -0.218352 0.876440
v 1.095913 -0.217991 0.876440
v 1.099542 -0.218713 0.876440
v 1.097728 -0.218352 0.876440
v 1.095913 -0.217991 0.876440
v 1.099542 -0.218713 0.876440
v 1.097728 -0.218352 0.876440
v 1.095913 -0.217991 0.876440
v 1.092284 -0.217269 0.876440
v 1.094099 -0.217630 0.876440
v 1.092284 -0.217269 0.876440
v 1.093907 -0.217592 0.876440
v 1.095453 -0.217899 0.876440
v 1.094099 -0.217630 0.876440
v 1.095453 -0.217899 0.876440
v 1.096566 -0.218121 0.876440
v 1.035746 -0.429020 0.876440
v 1.035746 -0.429020 0.876440
v 1.027200 -0.425480 0.876440
v 1.035746 -0.429020 0.876440
v 1.035746 -0.429020 0.876440
v 1.034037 -0.428312 0.876440
v 1.034037 -0.428312 0.876440
v 1.034198 -0.428379 0.876440
v 1.032328 -0.427604 0.876440
v 1.032328 -0.427604 0.876440
v 1.032632 -0.427730 0.876440
v 1.034037 -0.428312 0.876440
v 1.032328 -0.427604 0.876440
v 1.035746 -0.429020 0.876440
v 1.034037 -0.428312 0.876440
v 1.032328 -0.427604 0.876440
v 1.035746 -0.429020 0.876440
v 1.034037 -0.428312 0.876440
v 1.032328 -0.427604 0.876440
v 1.028909 -0.426188 0.876440
v 1.030619 -0.426896 0.876440
v 1.028909 -0.426188 0.876440
v 1.030438 -0.426821 0.876440
v 1.031894 -0.427425 0.876440
v 1.030619 -0.426896 0.876440
v 1.031895 -0.427425 0.876440
v 1.032943 -0.427859 0.876440
v 0.932147 -0.622841 0.876440
v 0.932147 -0.622841 0.876440
v 0.924455 -0.617702 0.876440
v 0.932147 -0.622841 0.876440
v 0.932147 -0.622841 0.876440
v 0.930609 -0.621813 0.876440
v 0.930609 -0.621813 0.876440
v 0.930609 -0.621813 0.876440
v 0.929070 -0.620785 0.876440
v 0.929070 -0.620785 0.876440
v 0.929070 -0.620785 0.876440
v 0.930609 -0.621813 0.876440
v 0.929071 -0.620785 0.876440
v 0.932147 -0.622841 0.876440
v 0.930609 -0.621813 0.876440
v 0.929071 -0.620785 0.876440
v 0.932147 -0.622841 0.876440
v 0.930609 -0.621813 0.876440
v 0.929071 -0.620785 0.876440
v 0.925994 -0.618729 0.876440
v 0.927532 -0.619757 0.876440
v 0.925994 -0.618729 0.876440
v 0.927369 -0.619648 0.876440
v 0.928680 -0.620525 0.876440
v 0.927532 -0.619757 0.876440
v 0.928680 -0.620525 0.876440
v 0.929624 -0.621155 0.876440
v 0.792726 -0.792726 0.876440
v 0.792726 -0.792726 0.876440
v 0.786185 -0.786185 0.876440
v 0.792726 -0.792726 0.876440
v 0.792726 -0.792726 0.876440
v 0.791418 -0.791418 0.876440
v 0.791418 -0.791418 0.876440
v 0.791541 -0.791541 0.876440
v 0.790110 -0.790110 0.876440
v 0.790110 -0.790110 0.876440
v 0.790342 -0.790342 0.876440
v 0.791418 -0.791418 0.876440
v 0.790110 -0.790110 0.876440
v 0.792726 -0.792726 0.876440
v 0.791418 -0.791418 0.876440
v 0.790110 -0.790110 0.876440
v 0.792726 -0.792726 0.876440
v 0.791418 -0.791418 0.876440
v 0.790110 -0.790110 0.876440
v 0.787493 -0.787493 0.876440
v 0.788801 -0.788801 0.876440
v 0.787493 -0.787493 0.876440
v 0.788663 -0.788663 0.876440
v 0.789778 -0.789778 0.876440
v 0.788801 -0.788801 0.876440
v 0.789778 -0.789778 0.876440
v 0.790580 -0.790580 0.876440
v 0.622841 -0.932147 0.876440
v 0.622841 -0.932147 0.876440
v 0.617702 -0.924455 0.876440
v 0.622841 -0.932147 0.876440
v 0.622841 -0.932147 0.876440
v 0.621813 -0.930609 0.876440
v 0.621813 -0.930609 0.876440
v 0.621813 -0.930609 0.876440
v 0.620785 -0.929070 0.876440
v 0.620785 -0.929070 0.876440
v 0.620785 -0.929070 0.876440
v 0.621813 -0.930609 0.876440
v 0.620785 -0.929071 0.876440
v 0.622841 -0.932147 0.876440
v 0.621813 -0.930609 0.876440
v 0.620785 -0.929071 0.876440
v 0.622841 -0.932147 0.876440
v 0.621813 -0.930609 0.876440
v 0.620785 -0.929071 0.876440
v 0.618729 -0.925994 0.876440
v 0.619757 -0.927532 0.876440
v 0.618729 -0.925994 0.876440
v 0.619648 -0.927369 0.876440
v 0.620525 -0.928680 0.876440
v 0.619757 -0.927532 0.876440
v 0.620525 -0.928680 0.876440
v 0.621155 -0.929624 0.876440
v 0.429020 -1.035746 0.876440
v 0.429020 -1.035746 0.876440
v 0.425480 -1.027200 0.876440
v 0.429020 -1.035746 0.876440
v 0.429020 -1.035746 0.876440
v 0.428312 -1.034037 0.876440
v 0.428312 -1.034037 0.876440
v 0.428379 -1.034198 0.876440
v 0.427604 -1.032328 0.876440
v 0.427604 -1.032328 0.876440
v 0.427730 -1.032631 0.876440
v 0.428312 -1.034037 0.876440
v 0.427604 -1.032328 0.876440
v 0.429020 -1.035746 0.876440
v 0.428312 -1.034037 0.876440
v 0.427604 -1.032328 0.876440
v 0.429020 -1.035746 0.876440
v 0.428312 -1.034037 0.876440
v 0.427604 -1.032328 0.876440
v 0.426188 -1.028909 0.876440
v 0.426896 -1.030619 0.876440
v 0.426188 -1.028909 0.876440
v 0.426821 -1.030438 0.876440
v 0.427425 -1.031895 0.876440
v 0.426896 -1.030619 0.876440
v 0.427425 -1.031894 0.876440
v 0.427859 -1.032943 0.876440
v 0.218713 -1.099542 0.876440
v 0.218713 -1.099542 0.876440
v 0.216908 -1.090469 0.876440
v 0.218713 -1.099542 0.876440
v 0.218713 -1.099542 0.876440
v 0.218352 -1.097728 0.876440
v 0.218352 -1.097728 0.876440
v 0.218388 -1.097909 0.876440
v 0.217991 -1.095913 0.876440
v 0.217991 -1.095913 0.876440
v 0.218059 -1.096256 0.876440
v 0.218352 -1.097728 0.876440
v 0.217991 -1.095913 0.876440
v 0.218713 -1.099542 0.876440
v 0.218352 -1.097728 0.876440
v 0.217991 -1.095913 0.876440
v 0.218713 -1.099542 0.876440
v 0.218356 -1.097748 0.876440
v 0.217998 -1.095951 0.876440
v 0.217269 -1.092284 0.876440
v 0.217630 -1.094099 0.876440
v 0.217269 -1.092284 0.876440
v 0.217592 -1.093907 0.876440
v 0.217899 -1.095453 0.876440
v 0.217630 -1.094099 0.876440
v 0.217899 -1.095453 0.876440
v 0.218121 -1.096566 0.876440
v -0.000000 -1.121084 0.876440
v -0.000000 -1.121084 0.876440
v -0.000000 -1.111833 0.876440
v -0.000000 -1.121084 0.876440
v -0.000000 -1.121084 0.876440
v -0.000000 -1.119234 0.876440
v -0.000000 -1.119234 0.876440
v -0.000000 -1.119234 0.876440
v -0.000000 -1.117383 0.876440
v -0.000000 -1.117383 0.876440
v -0.000000 -1.117383 0.876440
v -0.000000 -1.120631 0.876440
v -0.000000 -1.119317 0.876440
v -0.000000 -1.121084 0.876440
v -0.000000 -1.119323 0.876440
v -0.000000 -1.117406 0.876440
v -0.000000 -1.121084 0.876440
v -0.000000 -1.119323 0.876440
v -0.000000 -1.117406 0.876440
v -0.000000 -1.113683 0.876440
v -0.000000 -1.115533 0.876440
v -0.000000 -1.114692 0.876440
v -0.000000 -1.115936 0.876440
v -0.000000 -1.117202 0.876440
v -0.000000 -1.117270 0.876440
v -0.000000 -1.117950 0.876440
v -0.000000 -1.118567 0.876440
v -0.218713 -1.099542 0.876440
v -0.218713 -1.099542 0.876440
v -0.216908 -1.090469 0.876440
v -0.218713 -1.099542 0.876440
v -0.218713 -1.099542 0.876440
v -0.218352 -1.097728 0.876440
v -0.218352 -1.097728 0.876440
v -0.218388 -1.097909 0.876440
v -0.217991 -1.095913 0.876440
v -0.217991 -1.095913 0.876440
v -0.218059 -1.096256 0.876440
v -0.218352 -1.097728 0.876440
v -0.217991 -1.095913 0.876440
v -0.218713 -1.099542 0.876440
v -0.218352 -1.097728 0.876440
v -0.217991 -1.095913 0.876440
v -0.218713 -1.099542 0.876440
v -0.218356 -1.097748 0.876440
v -0.217998 -1.095951 0.876440
v -0.217269 -1.092284 0.876440
v -0.217630 -1.094099 0.876440
v -0.217269 -1.092284 0.876440
v -0.217592 -1.093907 0.876440
v -0.217899 -1.095453 0.876440
v -0.217630 -1.094099 0.876440
v -0.217899 -1.095453 0.876440
v -0.218121 -1.096566 0.876440
v -0.429020 -1.035746 0.876440
v -0.429020 -1.035746 0.876440
v -0.425480 -1.027200 0.876440
v -0.429020 -1.035746 0.876440
v -0.429020 -1.035746 0.876440
v -0.428312 -1.034037 0.876440
v -0.428312 -1.034037 0.876440
v -0.428379 -1.034198 0.876440
v -0.427604 -1.032328 0.876440
v -0.427604 -1.032328 0.876440
v -0.427730 -1.032631 0.876440
v -0.428312 -1.034037 0.876440
v -0.427604 -1.032328 0.876440
v -0.429020 -1.035746 0.876440
v -0.428312 -1.034037 0.876440
v -0.427604 -1.032328 0.876440
v -0.429020 -1.035746 0.876440
v -0.428312 -1.034037 0.876440
v -0.427604 -1.032328 0.876440
v -0.426188 -1.028909 0.876440
v -0.426896 -1.030619 0.876440
v -0.426188 -1.028909 0.876440
v -0.426821 -1.030438 0.876440
v -0.427425 -1.031895 0.876440
v -0.426896 -1.030619 0.876440
v -0.427425 -1.031894 0.876440
v -0.427859 -1.032943 0.876440
v -0.622841 -0.932147 0.876440
v -0.622841 -0.932147 0.876440
v -0.617702 -0.924455 0.876440
v -0.622841 -0.932147 0.876440
v -0.622841 -0.932147 0.876440
v -0.621813 -0.930609 0.876440
v -0.621813 -0.930609 0.876440
v -0.621813 -0.930609 0.876440
v -0.620785 -0.929070 0.876440
v -0.620785 -0.929070 0.876440
v -0.620785 -0.929070 0.876440
v -0.621813 -0.930609 0.876440
v -0.620785 -0.929071 0.876440
v -0.622841 -0.932147 0.876440
v -0.621813 -0.930609 0.876440
v -0.620785 -0.929071 0.876440
v -0.622841 -0.932147 0.876440
v -0.621813 -0.930609 0.876440
v -0.620785 -0.929071 0.876440
v -0.618729 -0.925994 0.876440
v -0.619757 -0.927532 0.876440
v -0.618729 -0.925994 0.876440
v -0.619648 -0.927369 0.876440
v -0.620525 -0.928680 0.876440
v -0.619757 -0.927532 0.876440
v -0.620525 -0.928680 0.876440
v -0.621155 -0.929624 0.876440
v -0.792726 -0.792726 0.876440
v -0.792726 -0.792726 0.876440
v -0.786185 -0.786185 0.876440
v -0.792726 -0.792726 0.876440
v -0.792726 -0.792726 0.876440
v -0.791418 -0.791418 0.876440
v -0.791418 -0.791418 0.876440
v -0.791541 -0.791541 0.876440
v -0.790110 -0.790110 0.876440
v -0.790110 -0.790110 0.876440
v -0.790342 -0.790342 0.876440
v -0.791418 -0.791418 0.876440
v -0.790110 -0.790110 0.876440
v -0.792726 -0.792726 0.876440
v -0.791418 -0.791418 0.876440
v -0.790110 -0.790110 0.876440
v -0.792726 -0.792726 0.876440
v -0.791418 -0.791418 0.876440
v -0.790110 -0.790110 0.876440
v -0.787493 -0.787493 0.876440
v -0.788801 -0.788801 0.876440
v -0.787493 -0.787493 0.876440
v -0.788663 -0.788663 0.876440
v -0.789778 -0.789778 0.876440
v -0.788801 -0.788801 0.876440
v -0.789778 -0.789778 0.876440
v -0.790580 -0.790580 0.876440
v -0.932147 -0.622841 0.876440
v -0.932147 -0.622841 0.876440
v -0.924455 -0.617702 0.876440
v -0.932147 -0.622841 0.876440
v -0.932147 -0.622841 0.876440
v -0.930609 -0.621813 0.876440
v -0.930609 -0.621813 0.876440
v -0.930609 -0.621813 0.876440
v -0.929070 -0.620785 0.876440
v -0.929070 -0.620785 0.876440
v -0.929070 -0.620785 0.876440
v -0.930609 -0.621813 0.876440
v -0.929071 -0.620785 0.876440
v -0.932147 -0.622841 0.876440
v -0.930609 -0.621813 0.876440
v -0.929071 -0.620785 0.876440
v -0.932147 -0.622841 0.876440
v -0.930609 -0.621813 0.876440
v -0.929071 -0.620785 0.876440
v -0.925994 -0.618729 0.876440
v -0.927532 -0.619757 0.876440
v -0.925994 -0.618729 0.876440
v -0.927369 -0.619648 0.876440
v -0.928680 -0.620525 0.876440
v -0.927532 -0.619757 0.876440
v -0.928680 -0.620525 0.876440
v -0.929624 -0.621155 0.876440
v -1.035746 -0.429020 0.876440
v -1.035746 -0.429020 0.876440
v -1.027200 -0.425480 0.876440
v -1.035746 -0.429020 0.876440
v -1.035746 -0.429020 0.876440
v -1.034037 -0.428312 0.876440
v -1.034037 -0.428312 0.876440
v -1.034198 -0.428379 0.876440
v -1.032328 -0.427604 0.876440
v -1.032328 -0.427604 0.876440
v -1.032632 -0.427730 0.876440
v -1.034037 -0.428312 0.876440
v -1.032328 -0.427604 0.876440
v -1.035746 -0.429020 0.876440
v -1.034037 -0.428312 0.876440
v -1.032328 -0.427604 0.876440
v -1.035746 -0.429020 0.876440
v -1.034037 -0.428312 0.876440
v -1.032328 -0.427604 0.876440
v -1.028909 -0.426188 0.876440
v -1.030619 -0.426896 0.876440
v -1.028909 -0.426188 0.876440
v -1.030438 -0.426821 0.876440
v -1.031894 -0.427425 0.876440
v -1.030619 -0.426896 0.876440
v -1.031895 -0.427425 0.876440
v -1.032943 -0.427859 0.876440
v -1.099542 -0.218713 0.876440
v -1.099542 -0.218713 0.876440
v -1.090469 -0.216908 0.876440
v -1.099542 -0.218713 0.876440
v -1.099542 -0.218713 0.876440
v -1.097728 -0.218352 0.876440
v -1.097728 -0.218352 0.876440
v -1.097898 -0.218386 0.876440
v -1.095913 -0.217991 0.876440
v -1.095913 -0.217991 0.876440
v -1.096236 -0.218055 0.876440
v -1.097728 -0.218352 0.876440
v -1.095913 -0.217991 0.876440
v -1.099542 -0.218713 0.876440
v -1.097728 -0.218352 0.876440
v -1.095913 -0.217991 0.876440
v -1.099542 -0.218713 0.876440
v -1.097728 -0.218352 0.876440
v -1.095913 -0.217991 0.876440
v -1.092284 -0.217269 0.876440
v -1.094099 -0.217630 0.876440
v -1.092284 -0.217269 0.876440
v -1.093907 -0.217592 0.876440
v -1.095453 -0.217899 0.876440
v -1.094099 -0.217630 0.876440
v -1.095453 -0.217899 0.876440
v -1.096566 -0.218121 0.876440
v -1.121084 -0.000000 0.876440
v -1.121084 -0.000000 0.876440
v -1.111833 -0.000000 0.876440
v -1.121084 -0.000000 0.876440
v -1.121084 -0.000000 0.876440
v -1.119234 -0.000000 0.876440
v -1.119234 -0.000000 0.876440
v -1.119234 -0.000000 0.876440
v -1.117383 -0.000000 0.876440
v -1.117383 -0.000000 0.876440
v -1.117383 -0.000000 0.876440
v -1.120631 -0.000000 0.876440
v -1.119317 -0.000000 0.876440
v -1.121084 -0.000000 0.876440
v -1.119323 -0.000000 0.876440
v -1.117406 -0.000000 0.876440
v -1.121084 -0.000000 0.876440
v -1.119323 -0.000000 0.876440
v -1.117406 -0.000000 0.876440
v -1.113683 -0.000000 0.876440
v -1.115533 -0.000000 0.876440
v -1.114692 -0.000000 0.876440
v -1.115936 -0.000000 0.876440
v -1.117202 -0.000000 0.876440
v -1.117270 -0.000000 0.876440
v -1.117950 -0.000000 0.876440
v -1.118567 -0.000000 0.876440
v -1.099542 0.218713 0.876440
v -1.099542 0.218713 0.876440
v -1.090469 0.216908 0.876440
v -1.099542 0.218713 0.876440
v -1.099542 0.218713 0.876440
v -1.097728 0.218352 0.876440
v -1.097728 0.218352 0.876440
v -1.097898 0.218386 0.876440
v -1.095913 0.217991 0.876440
v -1.095913 0.217991 0.876440
v -1.096236 0.218055 0.876440
v -1.097728 0.218352 0.876440
v -1.095913 0.217991 0.876440
v -1.099542 0.218713 0.876440
v -1.097728 0.218352 0.876440
v -1.095913 0.217991 0.876440
v -1.099542 0.218713 0.876440
v -1.097728 0.218352 0.876440
v -1.095913 0.217991 0.876440
v -1.092284 0.217269 0.876440
v -1.094099 0.217630 0.876440
v -1.092284 0.217269 0.876440
v -1.093906 0.217592 0.876440
v -1.095453 0.217899 0.876440
v -1.094099 0.217630 0.876440
v -1.095453 0.217899 0.876440
v -1.096566 0.218121 0.876440
v -1.035746 0.429020 0.876440
v -1.035746 0.429020 0.876440
v -1.027200 0.425480 0.876440
v -1.035746 0.429020 0.876440
v -1.035746 0.429020 0.876440
v -1.034037 0.428312 0.876440
v -1.034037 0.428312 0.876440
v -1.034198 0.428379 0.876440
v -1.032328 0.427604 0.876440
v -1.032328 0.427604 0.876440
v -1.032632 0.427730 0.876440
v -1.034037 0.428312 0.876440
v -1.032328 0.427604 0.876440
v -1.035746 0.429020 0.876440
v -1.034037 0.428312 0.876440
v -1.032328 0.427604 0.876440
v -1.035746 0.429020 0.876440
v -1.034037 0.428312 0.876440
v -1.032328 0.427604 0.876440
v -1.028909 0.426188 0.876440
v -1.030619 0.426896 0.876440
v -1.028909 0.426188 0.876440
v -1.030438 0.426821 0.876440
v -1.031895 0.427425 0.876440
v -1.030619 0.426896 0.876440
v -1.031895 0.427425 0.876440
v -1.032943 0.427859 0.876440
v -0.932147 0.622841 0.876440
v -0.932147 0.622841 0.876440
v -0.924455 0.617702 0.876440
v -0.932147 0.622841 0.876440
v -0.932147 0.622841 0.876440
v -0.930609 0.621813 0.876440
v -0.930609 0.621813 0.876440
v -0.930609 0.621813 0.876440
v -0.929070 0.620785 0.876440
v -0.929070 0.620785 0.876440
v -0.929070 0.620785 0.876440
v -0.930609 0.621813 0.876440
v -0.929071 0.620785 0.876440
v -0.932147 0.622841 0.876440
v -0.930609 0.621813 0.876440
v -0.929071 0.620785 0.876440
v -0.932147 0.622841 0.876440
v -0.930609 0.621813 0.876440
v -0.929071 0.620785 0.876440
v -0.925994 0.618729 0.876440
v -0.927532 0.619757 0.876440
v -0.925994 0.618729 0.876440
v -0.927369 0.619648 0.876440
v -0.928680 0.620525 0.876440
v -0.927532 0.619757 0.876440
v -0.928680 0.620525 0.876440
v -0.929624 0.621155 0.876440
v -0.792726 0.792726 0.876440
v -0.792726 0.792726 0.876440
v -0.786185 0.786185 0.876440
v -0.792726 0.792726 0.876440
v -0.792726 0.792726 0.876440
v -0.791418 0.791418 0.876440
v -0.791418 0.791418 0.876440
v -0.791541 0.791541 0.876440
v -0.790110 0.790110 0.876440
v -0.790110 0.790110 0.876440
v -0.790342 0.790342 0.876440
v -0.791418 0.791418 0.876440
v -0.790110 0.790110 0.876440
v -0.792726 0.792726 0.876440
v -0.791418 0.791418 0.876440
v -0.790110 0.790110 0.876440
v -0.792726 0.792726 0.876440
v -0.791418 0.791418 0.876440
v -0.790110 0.790110 0.876440
v -0.787493 0.787493 0.876440
v -0.788801 0.788801 0.876440
v -0.787493 0.787493 0.876440
v -0.788663 0.788663 0.876440
v -0.789778 0.789778 0.876440
v -0.788801 0.788801 0.876440
v -0.789778 0.789778 0.876440
v -0.790580 0.790580 0.876440
v -0.622841 0.932147 0.876440
v -0.622841 0.932147 0.876440
v -0.617702 0.924455 0.876440
v -0.622841 0.932147 0.876440
v -0.622841 0.932147 0.876440
v -0.621813 0.930609 0.876440
v -0.621813 0.930609 0.876440
v -0.621813 0.930609 0.876440
v -0.620785 0.929070 0.876440
v -0.620785 0.929070 0.876440
v -0.620785 0.929070 0.876440
v -0.621813 0.930609 0.876440
v -0.620785 0.929071 0.876440
v -0.622841 0.932147 0.876440
v -0.621813 0.930609 0.876440
v -0.620785 0.929071 0.876440
v -0.622841 0.932147 0.876440
v -0.621813 0.930609 0.876440
v -0.620785 0.929071 0.876440
v -0.618729 0.925994 0.876440
v -0.619757 0.927532 0.876440
v -0.618729 0.925994 0.876440
v -0.619648 0.927369 0.876440
v -0.620525 0.928680 0.876440
v -0.619757 0.927532 0.876440
v -0.620525 0.928680 0.876440
v -0.621155 0.929624 0.876440
v -0.429020 1.035746 0.876440
v -0.429020 1.035746 0.876440
v -0.425480 1.027200 0.876440
v -0.429020 1.035746 0.876440
v -0.429020 1.035746 0.876440
v -0.428312 1.034037 0.876440
v -0.428312 1.034037 0.876440
v -0.428379 1.034198 0.876440
v -0.427604 1.032328 0.876440
v -0.427604 1.032328 0.876440
v -0.427730 1.032631 0.876440
v -0.428312 1.034037 0.876440
v -0.427604 1.032328 0.876440
v -0.429020 1.035746 0.876440
v -0.428312 1.034037 0.876440
v -0.427604 1.032328 0.876440
v -0.429020 1.035746 0.876440
v -0.428312 1.034037 0.876440
v -0.427604 1.032328 0.876440
v -0.426188 1.028909 0.876440
v -0.426896 1.030619 0.876440
v -0.426188 1.028909 0.876440
v -0.426821 1.030438 0.876440
v -0.427425 1.031895 0.876440
v -0.426896 1.030619 0.876440
v -0.427425 1.031894 0.876440
v -0.427859 1.032943 0.876440
v -0.218713 1.099542 0.876440
v -0.218713 1.099542 0.876440
v -0.216908 1.090469 0.876440
v -0.218713 1.099542 0.876440
v -0.218713 1.099542 0.876440
v -0.218352 1.097728 0.876440
v -0.218352 1.097728 0.876440
v -0.218388 1.097909 0.876440
v -0.217991 1.095913 0.876440
v -0.217991 1.095913 0.876440
v -0.218059 1.096256 0.876440
v -0.218352 1.097728 0.876440
v -0.217991 1.095913 0.876440
v -0.218713 1.099542 0.876440
v -0.218352 1.097728 0.876440
v -0.217991 1.095913 0.876440
v -0.218713 1.099542 0.876440
v -0.218356 1.097748 0.876440
v -0.217998 1.095951 0.876440
v -0.217269 1.092284 0.876440
v -0.217630 1.094099 0.876440
v -0.217269 1.092284 0.876440
v -0.217592 1.093907 0.876440
v -0.217899 1.095453 0.876440
v -0.217630 1.094099 0.876440
v -0.217899 1.095453 0.876440
v -0.218121 1.096566 0.876440
v 0.212510 1.068359 0.876440
v 0.209917 1.055326 0.884723
v 0.211914 1.065362 0.876846
v 0.211299 1.062270 0.878022
v 0.210725 1.059387 0.879855
v 0.210249 1.056994 0.882164
v -0.000000 1.076001 0.884723
v -0.000000 1.089290 0.876440
v -0.000000 1.077702 0.882164
v -0.000000 1.080141 0.879855
v -0.000000 1.083081 0.878022
v -0.000000 1.086233 0.876846
v 0.416853 1.006373 0.876440
v 0.411768 0.994096 0.884723
v 0.415684 1.003549 0.876846
v 0.414477 1.000637 0.878022
v 0.413352 0.997921 0.879855
v 0.412419 0.995667 0.882164
v 0.605177 0.905711 0.876440
v 0.597794 0.894662 0.884723
v 0.603479 0.903170 0.876846
v 0.601728 0.900549 0.878022
v 0.600094 0.898105 0.879855
v 0.598739 0.896076 0.882164
v 0.770244 0.770244 0.876440
v 0.760848 0.760848 0.884723
v 0.768083 0.768083 0.876846
v 0.765854 0.765854 0.878022
v 0.763775 0.763775 0.879855
v 0.762050 0.762050 0.882164
v 0.905711 0.605177 0.876440
v 0.894662 0.597794 0.884723
v 0.903170 0.603479 0.876846
v 0.900549 0.601728 0.878022
v 0.898105 0.600094 0.879855
v 0.896076 0.598739 0.882164
v 1.006373 0.416853 0.876440
v 0.994096 0.411768 0.884723
v 1.003549 0.415684 0.876846
v 1.000637 0.414477 0.878022
v 0.997921 0.413352 0.879855
v 0.995667 0.412419 0.882164
v 1.068359 0.212510 0.876440
v 1.055326 0.209917 0.884723
v 1.065362 0.211914 0.876846
v 1.062270 0.211299 0.878022
v 1.059387 0.210725 0.879855
v 1.056994 0.210249 0.882164
v 1.089290 -0.000000 0.876440
v 1.076001 -0.000000 0.884723
v 1.086233 -0.000000 0.876846
v 1.083081 -0.000000 0.878022
v 1.080141 -0.000000 0.879855
v 1.077702 -0.000000 0.882164
v 1.068359 -0.212510 0.876440
v 1.055326 -0.209917 0.884723
v 1.065362 -0.211914 0.876846
v 1.062270 -0.211299 0.878022
v 1.059387 -0.210725 0.879855
v 1.056994 -0.210249 0.882164
v 1.006373 -0.416853 0.876440
v 0.994096 -0.411768 0.884723
v 1.003549 -0.415684 0.876846
v 1.000637 -0.414477 0.878022
v 0.997921 -0.413352 0.879855
v 0.995667 -0.412419 0.882164
v 0.905711 -0.605177 0.876440
v 0.894662 -0.597794 0.884723
v 0.903170 -0.603479 0.876846
v 0.900549 -0.601728 0.878022
v 0.898105 -0.600094 0.879855
v 0.896076 -0.598739 0.882164
v 0.770244 -0.770244 0.876440
v 0.760848 -0.760848 0.884723
v 0.768083 -0.768083 0.876846
v 0.765854 -0.765854 0.878022
v 0.763775 -0.763775 0.879855
v 0.762050 -0.762050 0.882164
v 0.605177 -0.905711 0.876440
v 0.597794 -0.894662 0.884723
v 0.603479 -0.903170 0.876846
v 0.601728 -0.900549 0.878022
v 0.600094 -0.898105 0.879855
v 0.598739 -0.896076 0.882164
v 0.416853 -1.006373 0.876440
v 0.411768 -0.994096 0.884723
v 0.415684 -1.003549 0.876846
v 0.414477 -1.000637 0.878022
v 0.413352 -0.997921 0.879855
v 0.412419 -0.995667 0.882164
v 0.212510 -1.068359 0.876440
v 0.209917 -1.055326 0.884723
v 0.211914 -1.065362 0.876846
v 0.211299 -1.062270 0.878022
v 0.210725 -1.059387 0.879855
v 0.210249 -1.056994 0.882164
v -0.000000 -1.089290 0.876440
v -0.000000 -1.076001 0.884723
v -0.000000 -1.086233 0.876846
v -0.000000 -1.083081 0.878022
v -0.000000 -1.080141 0.879855
v -0.000000 -1.077702 0.882164
v -0.212510 -1.068359 0.876440
v -0.209917 -1.055326 0.884723
v -0.211914 -1.065362 0.876846
v -0.211299 -1.062270 0.878022
v -0.210725 -1.059387 0.879855
v -0.210249 -1.056994 0.882164
v -0.416853 -1.006373 0.876440
v -0.411768 -0.994096 0.884723
v -0.415684 -1.003549 0.876846
v -0.414477 -1.000637 0.878022
v -0.413352 -0.997921 0.879855
v -0.412419 -0.995667 0.882164
v -0.605177 -0.905711 0.876440
v -0.597794 -0.894662 0.884723
v -0.603479 -0.903170 0.876846
v -0.601728 -0.900549 0.878022
v -0.600094 -0.898105 0.879855
v -0.598739 -0.896076 0.882164
v -0.770244 -0.770244 0.876440
v -0.760848 -0.760848 0.884723
v -0.768083 -0.768083 0.876846
v -0.765854 -0.765854 0.878022
v -0.763775 -0.763775 0.879855
v -0.762050 -0.762050 0.882164
v -0.905711 -0.605177 0.876440
v -0.894662 -0.597794 0.884723
v -0.903170 -0.603479 0.876846
v -0.900549 -0.601728 0.878022
v -0.898105 -0.600094 0.879855
v -0.896076 -0.598739 0.882164
v -1.006373 -0.416853 0.876440
v -0.994096 -0.411768 0.884723
v -1.003549 -0.415684 0.876846
v -1.000637 -0.414477 0.878022
v -0.997921 -0.413352 0.879855
v -0.995667 -0.412419 0.882164
v -1.068359 -0.212510 0.876440
v -1.055326 -0.209917 0.884723
v -1.065362 -0.211914 0.876846
v -1.062270 -0.211299 0.878022
v -1.059387 -0.210725 0.879855
v -1.056994 -0.210249 0.882164
v -1.089290 -0.000000 0.876440
v -1.076001 -0.000000 0.884723
v -1.086233 -0.000000 0.876846
v -1.083081 -0.000000 0.878022
v -1.080141 -0.000000 0.879855
v -1.077702 -0.000000 0.882164
v -1.068359 0.212510 0.876440
v -1.055326 0.209917 0.884723
v -1.065362 0.211914 0.876846
v -1.062270 0.211299 0.878022
v -1.059387 0.210725 0.879855
v -1.056994 0.210249 0.882164
v -1.006373 0.416853 0.876440
v -0.994096 0.411768 0.884723
v -1.003549 0.415684 0.876846
v -1.000637 0.414477 0.878022
v -0.997921 0.413352 0.879855
v -0.995667 0.412419 0.882164
v -0.905711 0.605177 0.876440
v -0.894662 0.597794 0.884723
v -0.903170 0.603479 0.876846
v -0.900549 0.601728 0.878022
v -0.898105 0.600094 0.879855
v -0.896076 0.598739 0.882164
v -0.770244 0.770244 0.876440
v -0.760848 0.760848 0.884723
v -0.768083 0.768083 0.876846
v -0.765854 0.765854 0.878022
v -0.763775 0.763775 0.879855
v -0.762050 0.762050 0.882164
v -0.605177 0.905711 0.876440
v -0.597794 0.894662 0.884723
v -0.603479 0.903170 0.876846
v -0.601728 0.900549 0.878022
v -0.600094 0.898105 0.879855
v -0.598739 0.896076 0.882164
v -0.416853 1.006373 0.876440
v -0.411768 0.994096 0.884723
v -0.415684 1.003549 0.876846
v -0.414477 1.000637 0.878022
v -0.413352 0.997921 0.879855
v -0.412419 0.995667 0.882164
v -0.212510 1.068359 0.876440
v -0.209917 1.055326 0.884723
v -0.211914 1.065362 0.876846
v -0.211299 1.062270 0.878022
v -0.210725 1.059387 0.879855
v -0.210249 1.056994 0.882164
v 0.083910 -0.421846 1.311510
v 0.086783 -0.436287 1.304089
v 0.084520 -0.424912 1.311147
v 0.085175 -0.428204 1.310093
v 0.085811 -0.431399 1.308451
v 0.086365 -0.434184 1.306382
v 0.164596 -0.397370 1.311510
v 0.170231 -0.410974 1.304089
v 0.165792 -0.400259 1.311147
v 0.167077 -0.403359 1.310093
v 0.168323 -0.406369 1.308451
v 0.169410 -0.408993 1.306382
v 0.000000 -0.430110 1.311510
v 0.000000 -0.444835 1.304089
v 0.000000 -0.433237 1.311147
v 0.000000 -0.436593 1.310093
v 0.000000 -0.439850 1.308451
v 0.000000 -0.442690 1.306382
v -0.083910 -0.421846 1.311510
v -0.086783 -0.436287 1.304089
v -0.084520 -0.424912 1.311147
v -0.085175 -0.428204 1.310093
v -0.085811 -0.431399 1.308451
v -0.086365 -0.434184 1.306382
v -0.164596 -0.397370 1.311510
v -0.170231 -0.410974 1.304089
v -0.165792 -0.400259 1.311147
v -0.167077 -0.403359 1.310093
v -0.168323 -0.406369 1.308451
v -0.169410 -0.408993 1.306382
v 0.064863 -0.326104 1.290314
v 0.055657 -0.327010 1.280915
v 0.064413 -0.326150 1.287440
v 0.063105 -0.326280 1.284836
v 0.061069 -0.326480 1.282757
v 0.058502 -0.326732 1.281406
v -0.055657 -0.327010 1.280915
v -0.064863 -0.326104 1.290314
v -0.058502 -0.326732 1.281406
v -0.061069 -0.326480 1.282757
v -0.063105 -0.326280 1.284836
v -0.064413 -0.326150 1.287440
v 0.068570 -0.390568 1.281874
v 0.075968 -0.381596 1.283100
v 0.066549 -0.381307 1.273857
v 0.071354 -0.390155 1.281938
v 0.073677 -0.388896 1.282115
v 0.068443 -0.390066 1.279081
v 0.071302 -0.389571 1.279081
v 0.073423 -0.388383 1.279343
v 0.068142 -0.388726 1.276682
v 0.070911 -0.388299 1.276869
v 0.072796 -0.387468 1.277408
v 0.075479 -0.381533 1.280247
v 0.074127 -0.381466 1.277674
v 0.076104 -0.384395 1.282725
v 0.075545 -0.384404 1.279771
v 0.074250 -0.384249 1.277427
v 0.075315 -0.386909 1.282386
v 0.074785 -0.386728 1.279562
v 0.073790 -0.386264 1.277572
v 0.067146 -0.384121 1.273934
v 0.067694 -0.386675 1.274907
v 0.069432 -0.381347 1.274313
v 0.070125 -0.384254 1.274463
v 0.070532 -0.386593 1.275390
v 0.072042 -0.381402 1.275628
v 0.072515 -0.384203 1.275724
v 0.072525 -0.386225 1.276331
v 0.000000 -0.381028 1.273893
v 0.000000 -0.390280 1.281911
v 0.000000 -0.383855 1.273976
v 0.000000 -0.386417 1.274953
v 0.000000 -0.388464 1.276727
v 0.000000 -0.389795 1.279125
v -0.075968 -0.381596 1.283100
v -0.068570 -0.390568 1.281874
v -0.066549 -0.381307 1.273856
v -0.076104 -0.384395 1.282725
v -0.075315 -0.386909 1.282386
v -0.075479 -0.381533 1.280247
v -0.075549 -0.384421 1.279785
v -0.074791 -0.386724 1.279570
v -0.074127 -0.381466 1.277674
v -0.074245 -0.384256 1.277421
v -0.073790 -0.386264 1.277572
v -0.068443 -0.390066 1.279081
v -0.068141 -0.388726 1.276682
v -0.071354 -0.390155 1.281938
v -0.071286 -0.389570 1.279065
v -0.070905 -0.388306 1.276873
v -0.073677 -0.388896 1.282115
v -0.073426 -0.388376 1.279336
v -0.072796 -0.387468 1.277408
v -0.069432 -0.381347 1.274313
v -0.072042 -0.381402 1.275628
v -0.067145 -0.384121 1.273934
v -0.070139 -0.384238 1.274465
v -0.072509 -0.384195 1.275718
v -0.067694 -0.386675 1.274907
v -0.070540 -0.386598 1.275396
v -0.072525 -0.386225 1.276331
v 0.043754 -0.266580 1.297948
v 0.045409 -0.275916 1.287558
v 0.054777 -0.275611 1.296877
v 0.043814 -0.267101 1.295031
v 0.044038 -0.268460 1.292290
v 0.046710 -0.267007 1.297911
v 0.046860 -0.267612 1.294891
v 0.046976 -0.268894 1.292377
v 0.049543 -0.268281 1.297767
v 0.049485 -0.268819 1.294859
v 0.049209 -0.269739 1.292699
v 0.048283 -0.275886 1.288030
v 0.050882 -0.275834 1.289361
v 0.044876 -0.273094 1.288361
v 0.047830 -0.272987 1.288926
v 0.050228 -0.273033 1.290170
v 0.044404 -0.270527 1.289990
v 0.047289 -0.270615 1.290463
v 0.049432 -0.270993 1.291304
v 0.053785 -0.272804 1.297223
v 0.051984 -0.270280 1.297530
v 0.054297 -0.275690 1.294012
v 0.053204 -0.272795 1.294293
v 0.051518 -0.270482 1.294670
v 0.052956 -0.275767 1.291424
v 0.051952 -0.272970 1.291889
v 0.050689 -0.270952 1.292555
v 0.000000 -0.266683 1.297935
v 0.000000 -0.276022 1.287544
v 0.000000 -0.267195 1.295032
v 0.000000 -0.268550 1.292298
v 0.000000 -0.270616 1.289999
v 0.000000 -0.273191 1.288361
v -0.054777 -0.275611 1.296877
v -0.045409 -0.275916 1.287558
v -0.043754 -0.266580 1.297948
v -0.054297 -0.275690 1.294012
v -0.052956 -0.275767 1.291424
v -0.053785 -0.272804 1.297223
v -0.053207 -0.272812 1.294275
v -0.051960 -0.272977 1.291893
v -0.051984 -0.270281 1.297530
v -0.051510 -0.270478 1.294663
v -0.050689 -0.270952 1.292555
v -0.044876 -0.273095 1.288361
v -0.044404 -0.270527 1.289990
v -0.048283 -0.275886 1.288030
v -0.047810 -0.272971 1.288928
v -0.047282 -0.270620 1.290456
v -0.050882 -0.275834 1.289361
v -0.050231 -0.273026 1.290177
v -0.049432 -0.270993 1.291304
v -0.046710 -0.267007 1.297911
v -0.049543 -0.268281 1.297767
v -0.043814 -0.267102 1.295031
v -0.046877 -0.267612 1.294908
v -0.049480 -0.268812 1.294868
v -0.044038 -0.268460 1.292290
v -0.046985 -0.268900 1.292372
v -0.049209 -0.269739 1.292699
vn -0.0000 -0.0000 1.0000
vn -0.9829 -0.0000 -0.1843
vn -0.9831 -0.1638 -0.0819
vn 0.9991 -0.0000 0.0416
vn 0.9687 0.1053 0.2247
vn 0.9631 0.2408 0.1204
vn -0.0000 -0.0000 -0.0000
vn -0.9972 -0.0408 -0.0622
vn 0.9767 0.0789 0.1997
vn 0.9370 0.1562 0.3123
vn 0.9887 -0.0412 -0.1442
vn 0.9965 -0.0000 0.0830
vn -0.9950 -0.0995 -0.0000
vn 0.9428 -0.2357 -0.2357
vn -0.9957 0.0830 -0.0415
vn 0.9191 -0.3919 -0.0405
vn -0.9701 0.2425 -0.0000
vn 1.0000 -0.0000 -0.0000
vn -0.8814 0.3519 0.3150
vn 0.3978 0.6835 0.6120
vn -0.8812 0.3523 0.3153
vn 0.3982 0.6834 0.6119
vn 0.6929 -0.5371 -0.4810
vn 0.9644 -0.1970 -0.1764
vn -0.2658 0.7182 0.6431
vn 0.2359 0.7239 0.6483
vn -0.1401 0.7376 0.6605
vn 0.1308 0.7386 0.6614
vn 0.1309 0.7385 0.6614
vn -0.3086 -0.7086 -0.6346
vn -0.3037 -0.7097 -0.6356
vn -0.3037 -0.7098 -0.6356
vn -0.0000 -0.7450 -0.6670
vn -0.0000 -0.7449 -0.6671
vn 0.5223 0.6352 0.5690
vn 0.1827 0.7324 0.6559
vn -0.0000 -0.7448 -0.6673
vn 0.9862 -0.1234 -0.1108
vn 0.2851 0.6883 0.6671
vn 0.1928 0.3608 0.9125
vn 0.1187 0.3915 0.9125
vn 0.6667 -0.6667 0.3333
vn -1.0000 -0.0000 -0.0000
vn 0.6666 -0.6667 0.3334
vn 0.9535 -0.0953 0.2860
vn 0.8911 0.2484 0.3798
vn 0.9535 -0.0953 0.2861
vn -0.4082 0.4082 -0.8165
vn 0.8165 0.4082 0.4082
vn -0.0000 1.0000 -0.0000
vn -0.0000 -1.0000 -0.0000
vn 0.9457 0.3152 -0.0788
vn -0.6963 0.1741 0.6963
vn -0.8729 0.2182 0.4364
vn 0.7071 -0.0000 -0.7071
vn 0.4472 -0.8944 -0.0000
vn 1.0000 -0.0001 -0.0000
vn -0.4851 0.7276 0.4851
vn -0.6492 0.3962 0.6492
vn 0.3520 0.6584 0.6653
vn 0.8944 -0.0000 0.4472
vn 0.6941 0.3667 0.6195
vn -0.7071 -0.0000 0.7071
vn -0.9037 0.4283 -0.0000
vn -0.9370 0.1562 -0.3123
vn -0.9370 0.1562 -0.3124
vn -0.7585 0.3420 -0.5547
vn -0.4851 0.4851 -0.7276
vn 0.7274 -0.2794 0.6267
vn -0.6555 0.7549 -0.0204
vn -1.0000 0.0001 0.0001
vn -0.5571 0.7428 -0.3714
vn 0.5976 -0.7171 0.3586
vn -0.6667 0.6667 0.3333
vn 0.8018 -0.5345 0.2673
vn 0.3714 0.5571 0.7428
vn -0.3714 -0.5571 -0.7428
vn -0.5963 0.7454 0.2981
vn 0.5963 -0.7454 0.2981
vn 0.3225 -0.9266 0.1935
vn -0.8018 0.5345 0.2673
vn -0.0000 -0.0000 -1.0000
vn 0.3162 -0.9487 -0.0000
vn -0.5774 0.5774 0.5774
vn -0.8125 0.0986 0.5745
vn 0.3333 0.6667 0.6667
vn -0.8165 -0.4082 0.4082
vn -0.8673 -0.3665 -0.3370
vn -0.1644 0.9864 -0.0000
vn -0.0836 0.9835 -0.1607
vn -0.0000 0.9487 -0.3162
vn 0.3912 -0.9036 -0.1744
vn 0.1638 -0.9831 -0.0819
vn 0.0830 0.9965 -0.0000
vn -0.0828 0.9931 0.0828
vn -0.7071 -0.0000 -0.7071
vn -0.0000 -0.9923 -0.1240
vn 0.5571 -0.7428 -0.3714
vn 0.2469 -0.9514 -0.1840
vn 0.7759 -0.5643 -0.2821
vn -0.1065 -0.9937 0.0355
vn -0.6585 -0.7526 -0.0000
vn 0.6144 -0.0831 0.7846
vn 0.6584 0.3519 0.6653
vn 0.0743 -0.8920 0.4460
vn 0.2408 0.9631 -0.1204
vn -0.0000 0.9991 0.0416
vn 0.5185 0.8296 0.2074
vn -0.0000 -0.9701 -0.2425
vn 0.0733 -0.9779 -0.1956
vn 0.1240 -0.9918 0.0310
vn -0.0584 0.9347 0.3505
vn 0.2873 -0.7663 0.5747
vn 0.0584 -0.9347 -0.3505
vn 0.1644 -0.0000 -0.9864
vn 0.2727 0.0748 -0.9592
vn -0.0000 0.9981 -0.0624
vn -0.0000 0.9363 0.3511
vn -0.7450 -0.0000 -0.6671
vn -0.6291 0.5357 -0.5633
vn -0.6291 0.5356 -0.5633
vn -0.7449 -0.0000 -0.6672
vn -0.6245 -0.5452 -0.5592
vn 0.4696 -0.7763 0.4206
vn 0.7439 0.0545 0.6661
vn 0.6839 -0.3965 0.6124
vn 0.6980 -0.3493 0.6251
vn 0.6592 -0.4659 0.5902
vn -0.3022 -0.9141 -0.2703
vn 0.6748 0.4234 0.6044
vn 0.1989 -0.9637 0.1782
vn 0.6750 0.4230 0.6046
vn 0.1986 -0.9638 0.1779
vn -0.7102 -0.3021 -0.6359
vn -0.7449 -0.0000 -0.6671
vn 0.7181 0.2663 0.6430
vn 0.6593 -0.4658 0.5903
vn -0.0788 0.9944 -0.0710
vn -0.8944 -0.0000 -0.4472
vn 0.0413 0.9914 -0.1239
vn 0.0413 0.9914 -0.1241
vn 0.0411 -0.9856 -0.1643
vn 0.0138 -0.9995 0.0282
vn 0.0411 -0.9856 -0.1642
vn 0.7430 -0.0732 0.6653
vn 0.2182 -0.8729 0.4364
vn 0.5519 -0.5432 0.6327
vn -0.0000 -0.9923 0.1240
vn 0.0605 0.9684 -0.2421
vn -0.0605 -0.9684 0.2421
vn 0.8321 -0.0000 -0.5547
vn -0.8321 -0.0000 0.5547
vn -0.0250 -0.9997 -0.0000
vn -0.3718 -0.0243 0.9280
vn -0.0000 0.9981 0.0624
vn -0.0000 0.9363 -0.3511
vn -0.1644 -0.9864 -0.0000
vn 0.0692 0.8301 0.5534
vn 0.6000 0.8000 -0.0000
vn -0.1476 0.9841 0.0984
vn 0.0351 -0.9838 0.1757
vn -0.0619 -0.9904 0.1238
vn 0.1240 0.9923 -0.0000
vn 0.0830 -0.9965 -0.0000
vn 0.0001 1.0000 -0.0000
vn 0.2425 -0.9701 -0.0000
vn -0.4472 -0.8944 -0.0000
vn -0.3162 -0.9487 -0.0000
vn 0.5774 0.5774 -0.5774
vn 0.8125 0.0986 -0.5745
vn 0.6584 -0.3519 0.6653
vn -0.3333 0.6667 -0.6667
vn 0.7185 0.6955 -0.0030
vn 0.8165 -0.4082 -0.4082
vn 0.8673 -0.3665 0.3370
vn 0.1644 0.9864 -0.0000
vn 0.0836 0.9835 0.1607
vn -0.0000 0.9487 0.3162
vn -0.3912 -0.9036 0.1744
vn 0.6555 0.7549 0.0204
vn 1.0000 0.0001 -0.0001
vn 0.5571 0.7428 0.3714
vn -0.5976 -0.7171 -0.3586
vn 0.6667 0.6667 -0.3333
vn -0.8018 -0.5345 -0.2673
vn -0.3714 0.5571 -0.7428
vn 0.3714 -0.5571 0.7428
vn 0.5963 0.7454 -0.2981
vn -0.5963 -0.7454 -0.2981
vn -0.3225 -0.9266 -0.1935
vn 0.8018 0.5345 -0.2673
vn -1.0000 -0.0001 -0.0000
vn 0.4851 0.7276 -0.4851
vn 0.6492 0.3962 -0.6492
vn 0.9037 0.4283 -0.0000
vn 0.9370 0.1562 0.3124
vn 0.7585 0.3420 0.5547
vn 0.4851 0.4851 0.7276
vn -0.7274 -0.2794 -0.6267
vn -0.6667 -0.6667 -0.3333
vn -0.6666 -0.6667 -0.3334
vn -0.9535 -0.0953 -0.2860
vn -0.8911 0.2484 -0.3798
vn -0.9535 -0.0953 -0.2861
vn 0.4082 0.4082 0.8165
vn -0.8165 0.4082 -0.4082
vn -0.9457 0.3152 0.0788
vn 0.6963 0.1741 -0.6963
vn 0.8729 0.2182 -0.4364
vn 0.9701 0.2425 -0.0000
vn 0.9829 -0.0000 0.1843
vn 0.9831 -0.1638 0.0819
vn -0.9991 -0.0000 -0.0416
vn -0.9687 0.1053 -0.2247
vn -0.9631 0.2408 -0.1204
vn 0.9972 -0.0408 0.0622
vn -0.9767 0.0789 -0.1997
vn -0.9887 -0.0412 0.1442
vn -0.9965 -0.0000 -0.0830
vn 0.9950 -0.0995 -0.0000
vn -0.9428 -0.2357 0.2357
vn 0.9957 0.0830 0.0415
vn -0.9191 -0.3919 0.0405
vn 0.3072 0.7090 -0.6348
vn 0.3024 0.7101 -0.6359
vn -0.0000 0.7450 -0.6670
vn -0.0000 0.7442 -0.6679
vn -0.5242 -0.6344 0.5681
vn 0.1404 -0.7376 0.6605
vn -0.2370 -0.7238 0.6481
vn -0.1832 -0.7324 0.6558
vn -0.1305 -0.7386 0.6614
vn -0.0000 0.7434 -0.6689
vn 0.8817 -0.3515 0.3147
vn -0.3976 -0.6838 0.6119
vn 0.8815 -0.3519 0.3150
vn -0.3980 -0.6836 0.6118
vn -0.6891 0.5398 -0.4834
vn -0.9617 0.2042 -0.1829
vn 0.2663 -0.7181 0.6430
vn -0.1304 -0.7386 0.6614
vn -0.9797 0.1504 -0.1325
vn 0.9829 -0.0000 -0.1843
vn 0.9831 0.1638 -0.0819
vn -0.9991 -0.0000 0.0416
vn -0.9687 -0.1053 0.2247
vn -0.9631 -0.2408 0.1204
vn 0.9972 0.0408 -0.0622
vn -0.9767 -0.0789 0.1997
vn -0.9370 -0.1562 0.3123
vn -0.9887 0.0412 -0.1442
vn -0.9965 -0.0000 0.0830
vn 0.9950 0.0995 -0.0000
vn -0.9428 0.2357 -0.2357
vn 0.9957 -0.0830 -0.0415
vn -0.9191 0.3919 -0.0405
vn 0.9701 -0.2425 -0.0000
vn -0.2851 -0.6883 0.6671
vn -0.1928 -0.3608 0.9125
vn -0.1187 -0.3915 0.9125
vn -0.6666 0.6667 0.3334
vn -0.9535 0.0953 0.2860
vn -0.8911 -0.2484 0.3798
vn -0.9535 0.0953 0.2861
vn 0.4082 -0.4082 -0.8165
vn -0.9457 -0.3152 -0.0788
vn 0.6963 -0.1741 0.6963
vn 0.8729 -0.2182 0.4364
vn -0.4472 0.8944 -0.0000
vn -1.0000 0.0001 -0.0000
vn 0.4851 -0.7276 0.4851
vn 0.6492 -0.3962 0.6492
vn -0.3520 -0.6584 0.6653
vn -0.8944 -0.0000 0.4472
vn -0.6941 -0.3667 0.6195
vn 0.7071 -0.0000 0.7071
vn 0.9037 -0.4283 -0.0000
vn 0.9370 -0.1562 -0.3123
vn 0.9370 -0.1562 -0.3124
vn 0.7585 -0.3420 -0.5547
vn 0.4851 -0.4851 -0.7276
vn -0.7274 0.2794 0.6267
vn 0.6555 -0.7549 -0.0204
vn 1.0000 -0.0001 0.0001
vn -0.5976 0.7171 0.3586
vn -0.3714 -0.5571 0.7428
vn 0.3714 0.5571 -0.7428
vn -0.3225 0.9266 0.1935
vn -0.3162 0.9487 -0.0000
vn 0.5774 -0.5774 0.5774
vn 0.8125 -0.0986 0.5745
vn -0.3333 -0.6667 0.6667
vn 0.8673 0.3665 -0.3370
vn 0.1644 -0.9864 -0.0000
vn 0.0836 -0.9835 -0.1607
vn -0.0000 -0.9487 -0.3162
vn -0.3912 0.9036 -0.1744
vn 0.0692 -0.8301 -0.5534
vn 0.6000 -0.8000 -0.0000
vn -0.1476 -0.9841 -0.0984
vn 0.0351 0.9838 -0.1757
vn -0.0619 0.9904 -0.1238
vn 0.1240 -0.9923 -0.0000
vn 0.0001 -1.0000 -0.0000
vn 0.2425 0.9701 -0.0000
vn -0.7307 -0.1453 0.6671
vn -0.8266 -0.0369 0.5616
vn -0.8175 -0.1101 0.5653
vn 0.0413 -0.9914 0.1239
vn 0.0413 -0.9914 0.1241
vn 0.0411 0.9856 0.1643
vn 0.0138 0.9995 -0.0282
vn 0.0411 0.9856 0.1642
vn 0.2182 0.8729 -0.4364
vn -0.0000 0.9923 -0.1240
vn 0.0605 -0.9684 0.2421
vn -0.0605 0.9684 -0.2421
vn 0.8321 -0.0000 0.5547
vn -0.8321 -0.0000 -0.5547
vn -0.0250 0.9997 -0.0000
vn -0.3718 0.0243 -0.9280
vn -0.0000 -0.9981 -0.0624
vn -0.0000 -0.9363 0.3511
vn 0.7449 -0.0000 -0.6671
vn 0.6281 -0.5377 -0.5625
vn 0.6281 -0.5376 -0.5625
vn 0.6227 0.5488 -0.5578
vn -0.4711 0.7746 0.4219
vn -0.7438 -0.0545 0.6662
vn -0.6843 0.3953 0.6128
vn -0.6982 0.3484 0.6254
vn -0.6587 0.4671 0.5898
vn 0.2961 0.9175 -0.2655
vn -0.6751 -0.4228 0.6045
vn -0.1988 0.9637 0.1781
vn -0.6753 -0.4224 0.6046
vn -0.1985 0.9639 0.1778
vn 0.7095 0.3052 -0.6353
vn 0.7450 -0.0000 -0.6671
vn -0.7182 -0.2658 0.6431
vn -0.6588 0.4670 0.5899
vn -0.6587 0.4672 0.5898
vn 0.0799 -0.9943 -0.0713
vn -0.0000 -0.9991 -0.0416
vn 0.5185 -0.8296 -0.2074
vn -0.0000 0.9701 0.2425
vn 0.0733 0.9779 0.1956
vn 0.1240 0.9918 -0.0310
vn -0.0584 -0.9347 -0.3505
vn 0.2873 0.7663 -0.5747
vn 0.0584 0.9347 0.3505
vn 0.1644 -0.0000 0.9864
vn 0.2727 -0.0748 0.9592
vn -0.0000 -0.9981 0.0624
vn -0.0000 -0.9363 -0.3511
vn 0.1638 0.9831 0.0819
vn -0.0828 -0.9931 -0.0828
vn -0.0000 0.9923 0.1240
vn 0.2469 0.9514 0.1840
vn 0.7759 0.5643 0.2821
vn -0.1065 0.9937 -0.0355
vn -0.6585 0.7526 -0.0000
vn 0.0743 0.8920 -0.4460
vn 0.2408 -0.9631 0.1204
vn 0.4472 0.8944 -0.0000
vn 0.3162 0.9487 -0.0000
vn -0.5774 -0.5774 -0.5774
vn -0.8125 -0.0986 -0.5745
vn -0.6584 0.3519 0.6653
vn 0.3333 -0.6667 -0.6667
vn -0.7185 -0.6955 -0.0030
vn -0.8673 0.3665 0.3370
vn -0.0836 -0.9835 0.1607
vn -0.0000 -0.9487 0.3162
vn 0.3912 0.9036 0.1744
vn -0.6555 -0.7549 0.0204
vn -1.0000 -0.0001 -0.0001
vn -0.5571 -0.7428 0.3714
vn 0.5976 0.7171 -0.3586
vn 0.3714 -0.5571 -0.7428
vn -0.3714 0.5571 0.7428
vn 0.3225 0.9266 -0.1935
vn 1.0000 0.0001 -0.0000
vn -0.4851 -0.7276 -0.4851
vn -0.6492 -0.3962 -0.6492
vn 0.8944 -0.0000 -0.4472
vn -0.9037 -0.4283 -0.0000
vn -0.9370 -0.1562 0.3124
vn -0.7585 -0.3420 0.5547
vn -0.4851 -0.4851 0.7276
vn 0.7274 0.2794 -0.6267
vn 0.6666 0.6667 -0.3334
vn 0.9535 0.0953 -0.2860
vn 0.8911 -0.2484 -0.3798
vn 0.9535 0.0953 -0.2861
vn -0.4082 -0.4082 0.8165
vn 0.9457 -0.3152 0.0788
vn -0.6963 -0.1741 -0.6963
vn -0.8729 -0.2182 -0.4364
vn -0.9701 -0.2425 -0.0000
vn -0.9829 -0.0000 0.1843
vn -0.9831 0.1638 0.0819
vn 0.9991 -0.0000 -0.0416
vn 0.9687 -0.1053 -0.2247
vn 0.9631 -0.2408 -0.1204
vn -0.9972 0.0408 0.0622
vn 0.9767 -0.0789 -0.1997
vn 0.9887 0.0412 0.1442
vn 0.9965 -0.0000 -0.0830
vn -0.9950 0.0995 -0.0000
vn 0.9428 0.2357 0.2357
vn -0.9957 -0.0830 0.0415
vn 0.9191 0.3919 0.0405
vn -0.0240 -0.0293 0.9993
vn -0.0667 -0.1868 0.9801
vn -0.1936 -0.2330 0.9530
vn -0.1724 -0.1004 0.9799
vn -0.1321 -0.3779 0.9164
vn -0.2979 -0.3288 0.8962
vn -0.1459 -0.6815 0.7171
vn -0.3619 -0.5536 0.7501
vn -0.2612 -0.3581 0.8964
vn -0.3497 -0.2027 0.9147
vn -0.3635 -0.4385 0.8220
vn -0.4480 -0.5767 0.6832
vn -0.0567 -0.9906 0.1245
vn -0.2599 -0.9437 0.2046
vn -0.3045 -0.7906 0.5312
vn -0.0893 -0.9057 0.4143
vn -0.5043 -0.8254 0.2537
vn -0.4683 -0.6986 0.5409
vn -0.7153 -0.6552 0.2430
vn -0.6062 -0.5882 0.5353
vn -0.4875 -0.5422 0.6843
vn -0.9615 -0.2541 0.1050
vn -0.8718 -0.2759 0.4048
vn -0.7167 -0.4588 0.5252
vn -0.8751 -0.4461 0.1876
vn -0.6369 -0.2816 0.7177
vn -0.4749 -0.4567 0.7523
vn 0.9620 -0.2521 0.1050
vn 0.8762 -0.4423 0.1915
vn 0.7194 -0.4556 0.5243
vn 0.8763 -0.2677 0.4005
vn 0.7105 -0.6581 0.2493
vn 0.5947 -0.5968 0.5387
vn 0.5005 -0.8295 0.2477
vn 0.4577 -0.7081 0.5377
vn 0.4755 -0.4631 0.7479
vn 0.6469 -0.2781 0.7101
vn 0.4799 -0.5513 0.6824
vn 0.4375 -0.5823 0.6852
vn 0.0587 -0.9905 0.1244
vn 0.0982 -0.9029 0.4185
vn 0.3081 -0.7888 0.5319
vn 0.2639 -0.9434 0.2007
vn 0.1512 -0.6726 0.7244
vn 0.3558 -0.5515 0.7545
vn 0.1314 -0.3789 0.9161
vn 0.3031 -0.3232 0.8965
vn 0.3621 -0.4396 0.8219
vn 0.0240 -0.0293 0.9993
vn 0.1723 -0.1006 0.9799
vn 0.1943 -0.2325 0.9530
vn 0.0665 -0.1869 0.9801
vn 0.3485 -0.2032 0.9150
vn 0.2677 -0.3541 0.8961
vn -0.0587 0.9910 0.1202
vn -0.1091 0.8885 0.4456
vn -0.3549 0.7026 0.6168
vn -0.2985 0.9259 0.2316
vn -0.1852 0.5844 0.7900
vn -0.4064 0.3930 0.8249
vn -0.1554 0.2864 0.9454
vn -0.3342 0.1634 0.9282
vn -0.5187 0.5760 0.6318
vn -0.5118 0.6560 0.5547
vn -0.4833 0.4355 0.7594
vn -0.3765 0.3112 0.8726
vn -0.0180 0.0148 0.9997
vn -0.1690 0.0320 0.9851
vn -0.1983 0.1547 0.9679
vn -0.0673 0.1550 0.9856
vn -0.3147 0.0935 0.9446
vn -0.2390 0.2809 0.9295
vn -0.2143 0.3559 0.9096
vn -0.4693 0.3269 0.8203
vn -0.5131 0.4033 0.7577
vn -0.9853 -0.1345 0.1054
vn -0.9684 0.1111 0.2232
vn -0.7640 0.2093 0.6104
vn -0.9009 -0.0748 0.4276
vn -0.7317 0.3847 0.5627
vn -0.6534 0.4135 0.6341
vn -0.7284 -0.0453 0.6836
vn 0.9855 -0.1325 0.1059
vn 0.8983 -0.0637 0.4348
vn 0.7617 0.2139 0.6116
vn 0.9684 0.1161 0.2207
vn 0.6151 0.0678 0.7855
vn 0.4668 0.3218 0.8238
vn 0.3145 0.0948 0.9445
vn 0.2276 0.2929 0.9287
vn 0.6665 0.3986 0.6300
vn 0.7448 0.3760 0.5512
vn 0.5222 0.3893 0.7588
vn 0.3805 0.3064 0.8725
vn 0.0180 0.0148 0.9997
vn 0.0676 0.1549 0.9856
vn 0.1941 0.1598 0.9679
vn 0.1691 0.0317 0.9851
vn 0.1540 0.2871 0.9454
vn 0.3247 0.1768 0.9292
vn 0.3935 0.1380 0.9089
vn 0.4119 0.3947 0.8213
vn 0.4954 0.4241 0.7581
vn 0.0566 0.9912 0.1197
vn 0.2936 0.9268 0.2342
vn 0.3508 0.7056 0.6156
vn 0.0987 0.8933 0.4386
vn 0.5178 0.6417 0.5658
vn 0.5309 0.5604 0.6356
vn 0.0941 0.7186 0.6890
vn 0.2298 -0.0000 0.9732
vn 0.9545 -0.0000 0.2983
vn -0.2941 -0.0000 0.9558
vn -0.2169 -0.0000 0.9762
vn -0.8000 -0.0000 0.6000
vn 0.4472 -0.0000 0.8944
vn 0.7031 0.1068 -0.7031
vn -0.0000 0.2569 0.9664
vn 0.9701 -0.0000 -0.2425
vn 0.6154 -0.0000 -0.7882
vn -0.0000 -0.1254 0.9921
vn -0.7043 -0.0000 -0.7099
vn 1.0000 -0.0000 -0.0020
vn 0.4469 -0.0000 -0.8946
vn 1.0000 -0.0000 -0.0079
vn -0.3162 -0.0000 0.9487
vn 0.7282 -0.0000 -0.6854
vn 0.7058 -0.0000 -0.7084
vn -0.9999 -0.0000 -0.0111
vn 1.0000 -0.0000 -0.0038
vn -0.7032 -0.0000 -0.7110
vn -0.9998 -0.0000 -0.0196
vn 1.0000 -0.0000 -0.0001
vn -0.6247 -0.0000 -0.7809
vn -0.6508 -0.0000 -0.7593
vn 0.2192 -0.0000 0.9757
vn 0.1630 -0.0000 0.9866
vn 0.1891 -0.0000 0.9820
vn 0.6247 -0.0000 0.7809
vn 0.1433 -0.0000 0.9897
vn 0.2898 -0.0000 0.9571
vn 0.3714 -0.0000 0.9285
vn 0.3827 -0.0000 0.9239
vn -0.0001 -0.0000 -1.0000
vn 0.5547 -0.0000 0.8321
vn -0.2317 -0.0000 0.9728
vn -0.9943 -0.0000 -0.1070
vn -0.2691 -0.0000 0.9631
vn -0.5696 -0.0000 0.8219
vn -0.0745 -0.0000 0.9972
vn -0.0275 -0.0000 0.9996
vn -0.0153 -0.0000 0.9999
vn 0.5257 -0.0000 0.8507
vn 0.4527 -0.0000 0.8917
vn -0.0850 -0.0000 0.9964
vn 0.9871 -0.0000 0.1602
vn 0.1613 -0.0000 0.9869
vn 0.9870 -0.0000 0.1605
vn 0.1524 -0.0000 0.9883
vn -0.0431 -0.0000 0.9991
vn 0.0001 -0.0000 1.0000
vn 0.9732 -0.0000 0.2298
vn -0.0000 -0.7601 -0.6498
vn 0.8843 -0.1502 0.4421
vn 1.0000 -0.0000 0.0001
vn -0.3306 -0.0000 0.9438
vn -0.0574 -0.0000 0.9984
vn -0.8224 -0.0000 0.5688
vn 0.9535 -0.0000 -0.3013
vn -0.2425 -0.0000 0.9701
vn 0.1222 -0.0000 -0.9925
vn 0.2425 -0.0000 -0.9701
vn -0.2298 -0.0000 -0.9732
vn -0.4472 -0.0000 -0.8944
vn 0.3363 -0.0000 -0.9417
vn 0.3714 -0.0000 -0.9285
vn -0.1136 -0.0000 0.9935
vn -0.2297 -0.0000 0.9733
vn -0.3364 -0.0000 0.9417
vn 0.1200 -0.1066 0.9870
vn -0.4472 -0.0000 0.8944
vn -0.9239 -0.0000 0.3827
vn -0.2044 -0.0915 0.9746
vn 0.3827 -0.0000 -0.9239
vn -0.3162 -0.0000 -0.9487
vn -0.1066 -0.0000 -0.9943
vn -0.2661 0.8036 -0.5323
vn -0.0000 -0.2970 -0.9549
vn -0.0550 -0.0000 0.9985
vn -0.0412 -0.0000 0.9992
vn -0.1222 -0.0000 0.9925
vn -0.1644 -0.0000 0.9864
vn -0.9732 -0.0000 0.2298
vn -0.5398 -0.0000 0.8418
vn -0.0814 -0.0000 -0.9967
vn -0.9637 -0.0000 -0.2669
vn 0.2425 -0.0000 0.9701
vn -0.7072 -0.0000 0.7071
vn -0.0000 0.9892 0.1468
vn -0.0000 0.9997 0.0236
vn -0.0000 0.9999 -0.0118
vn -0.0000 -1.0000 0.0086
vn -0.0000 -0.9998 0.0183
vn -0.0000 -1.0000 0.0040
vn -0.7809 -0.0000 0.6247
vn 0.2527 -0.0000 0.9675
vn 0.1874 -0.0000 0.9823
vn 0.4927 -0.0000 0.8702
vn -0.9785 -0.0000 -0.2062
vn 0.8575 -0.0000 0.5145
vn -0.0000 0.9273 -0.3742
vn -0.0000 0.9274 -0.3741
vn -0.1314 0.9498 0.2840
vn -0.2035 0.5438 0.8141
vn -0.7071 -0.0000 0.7072
vn -0.0001 -0.0000 1.0000
vn 0.9305 0.3662 -0.0000
vn 0.6580 0.2590 -0.7071
vn 0.1777 -0.9679 -0.1777
vn -0.0830 -0.0000 -0.9965
vn -0.0356 -0.0000 0.9994
vn -0.0267 -0.0000 0.9996
vn -0.1065 -0.0000 0.9943
vn 0.2431 0.4655 0.8510
vn -0.2450 -0.9381 -0.2450
vn -0.2120 -0.7420 -0.6359
vn -0.3053 -0.6253 -0.7182
vn -0.3897 -0.4904 -0.7795
vn 0.2880 -0.0000 -0.9576
vn 0.3162 -0.0000 0.9487
vn -0.0000 -0.0463 -0.9989
vn -0.0000 -0.0232 -0.9997
vn 0.1752 0.4494 0.8760
vn -0.1519 -0.3824 -0.9114
vn -0.0000 0.5327 -0.8463
vn -0.5718 -0.0000 0.8204
vn 0.8938 -0.0000 0.4485
vn 0.1141 -0.0000 0.9935
vn 0.0446 -0.0000 0.9990
vn -0.0584 -0.0000 0.9983
vn -0.8634 -0.0000 0.5045
vn -0.9871 -0.0000 -0.1602
vn -0.1602 -0.0000 0.9871
vn -0.8507 -0.0000 0.5257
vn 0.0678 -0.0000 0.9977
vn -0.9732 -0.0000 -0.2298
vn -0.0000 -0.7601 0.6498
vn -0.8843 -0.1502 -0.4421
vn -1.0000 -0.0000 0.0001
vn 0.3048 -0.0000 0.9524
vn 0.0616 -0.0000 0.9981
vn 0.6464 -0.0000 0.7630
vn 0.4649 -0.0000 -0.8854
vn -0.3433 -0.0000 -0.9392
vn -0.8112 -0.0000 -0.5847
vn 0.9363 -0.0000 -0.3511
vn 0.3700 -0.0000 -0.9290
vn 0.8219 -0.0000 0.5696
vn 0.3469 -0.0000 0.9379
vn -0.3714 -0.0000 -0.9285
vn 0.6508 -0.0000 0.7593
vn -0.2527 -0.0000 -0.9675
vn -0.1922 -0.0000 -0.9814
vn -0.4290 -0.0000 0.9033
vn -0.5547 -0.0000 -0.8321
vn -0.3331 -0.0000 0.9429
vn -0.4892 -0.0000 0.8722
vn -0.9545 -0.0000 -0.2983
vn 0.8000 -0.0000 -0.6000
vn -0.7031 0.1068 0.7031
vn -0.0000 0.2569 -0.9664
vn -0.9701 -0.0000 0.2425
vn 0.5257 -0.0000 -0.8507
vn -0.0000 -0.1254 -0.9921
vn -0.4469 -0.0000 0.8946
vn -0.7064 -0.0000 0.7078
vn -0.4465 -0.0000 0.8948
vn -1.0000 -0.0000 0.0038
vn 0.7032 -0.0000 0.7110
vn -0.3159 -0.0000 0.9488
vn 0.9999 -0.0000 0.0111
vn 0.9998 -0.0000 0.0196
vn 1.0000 -0.0000 0.0080
vn -1.0000 -0.0000 0.0020
vn -1.0000 -0.0000 0.0079
vn -0.2298 -0.0000 0.9732
vn -0.9545 -0.0000 0.2983
vn 0.2941 -0.0000 0.9558
vn 0.2169 -0.0000 0.9762
vn 0.8000 -0.0000 0.6000
vn -0.7031 -0.1068 -0.7031
vn -0.0000 -0.2569 0.9664
vn -0.9701 -0.0000 -0.2425
vn -0.6154 -0.0000 -0.7882
vn -0.0000 0.1254 0.9921
vn 0.6247 -0.0000 -0.7809
vn 0.6508 -0.0000 -0.7593
vn -0.2192 -0.0000 0.9757
vn -0.1630 -0.0000 0.9866
vn -0.1891 -0.0000 0.9820
vn -0.6247 -0.0000 0.7809
vn -0.1433 -0.0000 0.9897
vn -0.2898 -0.0000 0.9571
vn -0.3714 -0.0000 0.9285
vn -0.3827 -0.0000 0.9239
vn 0.0001 -0.0000 -1.0000
vn -0.5547 -0.0000 0.8321
vn 0.2317 -0.0000 0.9728
vn 0.9943 -0.0000 -0.1070
vn 0.2691 -0.0000 0.9631
vn 0.5696 -0.0000 0.8219
vn 0.0745 -0.0000 0.9972
vn 0.0275 -0.0000 0.9996
vn 0.0153 -0.0000 0.9999
vn -0.5257 -0.0000 0.8507
vn -0.4527 -0.0000 0.8917
vn 0.0850 -0.0000 0.9964
vn -0.9871 -0.0000 0.1602
vn -0.1613 -0.0000 0.9869
vn -0.9870 -0.0000 0.1605
vn -0.1524 -0.0000 0.9883
vn 0.0431 -0.0000 0.9991
vn -0.0000 0.7601 -0.6498
vn -0.8843 0.1502 0.4421
vn 0.3306 -0.0000 0.9438
vn 0.0574 -0.0000 0.9984
vn 0.8224 -0.0000 0.5688
vn -0.9535 -0.0000 -0.3013
vn -0.1222 -0.0000 -0.9925
vn -0.2425 -0.0000 -0.9701
vn 0.2298 -0.0000 -0.9732
vn 0.4472 -0.0000 -0.8944
vn -0.0208 -0.0000 0.9998
vn -0.0277 -0.0000 0.9996
vn -0.0830 -0.0000 0.9965
vn -0.1065 -0.0000 -0.9943
vn 0.2431 -0.4655 -0.8510
vn -0.2450 0.9381 0.2450
vn -0.2120 0.7420 0.6359
vn -0.3053 0.6253 0.7182
vn -0.3897 0.4904 0.7795
vn -0.0000 0.0463 0.9989
vn -0.3827 -0.0000 -0.9239
vn 0.3162 -0.0000 -0.9487
vn 0.1752 -0.4494 -0.8760
vn -0.1519 0.3824 0.9114
vn -0.0000 -0.5327 0.8463
vn -0.1874 -0.0000 0.9823
vn -0.9013 -0.0000 0.4332
vn -0.2527 -0.0000 0.9675
vn 0.8575 -0.0000 -0.5145
vn -0.9785 -0.0000 0.2062
vn -0.0000 -0.9273 0.3742
vn -0.0000 -0.9274 0.3741
vn -0.1314 -0.9498 -0.2840
vn -0.2035 -0.5438 -0.8141
vn -0.3826 -0.0000 -0.9239
vn 0.9305 -0.3662 -0.0000
vn 0.1777 0.9679 0.1777
vn -0.0000 -0.9892 -0.1468
vn -0.0000 -0.9997 -0.0236
vn -0.0000 -0.9999 0.0118
vn -0.0000 1.0000 -0.0086
vn -0.0000 0.9998 -0.0183
vn -0.0000 1.0000 -0.0040
vn 0.0412 -0.0000 0.9992
vn 0.0550 -0.0000 0.9985
vn -0.1644 -0.0000 -0.9864
vn -0.5981 -0.0000 0.8014
vn 0.2471 -0.0000 0.9690
vn -0.9637 -0.0000 0.2669
vn -0.7072 -0.0000 -0.7071
vn -0.7500 -0.0000 0.6615
vn 0.1136 -0.0000 0.9935
vn 0.3363 -0.0000 0.9417
vn -0.3363 -0.0000 -0.9417
vn -0.3364 -0.0000 -0.9417
vn -0.1601 -0.0000 0.9871
vn -0.4799 -0.0000 -0.8773
vn -0.8264 0.3701 -0.4243
vn 0.2371 0.2105 -0.9484
vn -0.2661 -0.8036 0.5323
vn -0.0000 0.2970 0.9549
vn 0.5718 -0.0000 0.8204
vn -0.8938 -0.0000 0.4485
vn -0.1141 -0.0000 0.9935
vn -0.0446 -0.0000 0.9990
vn 0.0584 -0.0000 0.9983
vn 0.8634 -0.0000 0.5045
vn 0.9871 -0.0000 -0.1602
vn 0.1602 -0.0000 0.9871
vn 0.8507 -0.0000 0.5257
vn -0.0678 -0.0000 0.9977
vn 0.9732 -0.0000 -0.2298
vn -0.0000 0.7601 0.6498
vn 0.8843 0.1502 -0.4421
vn -0.3048 -0.0000 0.9524
vn -0.0616 -0.0000 0.9981
vn -0.6464 -0.0000 0.7630
vn -0.4649 -0.0000 -0.8854
vn 0.3433 -0.0000 -0.9392
vn 0.8112 -0.0000 -0.5847
vn -0.9363 -0.0000 -0.3511
vn -0.3700 -0.0000 -0.9290
vn -0.8219 -0.0000 0.5696
vn -0.3469 -0.0000 0.9379
vn -0.6508 -0.0000 0.7593
vn 0.2527 -0.0000 -0.9675
vn 0.9239 -0.0000 0.3827
vn 0.1922 -0.0000 -0.9814
vn 0.4290 -0.0000 0.9033
vn 0.5547 -0.0000 -0.8321
vn 0.3331 -0.0000 0.9429
vn 0.4892 -0.0000 0.8722
vn 0.9545 -0.0000 -0.2983
vn -0.8000 -0.0000 -0.6000
vn 0.7031 -0.1068 0.7031
vn -0.0000 -0.2569 -0.9664
vn 0.9701 -0.0000 0.2425
vn -0.5257 -0.0000 -0.8507
vn -0.0000 0.1254 -0.9921
vn -0.0784 0.9920 0.0987
vn -0.3245 0.9402 0.1032
vn -0.3279 0.8750 0.3561
vn -0.0788 0.9363 0.3422
vn -0.6393 0.7625 0.0995
vn -0.6267 0.7007 0.3410
vn -0.8801 0.4651 0.0955
vn -0.8411 0.4253 0.3341
vn -0.3065 0.7058 0.6386
vn -0.0763 0.7671 0.6370
vn -0.5635 0.5796 0.5886
vn -0.7396 0.3467 0.5769
vn -0.9886 -0.1263 0.0826
vn -0.9379 -0.1494 0.3131
vn -0.9374 0.0950 0.3349
vn -0.9884 0.1213 0.0910
vn -0.7946 -0.1614 0.5853
vn -0.7958 0.0624 0.6024
vn -0.5765 -0.1449 0.8042
vn -0.5861 0.0780 0.8065
vn -0.5520 0.3572 0.7535
vn -0.0794 -0.0644 0.9948
vn -0.0817 0.1788 0.9805
vn -0.3154 0.1392 0.9387
vn -0.3054 -0.1030 0.9466
vn -0.0775 0.4991 0.8631
vn -0.3031 0.4508 0.8396
vn 0.9886 -0.1263 0.0826
vn 0.9885 0.1212 0.0907
vn 0.9377 0.0961 0.3340
vn 0.9379 -0.1491 0.3133
vn 0.8800 0.4654 0.0951
vn 0.8414 0.4251 0.3336
vn 0.6391 0.7626 0.0999
vn 0.6268 0.7003 0.3415
vn 0.7955 0.0629 0.6026
vn 0.7948 -0.1610 0.5851
vn 0.7396 0.3466 0.5769
vn 0.5636 0.5796 0.5886
vn 0.0784 0.9920 0.0987
vn 0.0785 0.9364 0.3420
vn 0.3270 0.8750 0.3570
vn 0.3247 0.9401 0.1035
vn 0.0759 0.7670 0.6371
vn 0.3060 0.7062 0.6384
vn 0.0779 0.4987 0.8632
vn 0.3035 0.4510 0.8393
vn 0.5519 0.3573 0.7535
vn 0.0794 -0.0644 0.9948
vn 0.3052 -0.1033 0.9467
vn 0.3164 0.1380 0.9385
vn 0.0820 0.1789 0.9804
vn 0.5767 -0.1453 0.8040
vn 0.5859 0.0776 0.8067
vn -0.0731 -0.9925 0.0982
vn -0.0692 -0.9485 0.3090
vn -0.2682 -0.9150 0.3014
vn -0.2774 -0.9563 0.0927
vn -0.0652 -0.8294 0.5549
vn -0.2489 -0.8106 0.5301
vn -0.0671 -0.6501 0.7569
vn -0.2539 -0.6550 0.7117
vn -0.4977 -0.8219 0.2772
vn -0.5198 -0.8502 0.0836
vn -0.4493 -0.7553 0.4771
vn -0.4563 -0.6288 0.6296
vn -0.0786 -0.2174 0.9729
vn -0.2968 -0.2512 0.9213
vn -0.2848 -0.4440 0.8496
vn -0.0752 -0.4189 0.9049
vn -0.5582 -0.2795 0.7812
vn -0.5220 -0.4508 0.7241
vn -0.7676 -0.2938 0.5696
vn -0.7036 -0.4623 0.5397
vn -0.6038 -0.6368 0.4794
vn -0.9571 -0.2774 0.0833
vn -0.8793 -0.4690 0.0831
vn -0.8256 -0.4775 0.3007
vn -0.9058 -0.2920 0.3070
vn -0.7243 -0.6848 0.0798
vn -0.6814 -0.6777 0.2764
vn 0.9571 -0.2774 0.0833
vn 0.9059 -0.2917 0.3069
vn 0.8257 -0.4767 0.3016
vn 0.8792 -0.4692 0.0834
vn 0.7676 -0.2935 0.5698
vn 0.7039 -0.4619 0.5396
vn 0.5580 -0.2798 0.7813
vn 0.5221 -0.4512 0.7238
vn 0.6811 -0.6779 0.2768
vn 0.7245 -0.6847 0.0801
vn 0.6038 -0.6369 0.4794
vn 0.4564 -0.6287 0.6296
vn 0.0786 -0.2174 0.9729
vn 0.0749 -0.4187 0.9050
vn 0.2839 -0.4446 0.8495
vn 0.2969 -0.2515 0.9212
vn 0.0668 -0.6502 0.7568
vn 0.2536 -0.6548 0.7120
vn 0.0655 -0.8295 0.5547
vn 0.2492 -0.8104 0.5302
vn 0.4492 -0.7553 0.4772
vn 0.0731 -0.9925 0.0982
vn 0.2772 -0.9563 0.0924
vn 0.2691 -0.9150 0.3006
vn 0.0694 -0.9485 0.3092
vn 0.5200 -0.8501 0.0833
vn 0.4975 -0.8221 0.2768
vn -0.0000 0.9637 -0.2670
vn 0.1880 0.9452 -0.2670
vn 0.1729 0.8692 -0.4632
vn -0.0000 0.8862 -0.4633
vn 0.1428 0.7179 -0.6813
vn -0.0000 0.7320 -0.6813
vn 0.1040 0.5226 -0.8462
vn -0.0000 0.5329 -0.8462
vn 0.0568 0.2853 -0.9567
vn -0.0000 0.2909 -0.9567
vn 0.0154 0.0775 -0.9969
vn -0.0000 0.0790 -0.9969
vn 0.3688 0.8903 -0.2670
vn 0.3391 0.8188 -0.4632
vn 0.2801 0.6763 -0.6813
vn 0.2039 0.4923 -0.8462
vn 0.1113 0.2688 -0.9567
vn 0.0302 0.0730 -0.9969
vn 0.5354 0.8013 -0.2670
vn 0.4924 0.7369 -0.4632
vn 0.4067 0.6086 -0.6813
vn 0.2960 0.4431 -0.8462
vn 0.1616 0.2419 -0.9568
vn 0.0439 0.0657 -0.9969
vn 0.6814 0.6814 -0.2670
vn 0.6267 0.6267 -0.4632
vn 0.5176 0.5176 -0.6813
vn 0.3768 0.3768 -0.8462
vn 0.2057 0.2057 -0.9567
vn 0.0559 0.0559 -0.9969
vn 0.8013 0.5354 -0.2670
vn 0.7369 0.4924 -0.4633
vn 0.6086 0.4067 -0.6813
vn 0.4431 0.2961 -0.8462
vn 0.2419 0.1616 -0.9567
vn 0.0657 0.0439 -0.9969
vn 0.8903 0.3688 -0.2670
vn 0.8188 0.3391 -0.4632
vn 0.6763 0.2801 -0.6813
vn 0.4923 0.2039 -0.8462
vn 0.2688 0.1113 -0.9568
vn 0.0730 0.0302 -0.9969
vn 0.9452 0.1880 -0.2670
vn 0.8692 0.1729 -0.4633
vn 0.7179 0.1428 -0.6813
vn 0.5226 0.1040 -0.8462
vn 0.2853 0.0568 -0.9567
vn 0.0775 0.0154 -0.9969
vn 0.9637 -0.0000 -0.2670
vn 0.8862 -0.0000 -0.4633
vn 0.7320 -0.0000 -0.6813
vn 0.5329 -0.0000 -0.8462
vn 0.2909 -0.0000 -0.9567
vn 0.0790 -0.0000 -0.9969
vn 0.9452 -0.1880 -0.2670
vn 0.8692 -0.1729 -0.4633
vn 0.7179 -0.1428 -0.6813
vn 0.5226 -0.1040 -0.8462
vn 0.2853 -0.0568 -0.9567
vn 0.0775 -0.0154 -0.9969
vn 0.8903 -0.3688 -0.2670
vn 0.8188 -0.3391 -0.4632
vn 0.6763 -0.2801 -0.6813
vn 0.4923 -0.2039 -0.8462
vn 0.2688 -0.1113 -0.9568
vn 0.0730 -0.0302 -0.9969
vn 0.8013 -0.5354 -0.2670
vn 0.7369 -0.4924 -0.4633
vn 0.6086 -0.4067 -0.6813
vn 0.4431 -0.2961 -0.8462
vn 0.2419 -0.1616 -0.9567
vn 0.0657 -0.0439 -0.9969
vn 0.6814 -0.6814 -0.2670
vn 0.6267 -0.6267 -0.4633
vn 0.5176 -0.5176 -0.6813
vn 0.3768 -0.3768 -0.8462
vn 0.2057 -0.2057 -0.9567
vn 0.0559 -0.0559 -0.9969
vn 0.5354 -0.8013 -0.2670
vn 0.4924 -0.7369 -0.4632
vn 0.4067 -0.6086 -0.6813
vn 0.2960 -0.4431 -0.8462
vn 0.1616 -0.2419 -0.9568
vn 0.0439 -0.0657 -0.9969
vn 0.3688 -0.8903 -0.2670
vn 0.3391 -0.8188 -0.4632
vn 0.2801 -0.6763 -0.6813
vn 0.2039 -0.4923 -0.8462
vn 0.1113 -0.2688 -0.9567
vn 0.0302 -0.0730 -0.9969
vn 0.1880 -0.9452 -0.2670
vn 0.1729 -0.8692 -0.4632
vn 0.1428 -0.7179 -0.6813
vn 0.1040 -0.5226 -0.8462
vn 0.0568 -0.2853 -0.9567
vn 0.0154 -0.0775 -0.9969
vn -0.0000 -0.9637 -0.2670
vn -0.0000 -0.8862 -0.4633
vn -0.0000 -0.7320 -0.6813
vn -0.0000 -0.5329 -0.8462
vn -0.0000 -0.2909 -0.9567
vn -0.0000 -0.0790 -0.9969
vn -0.1880 -0.9452 -0.2670
vn -0.1729 -0.8692 -0.4632
vn -0.1428 -0.7179 -0.6813
vn -0.1040 -0.5226 -0.8462
vn -0.0568 -0.2853 -0.9567
vn -0.0154 -0.0775 -0.9969
vn -0.3688 -0.8903 -0.2670
vn -0.3391 -0.8188 -0.4632
vn -0.2801 -0.6763 -0.6813
vn -0.2039 -0.4923 -0.8462
vn -0.1113 -0.2688 -0.9567
vn -0.0302 -0.0730 -0.9969
vn -0.5354 -0.8013 -0.2670
vn -0.4924 -0.7369 -0.4632
vn -0.4067 -0.6086 -0.6813
vn -0.2960 -0.4431 -0.8462
vn -0.1616 -0.2419 -0.9568
vn -0.0439 -0.0657 -0.9969
vn -0.6814 -0.6814 -0.2670
vn -0.6267 -0.6267 -0.4633
vn -0.5176 -0.5176 -0.6813
vn -0.3768 -0.3768 -0.8462
vn -0.2057 -0.2057 -0.9567
vn -0.0559 -0.0559 -0.9969
vn -0.8013 -0.5354 -0.2670
vn -0.7369 -0.4924 -0.4633
vn -0.6086 -0.4067 -0.6813
vn -0.4431 -0.2961 -0.8462
vn -0.2419 -0.1616 -0.9567
vn -0.0657 -0.0439 -0.9969
vn -0.8903 -0.3688 -0.2670
vn -0.8188 -0.3391 -0.4632
vn -0.6763 -0.2801 -0.6813
vn -0.4923 -0.2039 -0.8462
vn -0.2688 -0.1113 -0.9568
vn -0.0730 -0.0302 -0.9969
vn -0.9452 -0.1880 -0.2670
vn -0.8692 -0.1729 -0.4633
vn -0.7179 -0.1428 -0.6813
vn -0.5226 -0.1040 -0.8462
vn -0.2853 -0.0568 -0.9567
vn -0.0775 -0.0154 -0.9969
vn -0.9637 -0.0000 -0.2670
vn -0.8862 -0.0000 -0.4633
vn -0.7320 -0.0000 -0.6813
vn -0.5329 -0.0000 -0.8462
vn -0.2909 -0.0000 -0.9567
vn -0.0790 -0.0000 -0.9969
vn -0.9452 0.1880 -0.2670
vn -0.8692 0.1729 -0.4633
vn -0.7179 0.1428 -0.6813
vn -0.5226 0.1040 -0.8462
vn -0.2853 0.0568 -0.9567
vn -0.0775 0.0154 -0.9969
vn -0.8903 0.3688 -0.2670
vn -0.8188 0.3391 -0.4632
vn -0.6763 0.2801 -0.6813
vn -0.4923 0.2039 -0.8462
vn -0.2688 0.1113 -0.9568
vn -0.0730 0.0302 -0.9969
vn -0.8013 0.5354 -0.2670
vn -0.7369 0.4924 -0.4632
vn -0.6086 0.4067 -0.6813
vn -0.4431 0.2961 -0.8462
vn -0.2419 0.1616 -0.9567
vn -0.0657 0.0439 -0.9969
vn -0.6814 0.6814 -0.2670
vn -0.6267 0.6267 -0.4632
vn -0.5176 0.5176 -0.6813
vn -0.3768 0.3768 -0.8462
vn -0.2057 0.2057 -0.9567
vn -0.0559 0.0559 -0.9969
vn -0.5354 0.8013 -0.2670
vn -0.4924 0.7369 -0.4632
vn -0.4067 0.6086 -0.6813
vn -0.2960 0.4431 -0.8462
vn -0.1616 0.2419 -0.9568
vn -0.0439 0.0657 -0.9969
vn -0.3688 0.8903 -0.2670
vn -0.3391 0.8188 -0.4632
vn -0.2801 0.6763 -0.6813
vn -0.2039 0.4923 -0.8462
vn -0.1113 0.2688 -0.9567
vn -0.0302 0.0730 -0.9969
vn -0.1880 0.9452 -0.2670
vn -0.1729 0.8692 -0.4632
vn -0.1428 0.7179 -0.6813
vn -0.1040 0.5226 -0.8462
vn -0.0568 0.2853 -0.9567
vn -0.0154 0.0775 -0.9969
vn -0.0000 0.0733 -0.9973
vn 0.0143 0.0719 -0.9973
vn 0.0583 0.2932 -0.9543
vn -0.0000 0.2989 -0.9543
vn 0.1131 0.5684 -0.8149
vn -0.0000 0.5795 -0.8149
vn 0.1569 0.7888 -0.5943
vn -0.0000 0.8043 -0.5943
vn 0.1853 0.9314 -0.3132
vn -0.0000 0.9497 -0.3132
vn 0.1945 0.9777 -0.0792
vn -0.0000 0.9969 -0.0792
vn 0.0280 0.0677 -0.9973
vn 0.1144 0.2761 -0.9543
vn 0.2218 0.5354 -0.8149
vn 0.3078 0.7431 -0.5942
vn 0.3634 0.8774 -0.3132
vn 0.3815 0.9210 -0.0792
vn 0.0407 0.0609 -0.9973
vn 0.1661 0.2485 -0.9543
vn 0.3220 0.4819 -0.8149
vn 0.4468 0.6687 -0.5942
vn 0.5276 0.7896 -0.3132
vn 0.5538 0.8289 -0.0792
vn 0.0518 0.0518 -0.9973
vn 0.2114 0.2114 -0.9543
vn 0.4098 0.4098 -0.8149
vn 0.5687 0.5687 -0.5943
vn 0.6715 0.6715 -0.3132
vn 0.7049 0.7049 -0.0792
vn 0.0609 0.0407 -0.9973
vn 0.2485 0.1661 -0.9543
vn 0.4819 0.3220 -0.8149
vn 0.6687 0.4468 -0.5943
vn 0.7896 0.5276 -0.3132
vn 0.8289 0.5538 -0.0792
vn 0.0677 0.0280 -0.9973
vn 0.2761 0.1144 -0.9543
vn 0.5354 0.2218 -0.8149
vn 0.7431 0.3078 -0.5942
vn 0.8774 0.3634 -0.3132
vn 0.9210 0.3815 -0.0792
vn 0.0719 0.0143 -0.9973
vn 0.2931 0.0583 -0.9543
vn 0.5684 0.1131 -0.8149
vn 0.7888 0.1569 -0.5942
vn 0.9314 0.1853 -0.3132
vn 0.9777 0.1945 -0.0792
vn 0.0733 -0.0000 -0.9973
vn 0.2989 -0.0000 -0.9543
vn 0.5795 -0.0000 -0.8149
vn 0.8043 -0.0000 -0.5942
vn 0.9497 -0.0000 -0.3132
vn 0.9969 -0.0000 -0.0792
vn 0.0719 -0.0143 -0.9973
vn 0.2931 -0.0583 -0.9543
vn 0.5684 -0.1131 -0.8149
vn 0.7888 -0.1569 -0.5942
vn 0.9314 -0.1853 -0.3132
vn 0.9777 -0.1945 -0.0792
vn 0.0677 -0.0280 -0.9973
vn 0.2761 -0.1144 -0.9543
vn 0.5354 -0.2218 -0.8149
vn 0.7431 -0.3078 -0.5942
vn 0.8774 -0.3634 -0.3132
vn 0.9210 -0.3815 -0.0792
vn 0.0609 -0.0407 -0.9973
vn 0.2485 -0.1661 -0.9543
vn 0.4819 -0.3220 -0.8149
vn 0.6687 -0.4468 -0.5942
vn 0.7896 -0.5276 -0.3132
vn 0.8289 -0.5538 -0.0792
vn 0.0518 -0.0518 -0.9973
vn 0.2114 -0.2113 -0.9543
vn 0.4098 -0.4098 -0.8149
vn 0.5687 -0.5687 -0.5942
vn 0.6715 -0.6715 -0.3132
vn 0.7049 -0.7049 -0.0792
vn 0.0407 -0.0609 -0.9973
vn 0.1661 -0.2485 -0.9543
vn 0.3220 -0.4819 -0.8149
vn 0.4468 -0.6687 -0.5942
vn 0.5276 -0.7896 -0.3132
vn 0.5538 -0.8289 -0.0792
vn 0.0280 -0.0677 -0.9973
vn 0.1144 -0.2761 -0.9543
vn 0.2218 -0.5354 -0.8149
vn 0.3078 -0.7431 -0.5942
vn 0.3634 -0.8774 -0.3132
vn 0.3815 -0.9210 -0.0792
vn 0.0143 -0.0719 -0.9973
vn 0.0583 -0.2932 -0.9543
vn 0.1131 -0.5684 -0.8149
vn 0.1569 -0.7888 -0.5942
vn 0.1853 -0.9314 -0.3132
vn 0.1945 -0.9777 -0.0792
vn -0.0000 -0.0733 -0.9973
vn -0.0000 -0.2989 -0.9543
vn -0.0000 -0.5795 -0.8149
vn -0.0000 -0.8043 -0.5943
vn -0.0000 -0.9497 -0.3132
vn -0.0000 -0.9969 -0.0792
vn -0.0143 -0.0719 -0.9973
vn -0.0583 -0.2932 -0.9543
vn -0.1131 -0.5684 -0.8149
vn -0.1569 -0.7888 -0.5942
vn -0.1853 -0.9314 -0.3132
vn -0.1945 -0.9777 -0.0792
vn -0.0280 -0.0677 -0.9973
vn -0.1144 -0.2761 -0.9543
vn -0.2218 -0.5354 -0.8149
vn -0.3078 -0.7431 -0.5942
vn -0.3634 -0.8774 -0.3132
vn -0.3815 -0.9210 -0.0792
vn -0.0407 -0.0609 -0.9973
vn -0.1661 -0.2485 -0.9543
vn -0.3220 -0.4819 -0.8149
vn -0.4468 -0.6687 -0.5942
vn -0.5276 -0.7896 -0.3132
vn -0.5538 -0.8289 -0.0792
vn -0.0518 -0.0518 -0.9973
vn -0.2114 -0.2113 -0.9543
vn -0.4098 -0.4098 -0.8149
vn -0.5687 -0.5687 -0.5942
vn -0.6715 -0.6715 -0.3132
vn -0.7049 -0.7049 -0.0792
vn -0.0609 -0.0407 -0.9973
vn -0.2485 -0.1661 -0.9543
vn -0.4819 -0.3220 -0.8149
vn -0.6687 -0.4468 -0.5942
vn -0.7896 -0.5276 -0.3132
vn -0.8289 -0.5538 -0.0792
vn -0.0677 -0.0280 -0.9973
vn -0.2761 -0.1144 -0.9543
vn -0.5354 -0.2218 -0.8149
vn -0.7431 -0.3078 -0.5942
vn -0.8774 -0.3634 -0.3132
vn -0.9210 -0.3815 -0.0792
vn -0.0719 -0.0143 -0.9973
vn -0.2931 -0.0583 -0.9543
vn -0.5684 -0.1131 -0.8149
vn -0.7888 -0.1569 -0.5942
vn -0.9314 -0.1853 -0.3132
vn -0.9777 -0.1945 -0.0792
vn -0.0733 -0.0000 -0.9973
vn -0.2989 -0.0000 -0.9543
vn -0.5795 -0.0000 -0.8149
vn -0.8043 -0.0000 -0.5942
vn -0.9497 -0.0000 -0.3132
vn -0.9969 -0.0000 -0.0792
vn -0.0719 0.0143 -0.9973
vn -0.2931 0.0583 -0.9543
vn -0.5684 0.1131 -0.8149
vn -0.7888 0.1569 -0.5942
vn -0.9314 0.1853 -0.3132
vn -0.9777 0.1945 -0.0792
vn -0.0677 0.0280 -0.9973
vn -0.2761 0.1144 -0.9543
vn -0.5354 0.2218 -0.8149
vn -0.7431 0.3078 -0.5942
vn -0.8774 0.3634 -0.3132
vn -0.9210 0.3815 -0.0792
vn -0.0609 0.0407 -0.9973
vn -0.2485 0.1661 -0.9543
vn -0.4819 0.3220 -0.8149
vn -0.6687 0.4468 -0.5942
vn -0.7896 0.5276 -0.3132
vn -0.8289 0.5538 -0.0792
vn -0.0518 0.0518 -0.9973
vn -0.2114 0.2114 -0.9543
vn -0.4098 0.4098 -0.8149
vn -0.5687 0.5687 -0.5943
vn -0.6715 0.6715 -0.3132
vn -0.7049 0.7049 -0.0792
vn -0.0407 0.0609 -0.9973
vn -0.1661 0.2485 -0.9543
vn -0.3220 0.4819 -0.8149
vn -0.4468 0.6687 -0.5942
vn -0.5276 0.7896 -0.3132
vn -0.5538 0.8289 -0.0792
vn -0.0280 0.0677 -0.9973
vn -0.1144 0.2761 -0.9543
vn -0.2218 0.5354 -0.8149
vn -0.3078 0.7431 -0.5942
vn -0.3634 0.8774 -0.3132
vn -0.3815 0.9210 -0.0792
vn -0.0143 0.0719 -0.9973
vn -0.0583 0.2932 -0.9543
vn -0.1131 0.5684 -0.8149
vn -0.1569 0.7888 -0.5942
vn -0.1853 0.9314 -0.3132
vn -0.1945 0.9777 -0.0792
vn -0.0000 0.9969 -0.0785
vn 0.1945 0.9778 -0.0785
vn 0.1856 0.9333 -0.3075
vn -0.0000 0.9516 -0.3075
vn 0.1582 0.7955 -0.5849
vn -0.0000 0.8111 -0.5849
vn 0.1156 0.5810 -0.8057
vn -0.0000 0.5923 -0.8057
vn 0.0618 0.3104 -0.9486
vn -0.0000 0.3165 -0.9486
vn 0.0162 0.0814 -0.9966
vn -0.0000 0.0830 -0.9966
vn 0.3815 0.9210 -0.0785
vn 0.3641 0.8791 -0.3075
vn 0.3104 0.7493 -0.5849
vn 0.2267 0.5473 -0.8057
vn 0.1211 0.2924 -0.9486
vn 0.0318 0.0766 -0.9966
vn 0.5539 0.8289 -0.0785
vn 0.5287 0.7912 -0.3075
vn 0.4506 0.6744 -0.5849
vn 0.3291 0.4925 -0.8057
vn 0.1758 0.2632 -0.9486
vn 0.0461 0.0690 -0.9966
vn 0.7049 0.7049 -0.0785
vn 0.6729 0.6729 -0.3075
vn 0.5735 0.5735 -0.5849
vn 0.4189 0.4189 -0.8057
vn 0.2238 0.2238 -0.9486
vn 0.0587 0.0587 -0.9966
vn 0.8289 0.5539 -0.0785
vn 0.7912 0.5287 -0.3075
vn 0.6744 0.4506 -0.5849
vn 0.4925 0.3291 -0.8057
vn 0.2632 0.1758 -0.9486
vn 0.0690 0.0461 -0.9966
vn 0.9210 0.3815 -0.0785
vn 0.8791 0.3641 -0.3075
vn 0.7493 0.3104 -0.5849
vn 0.5473 0.2267 -0.8057
vn 0.2924 0.1211 -0.9486
vn 0.0766 0.0317 -0.9966
vn 0.9778 0.1945 -0.0785
vn 0.9333 0.1856 -0.3075
vn 0.7955 0.1582 -0.5849
vn 0.5810 0.1156 -0.8057
vn 0.3104 0.0617 -0.9486
vn 0.0814 0.0162 -0.9966
vn 0.9969 -0.0000 -0.0785
vn 0.9516 -0.0000 -0.3075
vn 0.8111 -0.0000 -0.5849
vn 0.5923 -0.0000 -0.8057
vn 0.3165 -0.0000 -0.9486
vn 0.0830 -0.0000 -0.9966
vn 0.9778 -0.1945 -0.0785
vn 0.9333 -0.1856 -0.3075
vn 0.7955 -0.1582 -0.5849
vn 0.5810 -0.1156 -0.8057
vn 0.3104 -0.0617 -0.9486
vn 0.0814 -0.0162 -0.9966
vn 0.9210 -0.3815 -0.0785
vn 0.8791 -0.3641 -0.3075
vn 0.7493 -0.3104 -0.5849
vn 0.5473 -0.2267 -0.8057
vn 0.2924 -0.1211 -0.9486
vn 0.0766 -0.0317 -0.9966
vn 0.8289 -0.5539 -0.0785
vn 0.7912 -0.5287 -0.3075
vn 0.6744 -0.4506 -0.5849
vn 0.4925 -0.3291 -0.8057
vn 0.2632 -0.1758 -0.9486
vn 0.0690 -0.0461 -0.9966
vn 0.7049 -0.7049 -0.0785
vn 0.6729 -0.6729 -0.3075
vn 0.5735 -0.5735 -0.5849
vn 0.4188 -0.4189 -0.8057
vn 0.2238 -0.2238 -0.9486
vn 0.0587 -0.0587 -0.9966
vn 0.5539 -0.8289 -0.0785
vn 0.5287 -0.7912 -0.3075
vn 0.4506 -0.6744 -0.5849
vn 0.3291 -0.4925 -0.8057
vn 0.1758 -0.2632 -0.9486
vn 0.0461 -0.0690 -0.9966
vn 0.3815 -0.9210 -0.0785
vn 0.3641 -0.8791 -0.3075
vn 0.3104 -0.7493 -0.5849
vn 0.2267 -0.5473 -0.8057
vn 0.1211 -0.2924 -0.9486
vn 0.0318 -0.0766 -0.9966
vn 0.1945 -0.9778 -0.0785
vn 0.1856 -0.9333 -0.3075
vn 0.1582 -0.7955 -0.5849
vn 0.1156 -0.5810 -0.8057
vn 0.0617 -0.3104 -0.9486
vn 0.0162 -0.0814 -0.9966
vn -0.0000 -0.9969 -0.0785
vn -0.0000 -0.9516 -0.3075
vn -0.0000 -0.8111 -0.5849
vn -0.0000 -0.5923 -0.8057
vn -0.0000 -0.3165 -0.9486
vn -0.0000 -0.0830 -0.9966
vn -0.1945 -0.9778 -0.0785
vn -0.1856 -0.9333 -0.3075
vn -0.1582 -0.7955 -0.5849
vn -0.1156 -0.5810 -0.8057
vn -0.0618 -0.3104 -0.9486
vn -0.0162 -0.0814 -0.9966
vn -0.3815 -0.9210 -0.0785
vn -0.3642 -0.8791 -0.3075
vn -0.3104 -0.7493 -0.5849
vn -0.2267 -0.5473 -0.8057
vn -0.1211 -0.2924 -0.9486
vn -0.0318 -0.0766 -0.9966
vn -0.5539 -0.8289 -0.0785
vn -0.5287 -0.7912 -0.3075
vn -0.4506 -0.6744 -0.5849
vn -0.3291 -0.4925 -0.8057
vn -0.1758 -0.2632 -0.9486
vn -0.0461 -0.0690 -0.9966
vn -0.7049 -0.7049 -0.0785
vn -0.6729 -0.6729 -0.3075
vn -0.5735 -0.5735 -0.5849
vn -0.4188 -0.4189 -0.8057
vn -0.2238 -0.2238 -0.9486
vn -0.0587 -0.0587 -0.9966
vn -0.8289 -0.5539 -0.0785
vn -0.7912 -0.5287 -0.3075
vn -0.6744 -0.4506 -0.5849
vn -0.4925 -0.3291 -0.8057
vn -0.2632 -0.1758 -0.9486
vn -0.0690 -0.0461 -0.9966
vn -0.9210 -0.3815 -0.0785
vn -0.8791 -0.3641 -0.3075
vn -0.7493 -0.3104 -0.5849
vn -0.5473 -0.2267 -0.8057
vn -0.2924 -0.1211 -0.9486
vn -0.0766 -0.0317 -0.9966
vn -0.9778 -0.1945 -0.0785
vn -0.9333 -0.1856 -0.3075
vn -0.7955 -0.1582 -0.5849
vn -0.5810 -0.1156 -0.8057
vn -0.3104 -0.0617 -0.9486
vn -0.0814 -0.0162 -0.9966
vn -0.9969 -0.0000 -0.0785
vn -0.9516 -0.0000 -0.3075
vn -0.8111 -0.0000 -0.5849
vn -0.5923 -0.0000 -0.8057
vn -0.3165 -0.0000 -0.9486
vn -0.0830 -0.0000 -0.9966
vn -0.9778 0.1945 -0.0785
vn -0.9333 0.1856 -0.3075
vn -0.7955 0.1582 -0.5849
vn -0.5810 0.1156 -0.8057
vn -0.3104 0.0617 -0.9486
vn -0.0814 0.0162 -0.9966
vn -0.9210 0.3815 -0.0785
vn -0.8791 0.3641 -0.3075
vn -0.7493 0.3104 -0.5849
vn -0.5473 0.2267 -0.8057
vn -0.2924 0.1211 -0.9486
vn -0.0766 0.0317 -0.9966
vn -0.8289 0.5539 -0.0785
vn -0.7912 0.5287 -0.3075
vn -0.6744 0.4506 -0.5849
vn -0.4925 0.3291 -0.8057
vn -0.2632 0.1758 -0.9486
vn -0.0690 0.0461 -0.9966
vn -0.7049 0.7049 -0.0785
vn -0.6729 0.6729 -0.3075
vn -0.5735 0.5735 -0.5849
vn -0.4189 0.4189 -0.8057
vn -0.2238 0.2238 -0.9486
vn -0.0587 0.0587 -0.9966
vn -0.5539 0.8289 -0.0785
vn -0.5287 0.7912 -0.3075
vn -0.4506 0.6744 -0.5849
vn -0.3291 0.4925 -0.8057
vn -0.1758 0.2632 -0.9486
vn -0.0461 0.0690 -0.9966
vn -0.3815 0.9210 -0.0784
vn -0.3641 0.8791 -0.3075
vn -0.3104 0.7493 -0.5849
vn -0.2267 0.5473 -0.8057
vn -0.1211 0.2924 -0.9486
vn -0.0318 0.0766 -0.9966
vn -0.1945 0.9778 -0.0785
vn -0.1856 0.9333 -0.3075
vn -0.1582 0.7955 -0.5849
vn -0.1156 0.5810 -0.8057
vn -0.0617 0.3104 -0.9486
vn -0.0162 0.0814 -0.9966
vn 0.0732 0.7430 0.6653
vn -0.0000 0.7450 0.6671
vn 0.1453 0.7307 0.6671
vn 0.2167 0.7144 0.6653
vn 0.3519 0.6584 0.6653
vn 0.4139 0.6194 0.6671
vn 0.4736 0.5771 0.6653
vn 0.5268 0.5268 0.6671
vn 0.5771 0.4736 0.6653
vn 0.6194 0.4139 0.6671
vn 0.6883 0.2851 0.6671
vn 0.7144 0.2167 0.6653
vn 0.7307 0.1453 0.6671
vn 0.7430 0.0732 0.6653
vn 0.7450 -0.0000 0.6671
vn 0.7307 -0.1453 0.6671
vn 0.7144 -0.2167 0.6653
vn 0.6883 -0.2851 0.6671
vn 0.6194 -0.4139 0.6671
vn 0.5771 -0.4736 0.6653
vn 0.5268 -0.5268 0.6671
vn 0.4736 -0.5771 0.6653
vn 0.4139 -0.6194 0.6671
vn 0.3519 -0.6584 0.6653
vn 0.2851 -0.6883 0.6671
vn 0.2167 -0.7144 0.6653
vn 0.1453 -0.7307 0.6671
vn 0.0732 -0.7430 0.6653
vn -0.0000 -0.7450 0.6671
vn -0.0732 -0.7430 0.6653
vn -0.1453 -0.7307 0.6671
vn -0.2167 -0.7144 0.6653
vn -0.3519 -0.6584 0.6653
vn -0.4139 -0.6194 0.6671
vn -0.4736 -0.5771 0.6653
vn -0.5268 -0.5268 0.6671
vn -0.5771 -0.4736 0.6653
vn -0.6194 -0.4139 0.6671
vn -0.6584 -0.3519 0.6653
vn -0.6883 -0.2851 0.6671
vn -0.7144 -0.2167 0.6653
vn -0.7430 -0.0732 0.6653
vn -0.7450 -0.0000 0.6671
vn -0.7430 0.0732 0.6653
vn -0.7307 0.1453 0.6671
vn -0.7144 0.2167 0.6653
vn -0.6883 0.2851 0.6671
vn -0.6194 0.4139 0.6671
vn -0.5771 0.4736 0.6653
vn -0.5268 0.5268 0.6671
vn -0.4736 0.5771 0.6653
vn -0.4139 0.6194 0.6671
vn -0.3519 0.6584 0.6653
vn -0.2851 0.6883 0.6671
vn -0.2167 0.7144 0.6653
vn -0.1453 0.7307 0.6671
vn -0.0732 0.7430 0.6653
vn 0.1511 0.7595 0.6328
vn -0.0000 0.7743 0.6328
vn -0.0000 0.8445 0.5355
vn 0.1648 0.8283 0.5355
vn -0.0000 0.9094 0.4159
vn 0.1774 0.8919 0.4159
vn -0.0000 0.9539 0.3002
vn 0.1861 0.9355 0.3002
vn -0.0000 0.9858 0.1681
vn 0.1923 0.9668 0.1681
vn -0.0000 0.9989 0.0473
vn 0.1949 0.9797 0.0473
vn 0.2963 0.7154 0.6328
vn 0.3232 0.7802 0.5355
vn 0.3480 0.8402 0.4159
vn 0.3650 0.8813 0.3002
vn 0.3772 0.9107 0.1681
vn 0.3823 0.9228 0.0473
vn 0.4302 0.6438 0.6328
vn 0.4692 0.7022 0.5355
vn 0.5052 0.7561 0.4159
vn 0.5299 0.7931 0.3002
vn 0.5477 0.8196 0.1681
vn 0.5549 0.8305 0.0473
vn 0.5475 0.5475 0.6328
vn 0.5972 0.5972 0.5355
vn 0.6431 0.6430 0.4159
vn 0.6745 0.6745 0.3002
vn 0.6970 0.6970 0.1681
vn 0.7063 0.7063 0.0473
vn 0.6438 0.4302 0.6328
vn 0.7022 0.4692 0.5355
vn 0.7561 0.5052 0.4159
vn 0.7931 0.5299 0.3002
vn 0.8196 0.5477 0.1681
vn 0.8305 0.5549 0.0473
vn 0.7154 0.2963 0.6328
vn 0.7802 0.3232 0.5355
vn 0.8402 0.3480 0.4159
vn 0.8813 0.3650 0.3002
vn 0.9107 0.3772 0.1681
vn 0.9228 0.3823 0.0473
vn 0.7595 0.1511 0.6328
vn 0.8283 0.1648 0.5355
vn 0.8919 0.1774 0.4159
vn 0.9355 0.1861 0.3002
vn 0.9668 0.1923 0.1681
vn 0.9797 0.1949 0.0473
vn 0.7743 -0.0000 0.6328
vn 0.8445 -0.0000 0.5355
vn 0.9094 -0.0000 0.4159
vn 0.9539 -0.0000 0.3002
vn 0.9858 -0.0000 0.1681
vn 0.9989 -0.0000 0.0473
vn 0.7595 -0.1511 0.6328
vn 0.8283 -0.1648 0.5355
vn 0.8919 -0.1774 0.4159
vn 0.9355 -0.1861 0.3002
vn 0.9668 -0.1923 0.1681
vn 0.9797 -0.1949 0.0473
vn 0.7154 -0.2963 0.6328
vn 0.7802 -0.3232 0.5355
vn 0.8402 -0.3480 0.4159
vn 0.8813 -0.3650 0.3002
vn 0.9107 -0.3772 0.1681
vn 0.9228 -0.3823 0.0473
vn 0.6438 -0.4302 0.6328
vn 0.7022 -0.4692 0.5355
vn 0.7561 -0.5052 0.4159
vn 0.7931 -0.5299 0.3002
vn 0.8196 -0.5477 0.1681
vn 0.8305 -0.5549 0.0473
vn 0.5475 -0.5475 0.6328
vn 0.5972 -0.5972 0.5355
vn 0.6431 -0.6430 0.4159
vn 0.6745 -0.6745 0.3002
vn 0.6970 -0.6970 0.1681
vn 0.7063 -0.7063 0.0473
vn 0.4302 -0.6438 0.6328
vn 0.4692 -0.7022 0.5355
vn 0.5052 -0.7561 0.4159
vn 0.5299 -0.7931 0.3002
vn 0.5477 -0.8196 0.1681
vn 0.5549 -0.8305 0.0473
vn 0.2963 -0.7154 0.6328
vn 0.3232 -0.7802 0.5355
vn 0.3480 -0.8402 0.4159
vn 0.3650 -0.8813 0.3002
vn 0.3772 -0.9107 0.1681
vn 0.3823 -0.9228 0.0473
vn 0.1511 -0.7595 0.6328
vn 0.1648 -0.8283 0.5355
vn 0.1774 -0.8919 0.4159
vn 0.1861 -0.9355 0.3002
vn 0.1923 -0.9668 0.1681
vn 0.1949 -0.9797 0.0473
vn -0.0000 -0.7743 0.6328
vn -0.0000 -0.8445 0.5355
vn -0.0000 -0.9094 0.4159
vn -0.0000 -0.9539 0.3002
vn -0.0000 -0.9858 0.1681
vn -0.0000 -0.9989 0.0473
vn -0.1511 -0.7595 0.6328
vn -0.1648 -0.8283 0.5355
vn -0.1774 -0.8919 0.4159
vn -0.1861 -0.9355 0.3002
vn -0.1923 -0.9668 0.1681
vn -0.1949 -0.9797 0.0473
vn -0.2963 -0.7154 0.6328
vn -0.3232 -0.7802 0.5355
vn -0.3480 -0.8402 0.4159
vn -0.3650 -0.8813 0.3002
vn -0.3772 -0.9107 0.1681
vn -0.3823 -0.9228 0.0473
vn -0.4302 -0.6438 0.6328
vn -0.4692 -0.7022 0.5355
vn -0.5052 -0.7561 0.4159
vn -0.5299 -0.7931 0.3002
vn -0.5477 -0.8196 0.1681
vn -0.5549 -0.8305 0.0473
vn -0.5475 -0.5475 0.6328
vn -0.5972 -0.5972 0.5355
vn -0.6431 -0.6430 0.4159
vn -0.6745 -0.6745 0.3002
vn -0.6970 -0.6970 0.1681
vn -0.7063 -0.7063 0.0473
vn -0.6438 -0.4302 0.6328
vn -0.7022 -0.4692 0.5355
vn -0.7561 -0.5052 0.4159
vn -0.7931 -0.5299 0.3002
vn -0.8196 -0.5477 0.1681
vn -0.8305 -0.5549 0.0473
vn -0.7154 -0.2963 0.6328
vn -0.7802 -0.3232 0.5355
vn -0.8402 -0.3480 0.4159
vn -0.8813 -0.3650 0.3002
vn -0.9107 -0.3772 0.1681
vn -0.9228 -0.3823 0.0473
vn -0.7595 -0.1511 0.6328
vn -0.8283 -0.1648 0.5355
vn -0.8919 -0.1774 0.4159
vn -0.9355 -0.1861 0.3002
vn -0.9668 -0.1923 0.1681
vn -0.9797 -0.1949 0.0473
vn -0.7743 -0.0000 0.6328
vn -0.8445 -0.0000 0.5355
vn -0.9094 -0.0000 0.4159
vn -0.9539 -0.0000 0.3002
vn -0.9858 -0.0000 0.1681
vn -0.9989 -0.0000 0.0473
vn -0.7595 0.1511 0.6328
vn -0.8283 0.1648 0.5355
vn -0.8919 0.1774 0.4159
vn -0.9355 0.1861 0.3002
vn -0.9668 0.1923 0.1681
vn -0.9797 0.1949 0.0473
vn -0.7154 0.2963 0.6328
vn -0.7802 0.3232 0.5355
vn -0.8402 0.3480 0.4159
vn -0.8813 0.3650 0.3002
vn -0.9107 0.3772 0.1681
vn -0.9228 0.3823 0.0473
vn -0.6438 0.4302 0.6328
vn -0.7022 0.4692 0.5355
vn -0.7561 0.5052 0.4159
vn -0.7931 0.5299 0.3002
vn -0.8196 0.5477 0.1681
vn -0.8305 0.5549 0.0473
vn -0.5475 0.5475 0.6328
vn -0.5972 0.5972 0.5355
vn -0.6431 0.6430 0.4159
vn -0.6745 0.6745 0.3002
vn -0.6970 0.6970 0.1681
vn -0.7063 0.7063 0.0473
vn -0.4302 0.6438 0.6328
vn -0.4692 0.7022 0.5355
vn -0.5052 0.7561 0.4159
vn -0.5299 0.7931 0.3002
vn -0.5477 0.8196 0.1681
vn -0.5549 0.8305 0.0473
vn -0.2963 0.7154 0.6328
vn -0.3232 0.7802 0.5355
vn -0.3480 0.8402 0.4159
vn -0.3650 0.8813 0.3002
vn -0.3772 0.9107 0.1681
vn -0.3823 0.9228 0.0473
vn -0.1511 0.7595 0.6328
vn -0.1648 0.8283 0.5355
vn -0.1774 0.8919 0.4159
vn -0.1861 0.9355 0.3002
vn -0.1923 0.9668 0.1681
vn -0.1949 0.9797 0.0473
vn 0.1945 0.9778 0.0784
vn -0.0000 0.9969 0.0784
vn -0.0000 0.9516 0.3074
vn 0.1856 0.9333 0.3074
vn -0.0000 0.8111 0.5849
vn 0.1582 0.7955 0.5849
vn -0.0000 0.5923 0.8057
vn 0.1156 0.5810 0.8057
vn -0.0000 0.3165 0.9486
vn 0.0618 0.3104 0.9486
vn -0.0000 0.0830 0.9966
vn 0.0162 0.0814 0.9966
vn 0.3815 0.9210 0.0784
vn 0.3642 0.8791 0.3074
vn 0.3104 0.7493 0.5849
vn 0.2267 0.5473 0.8057
vn 0.1211 0.2924 0.9486
vn 0.0317 0.0766 0.9966
vn 0.5539 0.8289 0.0784
vn 0.5287 0.7912 0.3074
vn 0.4506 0.6744 0.5849
vn 0.3291 0.4925 0.8057
vn 0.1758 0.2632 0.9486
vn 0.0461 0.0690 0.9966
vn 0.7049 0.7049 0.0784
vn 0.6729 0.6729 0.3074
vn 0.5735 0.5735 0.5849
vn 0.4189 0.4189 0.8057
vn 0.2238 0.2238 0.9486
vn 0.0587 0.0587 0.9966
vn 0.8289 0.5539 0.0784
vn 0.7912 0.5287 0.3074
vn 0.6744 0.4506 0.5849
vn 0.4925 0.3291 0.8057
vn 0.2632 0.1758 0.9486
vn 0.0690 0.0461 0.9966
vn 0.9210 0.3815 0.0784
vn 0.8791 0.3641 0.3074
vn 0.7493 0.3104 0.5849
vn 0.5472 0.2267 0.8057
vn 0.2924 0.1211 0.9486
vn 0.0766 0.0317 0.9966
vn 0.9778 0.1945 0.0784
vn 0.9333 0.1856 0.3074
vn 0.7955 0.1582 0.5849
vn 0.5810 0.1156 0.8057
vn 0.3104 0.0617 0.9486
vn 0.0814 0.0162 0.9966
vn 0.9969 -0.0000 0.0784
vn 0.9516 -0.0000 0.3074
vn 0.8111 -0.0000 0.5849
vn 0.5923 -0.0000 0.8057
vn 0.3165 -0.0000 0.9486
vn 0.0830 -0.0000 0.9966
vn 0.9778 -0.1945 0.0784
vn 0.9333 -0.1856 0.3074
vn 0.7955 -0.1582 0.5849
vn 0.5810 -0.1156 0.8057
vn 0.3104 -0.0617 0.9486
vn 0.0814 -0.0162 0.9966
vn 0.9210 -0.3815 0.0784
vn 0.8791 -0.3641 0.3074
vn 0.7493 -0.3104 0.5849
vn 0.5473 -0.2267 0.8057
vn 0.2924 -0.1211 0.9486
vn 0.0766 -0.0317 0.9966
vn 0.8289 -0.5539 0.0784
vn 0.7912 -0.5287 0.3074
vn 0.6744 -0.4506 0.5849
vn 0.4925 -0.3291 0.8057
vn 0.2632 -0.1758 0.9486
vn 0.0690 -0.0461 0.9966
vn 0.7049 -0.7049 0.0784
vn 0.6729 -0.6729 0.3074
vn 0.5735 -0.5735 0.5849
vn 0.4189 -0.4189 0.8057
vn 0.2238 -0.2238 0.9486
vn 0.0587 -0.0587 0.9966
vn 0.5539 -0.8289 0.0784
vn 0.5287 -0.7912 0.3074
vn 0.4506 -0.6744 0.5849
vn 0.3291 -0.4925 0.8057
vn 0.1758 -0.2632 0.9486
vn 0.0461 -0.0690 0.9966
vn 0.3815 -0.9210 0.0784
vn 0.3642 -0.8791 0.3074
vn 0.3104 -0.7493 0.5849
vn 0.2267 -0.5473 0.8057
vn 0.1211 -0.2924 0.9486
vn 0.0317 -0.0766 0.9966
vn 0.1945 -0.9778 0.0784
vn 0.1856 -0.9333 0.3074
vn 0.1582 -0.7955 0.5849
vn 0.1156 -0.5810 0.8057
vn 0.0618 -0.3104 0.9486
vn 0.0162 -0.0814 0.9966
vn -0.0000 -0.9969 0.0784
vn -0.0000 -0.9516 0.3074
vn -0.0000 -0.8111 0.5849
vn -0.0000 -0.5923 0.8057
vn -0.0000 -0.3165 0.9486
vn -0.0000 -0.0830 0.9966
vn -0.1945 -0.9778 0.0784
vn -0.1856 -0.9333 0.3074
vn -0.1582 -0.7955 0.5849
vn -0.1156 -0.5810 0.8057
vn -0.0618 -0.3104 0.9486
vn -0.0162 -0.0814 0.9966
vn -0.3815 -0.9210 0.0784
vn -0.3642 -0.8791 0.3074
vn -0.3104 -0.7493 0.5849
vn -0.2267 -0.5473 0.8057
vn -0.1211 -0.2924 0.9486
vn -0.0317 -0.0766 0.9966
vn -0.5539 -0.8289 0.0784
vn -0.5287 -0.7912 0.3074
vn -0.4506 -0.6744 0.5849
vn -0.3291 -0.4925 0.8057
vn -0.1758 -0.2632 0.9486
vn -0.0461 -0.0690 0.9966
vn -0.7049 -0.7049 0.0784
vn -0.6729 -0.6729 0.3074
vn -0.5735 -0.5735 0.5849
vn -0.4189 -0.4189 0.8057
vn -0.2238 -0.2238 0.9486
vn -0.0587 -0.0587 0.9966
vn -0.8289 -0.5539 0.0784
vn -0.7912 -0.5287 0.3074
vn -0.6744 -0.4506 0.5849
vn -0.4925 -0.3291 0.8057
vn -0.2632 -0.1758 0.9486
vn -0.0690 -0.0461 0.9966
vn -0.9210 -0.3815 0.0784
vn -0.8791 -0.3641 0.3074
vn -0.7493 -0.3104 0.5849
vn -0.5473 -0.2267 0.8057
vn -0.2924 -0.1211 0.9486
vn -0.0766 -0.0317 0.9966
vn -0.9778 -0.1945 0.0784
vn -0.9333 -0.1856 0.3074
vn -0.7955 -0.1582 0.5849
vn -0.5810 -0.1156 0.8057
vn -0.3104 -0.0617 0.9486
vn -0.0814 -0.0162 0.9966
vn -0.9969 -0.0000 0.0784
vn -0.9516 -0.0000 0.3074
vn -0.8111 -0.0000 0.5849
vn -0.5923 -0.0000 0.8057
vn -0.3165 -0.0000 0.9486
vn -0.0830 -0.0000 0.9966
vn -0.9778 0.1945 0.0784
vn -0.9333 0.1856 0.3074
vn -0.7955 0.1582 0.5849
vn -0.5810 0.1156 0.8057
vn -0.3104 0.0617 0.9486
vn -0.0814 0.0162 0.9966
vn -0.9210 0.3815 0.0784
vn -0.8791 0.3641 0.3074
vn -0.7493 0.3104 0.5849
vn -0.5472 0.2267 0.8057
vn -0.2924 0.1211 0.9486
vn -0.0766 0.0317 0.9966
vn -0.8289 0.5539 0.0784
vn -0.7912 0.5287 0.3074
vn -0.6744 0.4506 0.5849
vn -0.4925 0.3291 0.8057
vn -0.2632 0.1758 0.9486
vn -0.0690 0.0461 0.9966
vn -0.7049 0.7049 0.0784
vn -0.6729 0.6729 0.3074
vn -0.5735 0.5735 0.5849
vn -0.4189 0.4189 0.8057
vn -0.2238 0.2238 0.9486
vn -0.0587 0.0587 0.9966
vn -0.5539 0.8289 0.0784
vn -0.5287 0.7912 0.3074
vn -0.4506 0.6744 0.5849
vn -0.3291 0.4925 0.8057
vn -0.1758 0.2632 0.9486
vn -0.0461 0.0690 0.9966
vn -0.3815 0.9210 0.0784
vn -0.3642 0.8791 0.3074
vn -0.3104 0.7493 0.5849
vn -0.2267 0.5473 0.8057
vn -0.1211 0.2924 0.9486
vn -0.0317 0.0766 0.9966
vn -0.1945 0.9778 0.0784
vn -0.1856 0.9333 0.3074
vn -0.1582 0.7955 0.5849
vn -0.1156 0.5810 0.8057
vn -0.0618 0.3104 0.9486
vn -0.0162 0.0814 0.9966
vn 0.0132 0.0662 0.9977
vn -0.0000 0.0675 0.9977
vn -0.0000 0.2629 0.9648
vn 0.0513 0.2578 0.9648
vn -0.0000 0.4940 0.8695
vn 0.0964 0.4845 0.8695
vn -0.0000 0.6869 0.7268
vn 0.1340 0.6737 0.7268
vn -0.0000 0.8461 0.5330
vn 0.1651 0.8298 0.5330
vn -0.0000 0.9372 0.3487
vn 0.1828 0.9192 0.3487
vn 0.0258 0.0624 0.9977
vn 0.1006 0.2429 0.9648
vn 0.1890 0.4564 0.8695
vn 0.2628 0.6346 0.7268
vn 0.3238 0.7817 0.5330
vn 0.3587 0.8659 0.3487
vn 0.0375 0.0561 0.9977
vn 0.1460 0.2186 0.9648
vn 0.2744 0.4107 0.8695
vn 0.3816 0.5711 0.7268
vn 0.4701 0.7035 0.5330
vn 0.5207 0.7793 0.3487
vn 0.0477 0.0477 0.9977
vn 0.1859 0.1859 0.9648
vn 0.3493 0.3493 0.8695
vn 0.4857 0.4857 0.7268
vn 0.5983 0.5983 0.5330
vn 0.6627 0.6627 0.3487
vn 0.0561 0.0375 0.9977
vn 0.2186 0.1460 0.9648
vn 0.4107 0.2744 0.8695
vn 0.5711 0.3816 0.7268
vn 0.7035 0.4701 0.5330
vn 0.7793 0.5207 0.3487
vn 0.0624 0.0258 0.9977
vn 0.2429 0.1006 0.9648
vn 0.4564 0.1890 0.8695
vn 0.6346 0.2629 0.7268
vn 0.7817 0.3238 0.5330
vn 0.8659 0.3587 0.3487
vn 0.0662 0.0132 0.9977
vn 0.2578 0.0513 0.9648
vn 0.4845 0.0964 0.8695
vn 0.6737 0.1340 0.7268
vn 0.8299 0.1651 0.5330
vn 0.9192 0.1828 0.3487
vn 0.0675 -0.0000 0.9977
vn 0.2629 -0.0000 0.9648
vn 0.4940 -0.0000 0.8695
vn 0.6869 -0.0000 0.7268
vn 0.8461 -0.0000 0.5330
vn 0.9372 -0.0000 0.3487
vn 0.0662 -0.0132 0.9977
vn 0.2578 -0.0513 0.9648
vn 0.4845 -0.0964 0.8695
vn 0.6737 -0.1340 0.7268
vn 0.8299 -0.1651 0.5330
vn 0.9192 -0.1828 0.3487
vn 0.0624 -0.0258 0.9977
vn 0.2429 -0.1006 0.9648
vn 0.4564 -0.1890 0.8695
vn 0.6346 -0.2628 0.7268
vn 0.7817 -0.3238 0.5330
vn 0.8659 -0.3587 0.3487
vn 0.0561 -0.0375 0.9977
vn 0.2186 -0.1460 0.9648
vn 0.4107 -0.2744 0.8695
vn 0.5711 -0.3816 0.7268
vn 0.7035 -0.4701 0.5330
vn 0.7793 -0.5207 0.3487
vn 0.0477 -0.0477 0.9977
vn 0.1859 -0.1859 0.9648
vn 0.3493 -0.3493 0.8695
vn 0.4857 -0.4857 0.7268
vn 0.5983 -0.5983 0.5330
vn 0.6627 -0.6627 0.3487
vn 0.0375 -0.0561 0.9977
vn 0.1460 -0.2186 0.9648
vn 0.2744 -0.4107 0.8695
vn 0.3816 -0.5711 0.7268
vn 0.4701 -0.7035 0.5330
vn 0.5207 -0.7793 0.3487
vn 0.0258 -0.0624 0.9977
vn 0.1006 -0.2429 0.9648
vn 0.1890 -0.4564 0.8695
vn 0.2628 -0.6346 0.7268
vn 0.3238 -0.7817 0.5330
vn 0.3587 -0.8659 0.3487
vn 0.0132 -0.0662 0.9977
vn 0.0513 -0.2578 0.9648
vn 0.0964 -0.4845 0.8695
vn 0.1340 -0.6737 0.7268
vn 0.1651 -0.8298 0.5330
vn 0.1828 -0.9192 0.3487
vn -0.0000 -0.0675 0.9977
vn -0.0000 -0.2629 0.9648
vn -0.0000 -0.4940 0.8695
vn -0.0000 -0.6869 0.7268
vn -0.0000 -0.8461 0.5330
vn -0.0000 -0.9372 0.3487
vn -0.0132 -0.0662 0.9977
vn -0.0513 -0.2578 0.9648
vn -0.0964 -0.4845 0.8695
vn -0.1340 -0.6737 0.7268
vn -0.1651 -0.8298 0.5330
vn -0.1828 -0.9192 0.3487
vn -0.0258 -0.0624 0.9977
vn -0.1006 -0.2429 0.9648
vn -0.1890 -0.4564 0.8695
vn -0.2628 -0.6346 0.7268
vn -0.3238 -0.7817 0.5330
vn -0.3587 -0.8659 0.3487
vn -0.0375 -0.0561 0.9977
vn -0.1460 -0.2186 0.9648
vn -0.2744 -0.4107 0.8695
vn -0.3816 -0.5711 0.7268
vn -0.4701 -0.7035 0.5330
vn -0.5207 -0.7793 0.3487
vn -0.0477 -0.0477 0.9977
vn -0.1859 -0.1859 0.9648
vn -0.3493 -0.3493 0.8695
vn -0.4857 -0.4857 0.7268
vn -0.5983 -0.5983 0.5330
vn -0.6627 -0.6627 0.3487
vn -0.0561 -0.0375 0.9977
vn -0.2186 -0.1460 0.9648
vn -0.4107 -0.2744 0.8695
vn -0.5711 -0.3816 0.7268
vn -0.7035 -0.4701 0.5330
vn -0.7793 -0.5207 0.3487
vn -0.0624 -0.0258 0.9977
vn -0.2429 -0.1006 0.9648
vn -0.4564 -0.1890 0.8695
vn -0.6346 -0.2628 0.7268
vn -0.7817 -0.3238 0.5330
vn -0.8659 -0.3587 0.3487
vn -0.0662 -0.0132 0.9977
vn -0.2578 -0.0513 0.9648
vn -0.4845 -0.0964 0.8695
vn -0.6737 -0.1340 0.7268
vn -0.8299 -0.1651 0.5330
vn -0.9192 -0.1828 0.3487
vn -0.0675 -0.0000 0.9977
vn -0.2629 -0.0000 0.9648
vn -0.4940 -0.0000 0.8695
vn -0.6869 -0.0000 0.7268
vn -0.8461 -0.0000 0.5330
vn -0.9372 -0.0000 0.3487
vn -0.0662 0.0132 0.9977
vn -0.2578 0.0513 0.9648
vn -0.4845 0.0964 0.8695
vn -0.6737 0.1340 0.7268
vn -0.8299 0.1651 0.5330
vn -0.9192 0.1828 0.3487
vn -0.0624 0.0258 0.9977
vn -0.2429 0.1006 0.9648
vn -0.4564 0.1890 0.8695
vn -0.6346 0.2629 0.7268
vn -0.7817 0.3238 0.5330
vn -0.8659 0.3587 0.3487
vn -0.0561 0.0375 0.9977
vn -0.2186 0.1460 0.9648
vn -0.4107 0.2744 0.8695
vn -0.5711 0.3816 0.7268
vn -0.7035 0.4701 0.5330
vn -0.7793 0.5207 0.3487
vn -0.0477 0.0477 0.9977
vn -0.1859 0.1859 0.9648
vn -0.3493 0.3493 0.8695
vn -0.4857 0.4857 0.7268
vn -0.5983 0.5983 0.5330
vn -0.6627 0.6627 0.3487
vn -0.0375 0.0561 0.9977
vn -0.1460 0.2186 0.9648
vn -0.2744 0.4107 0.8695
vn -0.3816 0.5711 0.7268
vn -0.4701 0.7035 0.5330
vn -0.5207 0.7793 0.3487
vn -0.0258 0.0624 0.9977
vn -0.1006 0.2429 0.9648
vn -0.1890 0.4564 0.8695
vn -0.2628 0.6346 0.7268
vn -0.3238 0.7817 0.5330
vn -0.3587 0.8659 0.3487
vn -0.0132 0.0662 0.9977
vn -0.0513 0.2578 0.9648
vn -0.0964 0.4845 0.8695
vn -0.1340 0.6737 0.7268
vn -0.1651 0.8298 0.5330
vn -0.1828 0.9192 0.3487
vn 0.1831 0.9203 0.3458
vn -0.0000 0.9383 0.3458
vn -0.0000 0.8507 0.5257
vn 0.1660 0.8343 0.5257
vn -0.0000 0.6947 0.7193
vn 0.1355 0.6813 0.7193
vn -0.0000 0.5051 0.8630
vn 0.0985 0.4954 0.8630
vn -0.0000 0.2779 0.9606
vn 0.0542 0.2725 0.9606
vn -0.0000 0.0765 0.9971
vn 0.0149 0.0750 0.9971
vn 0.3591 0.8669 0.3458
vn 0.3255 0.7859 0.5257
vn 0.2658 0.6418 0.7193
vn 0.1933 0.4667 0.8630
vn 0.1063 0.2567 0.9606
vn 0.0293 0.0706 0.9971
vn 0.5213 0.7802 0.3458
vn 0.4726 0.7073 0.5257
vn 0.3859 0.5776 0.7193
vn 0.2806 0.4200 0.8630
vn 0.1544 0.2310 0.9606
vn 0.0425 0.0636 0.9971
vn 0.6635 0.6635 0.3458
vn 0.6015 0.6015 0.5257
vn 0.4912 0.4912 0.7193
vn 0.3572 0.3572 0.8630
vn 0.1965 0.1965 0.9606
vn 0.0541 0.0541 0.9971
vn 0.7802 0.5213 0.3458
vn 0.7073 0.4726 0.5257
vn 0.5776 0.3859 0.7193
vn 0.4200 0.2806 0.8630
vn 0.2310 0.1544 0.9606
vn 0.0636 0.0425 0.9971
vn 0.8669 0.3591 0.3458
vn 0.7859 0.3255 0.5257
vn 0.6418 0.2658 0.7193
vn 0.4667 0.1933 0.8630
vn 0.2567 0.1063 0.9606
vn 0.0706 0.0293 0.9971
vn 0.9203 0.1831 0.3458
vn 0.8343 0.1660 0.5257
vn 0.6813 0.1355 0.7193
vn 0.4954 0.0985 0.8630
vn 0.2725 0.0542 0.9606
vn 0.0750 0.0149 0.9971
vn 0.9383 -0.0000 0.3458
vn 0.6947 -0.0000 0.7193
vn 0.5051 -0.0000 0.8630
vn 0.2779 -0.0000 0.9606
vn 0.0765 -0.0000 0.9971
vn 0.9203 -0.1831 0.3458
vn 0.8343 -0.1660 0.5257
vn 0.6813 -0.1355 0.7193
vn 0.4954 -0.0985 0.8630
vn 0.2725 -0.0542 0.9606
vn 0.0750 -0.0149 0.9971
vn 0.8669 -0.3591 0.3458
vn 0.7859 -0.3255 0.5257
vn 0.6418 -0.2658 0.7193
vn 0.4667 -0.1933 0.8630
vn 0.2567 -0.1063 0.9606
vn 0.0706 -0.0293 0.9971
vn 0.7802 -0.5213 0.3458
vn 0.7073 -0.4726 0.5257
vn 0.5776 -0.3859 0.7193
vn 0.4200 -0.2806 0.8630
vn 0.2310 -0.1544 0.9606
vn 0.0636 -0.0425 0.9971
vn 0.6635 -0.6635 0.3458
vn 0.6015 -0.6015 0.5257
vn 0.4912 -0.4912 0.7193
vn 0.3572 -0.3572 0.8630
vn 0.1965 -0.1965 0.9606
vn 0.0541 -0.0541 0.9971
vn 0.5213 -0.7802 0.3458
vn 0.4726 -0.7073 0.5257
vn 0.3859 -0.5776 0.7193
vn 0.2806 -0.4200 0.8630
vn 0.1544 -0.2310 0.9606
vn 0.0425 -0.0636 0.9971
vn 0.3591 -0.8669 0.3458
vn 0.3255 -0.7859 0.5257
vn 0.2658 -0.6418 0.7193
vn 0.1933 -0.4667 0.8630
vn 0.1063 -0.2567 0.9606
vn 0.0293 -0.0706 0.9971
vn 0.1831 -0.9203 0.3458
vn 0.1660 -0.8343 0.5257
vn 0.1355 -0.6813 0.7193
vn 0.0985 -0.4954 0.8630
vn 0.0542 -0.2725 0.9606
vn 0.0149 -0.0750 0.9971
vn -0.0000 -0.9383 0.3458
vn -0.0000 -0.8507 0.5257
vn -0.0000 -0.6947 0.7193
vn -0.0000 -0.5051 0.8630
vn -0.0000 -0.2779 0.9606
vn -0.0000 -0.0765 0.9971
vn -0.1831 -0.9203 0.3458
vn -0.1660 -0.8343 0.5257
vn -0.1355 -0.6813 0.7193
vn -0.0985 -0.4954 0.8630
vn -0.0542 -0.2725 0.9606
vn -0.0149 -0.0750 0.9971
vn -0.3591 -0.8669 0.3458
vn -0.3255 -0.7859 0.5257
vn -0.2658 -0.6418 0.7193
vn -0.1933 -0.4667 0.8630
vn -0.1063 -0.2567 0.9606
vn -0.0293 -0.0706 0.9971
vn -0.5213 -0.7802 0.3458
vn -0.4726 -0.7073 0.5257
vn -0.3859 -0.5776 0.7193
vn -0.2806 -0.4200 0.8630
vn -0.1544 -0.2310 0.9606
vn -0.0425 -0.0636 0.9971
vn -0.6635 -0.6635 0.3458
vn -0.6015 -0.6015 0.5257
vn -0.4912 -0.4912 0.7193
vn -0.3572 -0.3572 0.8630
vn -0.1965 -0.1965 0.9606
vn -0.0541 -0.0541 0.9971
vn -0.7802 -0.5213 0.3458
vn -0.7073 -0.4726 0.5257
vn -0.5776 -0.3859 0.7193
vn -0.4200 -0.2806 0.8630
vn -0.2310 -0.1544 0.9606
vn -0.0636 -0.0425 0.9971
vn -0.8669 -0.3591 0.3458
vn -0.7859 -0.3255 0.5257
vn -0.6418 -0.2658 0.7193
vn -0.4667 -0.1933 0.8630
vn -0.2567 -0.1063 0.9606
vn -0.0706 -0.0293 0.9971
vn -0.9203 -0.1831 0.3458
vn -0.8343 -0.1660 0.5257
vn -0.6813 -0.1355 0.7193
vn -0.4954 -0.0985 0.8630
vn -0.2725 -0.0542 0.9606
vn -0.0750 -0.0149 0.9971
vn -0.9383 -0.0000 0.3458
vn -0.6947 -0.0000 0.7193
vn -0.5051 -0.0000 0.8630
vn -0.2779 -0.0000 0.9606
vn -0.0765 -0.0000 0.9971
vn -0.9203 0.1831 0.3458
vn -0.8343 0.1660 0.5257
vn -0.6813 0.1355 0.7193
vn -0.4954 0.0985 0.8630
vn -0.2725 0.0542 0.9606
vn -0.0750 0.0149 0.9971
vn -0.8669 0.3591 0.3458
vn -0.7859 0.3255 0.5257
vn -0.6418 0.2658 0.7193
vn -0.4667 0.1933 0.8630
vn -0.2567 0.1063 0.9606
vn -0.0706 0.0293 0.9971
vn -0.7802 0.5213 0.3458
vn -0.7073 0.4726 0.5257
vn -0.5776 0.3859 0.7193
vn -0.4200 0.2806 0.8630
vn -0.2310 0.1544 0.9606
vn -0.0636 0.0425 0.9971
vn -0.6635 0.6635 0.3458
vn -0.6015 0.6015 0.5257
vn -0.4912 0.4912 0.7193
vn -0.3572 0.3572 0.8630
vn -0.1965 0.1965 0.9606
vn -0.0541 0.0541 0.9971
vn -0.5213 0.7802 0.3458
vn -0.4726 0.7073 0.5257
vn -0.3859 0.5776 0.7193
vn -0.2806 0.4200 0.8630
vn -0.1544 0.2310 0.9606
vn -0.0425 0.0636 0.9971
vn -0.3591 0.8669 0.3458
vn -0.3255 0.7859 0.5257
vn -0.2658 0.6418 0.7193
vn -0.1933 0.4667 0.8630
vn -0.1063 0.2567 0.9606
vn -0.0293 0.0706 0.9971
vn -0.1831 0.9203 0.3458
vn -0.1660 0.8343 0.5257
vn -0.1355 0.6813 0.7193
vn -0.0985 0.4954 0.8630
vn -0.0542 0.2725 0.9606
vn -0.0149 0.0750 0.9971
vn -0.0133 -0.0670 0.9977
vn -0.0000 -0.0683 0.9977
vn -0.0000 -0.2672 0.9636
vn -0.0521 -0.2621 0.9636
vn -0.0000 -0.5035 0.8640
vn -0.0982 -0.4939 0.8640
vn -0.0000 -0.7001 0.7141
vn -0.1366 -0.6866 0.7141
vn -0.0000 -0.8592 0.5116
vn -0.1676 -0.8427 0.5116
vn -0.0000 -0.9469 0.3215
vn -0.1847 -0.9287 0.3215
vn -0.0261 -0.0631 0.9977
vn -0.1023 -0.2469 0.9636
vn -0.1927 -0.4652 0.8640
vn -0.2679 -0.6468 0.7141
vn -0.3288 -0.7938 0.5116
vn -0.3624 -0.8748 0.3215
vn -0.0380 -0.0568 0.9977
vn -0.1485 -0.2222 0.9636
vn -0.2798 -0.4187 0.8640
vn -0.3889 -0.5821 0.7141
vn -0.4773 -0.7144 0.5116
vn -0.5261 -0.7873 0.3215
vn -0.0483 -0.0483 0.9977
vn -0.1890 -0.1890 0.9636
vn -0.3560 -0.3561 0.8640
vn -0.4950 -0.4950 0.7141
vn -0.6076 -0.6075 0.5116
vn -0.6696 -0.6696 0.3215
vn -0.0568 -0.0380 0.9977
vn -0.2222 -0.1485 0.9636
vn -0.4187 -0.2798 0.8640
vn -0.5821 -0.3889 0.7141
vn -0.7144 -0.4774 0.5116
vn -0.7873 -0.5261 0.3215
vn -0.0631 -0.0261 0.9977
vn -0.2469 -0.1023 0.9636
vn -0.4652 -0.1927 0.8640
vn -0.6468 -0.2679 0.7141
vn -0.7938 -0.3288 0.5116
vn -0.8748 -0.3624 0.3215
vn -0.0670 -0.0133 0.9977
vn -0.2621 -0.0521 0.9636
vn -0.4939 -0.0982 0.8640
vn -0.6866 -0.1366 0.7141
vn -0.8427 -0.1676 0.5116
vn -0.9287 -0.1847 0.3215
vn -0.0683 -0.0000 0.9977
vn -0.2672 -0.0000 0.9636
vn -0.5035 -0.0000 0.8640
vn -0.7001 -0.0000 0.7141
vn -0.8592 -0.0000 0.5116
vn -0.9469 -0.0000 0.3215
vn -0.0670 0.0133 0.9977
vn -0.2621 0.0521 0.9636
vn -0.4939 0.0982 0.8640
vn -0.6866 0.1366 0.7141
vn -0.8427 0.1676 0.5116
vn -0.9287 0.1847 0.3215
vn -0.0631 0.0261 0.9977
vn -0.2469 0.1023 0.9636
vn -0.4652 0.1927 0.8640
vn -0.6468 0.2679 0.7141
vn -0.7938 0.3288 0.5116
vn -0.8748 0.3624 0.3215
vn -0.0568 0.0380 0.9977
vn -0.2222 0.1485 0.9636
vn -0.4187 0.2798 0.8640
vn -0.5821 0.3889 0.7141
vn -0.7144 0.4774 0.5116
vn -0.7873 0.5261 0.3215
vn -0.0483 0.0483 0.9977
vn -0.1890 0.1890 0.9636
vn -0.3561 0.3561 0.8640
vn -0.4950 0.4950 0.7141
vn -0.6076 0.6075 0.5116
vn -0.6696 0.6696 0.3215
vn -0.0380 0.0568 0.9977
vn -0.1485 0.2222 0.9636
vn -0.2798 0.4187 0.8640
vn -0.3889 0.5821 0.7141
vn -0.4773 0.7144 0.5116
vn -0.5261 0.7873 0.3215
vn -0.0261 0.0631 0.9977
vn -0.1023 0.2469 0.9636
vn -0.1927 0.4652 0.8640
vn -0.2679 0.6468 0.7141
vn -0.3288 0.7938 0.5116
vn -0.3624 0.8748 0.3214
vn -0.0133 0.0670 0.9977
vn -0.0521 0.2621 0.9636
vn -0.0982 0.4939 0.8640
vn -0.1366 0.6866 0.7141
vn -0.1676 0.8427 0.5116
vn -0.1847 0.9287 0.3215
vn -0.0000 0.0683 0.9977
vn -0.0000 0.2672 0.9636
vn -0.0000 0.5035 0.8640
vn -0.0000 0.7001 0.7141
vn -0.0000 0.8592 0.5116
vn -0.0000 0.9469 0.3215
vn 0.0133 0.0670 0.9977
vn 0.0521 0.2621 0.9636
vn 0.0982 0.4939 0.8640
vn 0.1366 0.6866 0.7141
vn 0.1676 0.8427 0.5116
vn 0.1847 0.9287 0.3215
vn 0.0261 0.0631 0.9977
vn 0.1023 0.2469 0.9636
vn 0.1927 0.4652 0.8640
vn 0.2679 0.6468 0.7141
vn 0.3288 0.7938 0.5116
vn 0.3624 0.8748 0.3215
vn 0.0380 0.0568 0.9977
vn 0.1485 0.2222 0.9636
vn 0.2798 0.4187 0.8640
vn 0.3889 0.5821 0.7141
vn 0.4773 0.7144 0.5116
vn 0.5261 0.7873 0.3215
vn 0.0483 0.0483 0.9977
vn 0.1890 0.1890 0.9636
vn 0.3560 0.3561 0.8640
vn 0.4950 0.4950 0.7141
vn 0.6076 0.6075 0.5116
vn 0.6696 0.6696 0.3215
vn 0.0568 0.0380 0.9977
vn 0.2222 0.1485 0.9636
vn 0.4187 0.2798 0.8640
vn 0.5821 0.3889 0.7141
vn 0.7144 0.4774 0.5116
vn 0.7873 0.5261 0.3215
vn 0.0631 0.0261 0.9977
vn 0.2469 0.1023 0.9636
vn 0.4652 0.1927 0.8640
vn 0.6468 0.2679 0.7141
vn 0.7938 0.3288 0.5116
vn 0.8748 0.3624 0.3215
vn 0.0670 0.0133 0.9977
vn 0.2621 0.0521 0.9636
vn 0.4939 0.0982 0.8640
vn 0.6866 0.1366 0.7141
vn 0.8427 0.1676 0.5116
vn 0.9287 0.1847 0.3215
vn 0.0683 -0.0000 0.9977
vn 0.2672 -0.0000 0.9636
vn 0.5035 -0.0000 0.8640
vn 0.7001 -0.0000 0.7141
vn 0.8592 -0.0000 0.5116
vn 0.9469 -0.0000 0.3215
vn 0.0670 -0.0133 0.9977
vn 0.2621 -0.0521 0.9636
vn 0.4939 -0.0982 0.8640
vn 0.6866 -0.1366 0.7141
vn 0.8427 -0.1676 0.5116
vn 0.9287 -0.1847 0.3215
vn 0.0631 -0.0261 0.9977
vn 0.2469 -0.1023 0.9636
vn 0.4652 -0.1927 0.8640
vn 0.6468 -0.2679 0.7141
vn 0.7938 -0.3288 0.5116
vn 0.8748 -0.3624 0.3215
vn 0.0568 -0.0380 0.9977
vn 0.2222 -0.1485 0.9636
vn 0.4187 -0.2798 0.8640
vn 0.5821 -0.3889 0.7141
vn 0.7144 -0.4774 0.5116
vn 0.7873 -0.5261 0.3215
vn 0.0483 -0.0483 0.9977
vn 0.1890 -0.1890 0.9636
vn 0.3561 -0.3561 0.8640
vn 0.4950 -0.4950 0.7141
vn 0.6076 -0.6075 0.5116
vn 0.6696 -0.6696 0.3215
vn 0.0380 -0.0568 0.9977
vn 0.1485 -0.2222 0.9636
vn 0.2798 -0.4187 0.8640
vn 0.3889 -0.5821 0.7141
vn 0.4773 -0.7144 0.5116
vn 0.5261 -0.7873 0.3215
vn 0.0261 -0.0631 0.9977
vn 0.1023 -0.2469 0.9636
vn 0.1927 -0.4652 0.8640
vn 0.2679 -0.6468 0.7141
vn 0.3288 -0.7938 0.5116
vn 0.3624 -0.8748 0.3214
vn 0.0133 -0.0670 0.9977
vn 0.0521 -0.2621 0.9636
vn 0.0982 -0.4939 0.8640
vn 0.1366 -0.6866 0.7141
vn 0.1676 -0.8427 0.5116
vn 0.1847 -0.9287 0.3215
vn -0.1849 -0.9297 0.3187
vn -0.0000 -0.9479 0.3187
vn -0.0000 -0.8635 0.5044
vn -0.1685 -0.8469 0.5044
vn -0.0000 -0.7078 0.7064
vn -0.1381 -0.6942 0.7064
vn -0.0000 -0.5149 0.8572
vn -0.1005 -0.5050 0.8572
vn -0.0000 -0.2825 0.9593
vn -0.0551 -0.2771 0.9593
vn -0.0000 -0.0774 0.9970
vn -0.0151 -0.0759 0.9970
vn -0.3627 -0.8757 0.3187
vn -0.3304 -0.7978 0.5044
vn -0.2709 -0.6539 0.7064
vn -0.1971 -0.4757 0.8572
vn -0.1081 -0.2610 0.9593
vn -0.0296 -0.0715 0.9970
vn -0.5266 -0.7881 0.3187
vn -0.4797 -0.7180 0.5044
vn -0.3933 -0.5885 0.7064
vn -0.2861 -0.4281 0.8572
vn -0.1570 -0.2349 0.9593
vn -0.0430 -0.0643 0.9970
vn -0.6702 -0.6702 0.3187
vn -0.6106 -0.6106 0.5044
vn -0.5005 -0.5005 0.7064
vn -0.3641 -0.3641 0.8572
vn -0.1998 -0.1998 0.9593
vn -0.0547 -0.0547 0.9970
vn -0.7881 -0.5266 0.3187
vn -0.7180 -0.4797 0.5044
vn -0.5885 -0.3933 0.7064
vn -0.4281 -0.2861 0.8572
vn -0.2349 -0.1570 0.9593
vn -0.0643 -0.0430 0.9970
vn -0.8757 -0.3627 0.3187
vn -0.7978 -0.3304 0.5044
vn -0.6539 -0.2709 0.7064
vn -0.4757 -0.1971 0.8572
vn -0.2610 -0.1081 0.9593
vn -0.0715 -0.0296 0.9970
vn -0.9297 -0.1849 0.3187
vn -0.8469 -0.1685 0.5044
vn -0.6942 -0.1381 0.7064
vn -0.5050 -0.1005 0.8572
vn -0.2771 -0.0551 0.9593
vn -0.0759 -0.0151 0.9970
vn -0.9479 -0.0000 0.3187
vn -0.8635 -0.0000 0.5044
vn -0.7078 -0.0000 0.7064
vn -0.5149 -0.0000 0.8572
vn -0.2825 -0.0000 0.9593
vn -0.0774 -0.0000 0.9970
vn -0.9297 0.1849 0.3187
vn -0.8469 0.1685 0.5044
vn -0.6942 0.1381 0.7064
vn -0.5050 0.1005 0.8572
vn -0.2771 0.0551 0.9593
vn -0.0759 0.0151 0.9970
vn -0.8757 0.3627 0.3187
vn -0.7978 0.3304 0.5044
vn -0.6539 0.2709 0.7064
vn -0.4757 0.1970 0.8572
vn -0.2610 0.1081 0.9593
vn -0.0715 0.0296 0.9970
vn -0.7881 0.5266 0.3187
vn -0.7180 0.4797 0.5044
vn -0.5885 0.3933 0.7064
vn -0.4281 0.2861 0.8572
vn -0.2349 0.1570 0.9593
vn -0.0643 0.0430 0.9970
vn -0.6702 0.6702 0.3187
vn -0.6106 0.6106 0.5044
vn -0.5005 0.5005 0.7064
vn -0.3641 0.3641 0.8572
vn -0.1998 0.1998 0.9593
vn -0.0547 0.0547 0.9970
vn -0.5266 0.7881 0.3187
vn -0.4797 0.7180 0.5044
vn -0.3933 0.5885 0.7064
vn -0.2861 0.4281 0.8572
vn -0.1570 0.2349 0.9593
vn -0.0430 0.0643 0.9970
vn -0.3627 0.8757 0.3187
vn -0.3304 0.7978 0.5044
vn -0.2709 0.6539 0.7064
vn -0.1971 0.4757 0.8572
vn -0.1081 0.2610 0.9593
vn -0.0296 0.0715 0.9970
vn -0.1849 0.9297 0.3187
vn -0.1685 0.8469 0.5044
vn -0.1381 0.6942 0.7064
vn -0.1005 0.5050 0.8572
vn -0.0551 0.2771 0.9593
vn -0.0151 0.0759 0.9970
vn -0.0000 0.9479 0.3187
vn -0.0000 0.8635 0.5044
vn -0.0000 0.7078 0.7064
vn -0.0000 0.5149 0.8572
vn -0.0000 0.2825 0.9593
vn -0.0000 0.0774 0.9970
vn 0.1849 0.9297 0.3187
vn 0.1685 0.8469 0.5044
vn 0.1381 0.6942 0.7064
vn 0.1005 0.5050 0.8572
vn 0.0551 0.2771 0.9593
vn 0.0151 0.0759 0.9970
vn 0.3627 0.8757 0.3187
vn 0.3304 0.7978 0.5044
vn 0.2709 0.6539 0.7064
vn 0.1971 0.4757 0.8572
vn 0.1081 0.2610 0.9593
vn 0.0296 0.0715 0.9970
vn 0.5266 0.7881 0.3187
vn 0.4797 0.7180 0.5044
vn 0.3933 0.5885 0.7064
vn 0.2861 0.4281 0.8572
vn 0.1570 0.2349 0.9593
vn 0.0430 0.0643 0.9970
vn 0.6702 0.6702 0.3187
vn 0.6106 0.6106 0.5044
vn 0.5005 0.5005 0.7064
vn 0.3641 0.3641 0.8572
vn 0.1998 0.1998 0.9593
vn 0.0547 0.0547 0.9970
vn 0.7881 0.5266 0.3187
vn 0.7180 0.4797 0.5044
vn 0.5885 0.3933 0.7064
vn 0.4281 0.2861 0.8572
vn 0.2349 0.1570 0.9593
vn 0.0643 0.0430 0.9970
vn 0.8757 0.3627 0.3187
vn 0.7978 0.3304 0.5044
vn 0.6539 0.2709 0.7064
vn 0.4757 0.1970 0.8572
vn 0.2610 0.1081 0.9593
vn 0.0715 0.0296 0.9970
vn 0.9297 0.1849 0.3187
vn 0.8469 0.1685 0.5044
vn 0.6942 0.1381 0.7064
vn 0.5050 0.1005 0.8572
vn 0.2771 0.0551 0.9593
vn 0.0759 0.0151 0.9970
vn 0.9479 -0.0000 0.3187
vn 0.8635 -0.0000 0.5044
vn 0.7078 -0.0000 0.7064
vn 0.5149 -0.0000 0.8572
vn 0.2825 -0.0000 0.9593
vn 0.0774 -0.0000 0.9970
vn 0.9297 -0.1849 0.3187
vn 0.8469 -0.1685 0.5044
vn 0.6942 -0.1381 0.7064
vn 0.5050 -0.1005 0.8572
vn 0.2771 -0.0551 0.9593
vn 0.0759 -0.0151 0.9970
vn 0.8757 -0.3627 0.3187
vn 0.7978 -0.3304 0.5044
vn 0.6539 -0.2709 0.7064
vn 0.4757 -0.1970 0.8572
vn 0.2610 -0.1081 0.9593
vn 0.0715 -0.0296 0.9970
vn 0.7881 -0.5266 0.3187
vn 0.7180 -0.4797 0.5044
vn 0.5885 -0.3933 0.7064
vn 0.4281 -0.2861 0.8572
vn 0.2349 -0.1570 0.9593
vn 0.0644 -0.0430 0.9970
vn 0.6702 -0.6702 0.3187
vn 0.6106 -0.6106 0.5044
vn 0.5005 -0.5005 0.7064
vn 0.3641 -0.3641 0.8572
vn 0.1998 -0.1998 0.9593
vn 0.0547 -0.0547 0.9970
vn 0.5266 -0.7881 0.3187
vn 0.4797 -0.7180 0.5044
vn 0.3933 -0.5885 0.7064
vn 0.2861 -0.4281 0.8572
vn 0.1570 -0.2349 0.9593
vn 0.0430 -0.0643 0.9970
vn 0.3627 -0.8757 0.3187
vn 0.3304 -0.7978 0.5044
vn 0.2709 -0.6539 0.7064
vn 0.1971 -0.4757 0.8572
vn 0.1081 -0.2610 0.9593
vn 0.0296 -0.0715 0.9970
vn 0.1849 -0.9297 0.3187
vn 0.1685 -0.8469 0.5044
vn 0.1381 -0.6942 0.7064
vn 0.1005 -0.5050 0.8572
vn 0.0551 -0.2771 0.9593
vn 0.0151 -0.0759 0.9970
vn 0.0106 0.0532 0.9985
vn -0.0000 0.0542 0.9985
vn -0.0000 0.2028 0.9792
vn 0.0396 0.1989 0.9792
vn -0.0000 0.3717 0.9283
vn 0.0725 0.3646 0.9283
vn -0.0000 0.5175 0.8557
vn 0.1010 0.5075 0.8557
vn -0.0000 0.6593 0.7519
vn 0.1286 0.6466 0.7519
vn -0.0000 0.7674 0.6411
vn 0.1497 0.7527 0.6411
vn 0.0207 0.0501 0.9985
vn 0.0776 0.1874 0.9792
vn 0.1423 0.3434 0.9283
vn 0.1980 0.4781 0.8557
vn 0.2523 0.6091 0.7519
vn 0.2937 0.7090 0.6411
vn 0.0301 0.0451 0.9985
vn 0.1127 0.1686 0.9792
vn 0.2065 0.3091 0.9283
vn 0.2875 0.4303 0.8557
vn 0.3663 0.5482 0.7519
vn 0.4264 0.6381 0.6411
vn 0.0383 0.0383 0.9985
vn 0.1434 0.1434 0.9792
vn 0.2629 0.2629 0.9283
vn 0.3659 0.3659 0.8557
vn 0.4662 0.4662 0.7519
vn 0.5426 0.5427 0.6411
vn 0.0451 0.0301 0.9985
vn 0.1686 0.1127 0.9792
vn 0.3091 0.2065 0.9283
vn 0.4303 0.2875 0.8557
vn 0.5482 0.3663 0.7519
vn 0.6381 0.4264 0.6411
vn 0.0501 0.0207 0.9985
vn 0.1874 0.0776 0.9792
vn 0.3434 0.1423 0.9283
vn 0.4781 0.1980 0.8557
vn 0.6091 0.2523 0.7519
vn 0.7090 0.2937 0.6411
vn 0.0532 0.0106 0.9985
vn 0.1989 0.0396 0.9792
vn 0.3646 0.0725 0.9283
vn 0.5075 0.1010 0.8557
vn 0.6466 0.1286 0.7519
vn 0.7527 0.1497 0.6411
vn 0.0542 -0.0000 0.9985
vn 0.2028 -0.0000 0.9792
vn 0.3717 -0.0000 0.9283
vn 0.5175 -0.0000 0.8557
vn 0.6593 -0.0000 0.7519
vn 0.7674 -0.0000 0.6411
vn 0.0532 -0.0106 0.9985
vn 0.1989 -0.0396 0.9792
vn 0.3646 -0.0725 0.9283
vn 0.5075 -0.1010 0.8557
vn 0.6466 -0.1286 0.7519
vn 0.7527 -0.1497 0.6411
vn 0.0501 -0.0207 0.9985
vn 0.1874 -0.0776 0.9792
vn 0.3435 -0.1423 0.9283
vn 0.4781 -0.1980 0.8557
vn 0.6091 -0.2523 0.7519
vn 0.7090 -0.2937 0.6411
vn 0.0451 -0.0301 0.9985
vn 0.1686 -0.1127 0.9792
vn 0.3091 -0.2065 0.9283
vn 0.4303 -0.2875 0.8557
vn 0.5482 -0.3663 0.7519
vn 0.6381 -0.4264 0.6411
vn 0.0383 -0.0383 0.9985
vn 0.1434 -0.1434 0.9792
vn 0.2629 -0.2629 0.9283
vn 0.3659 -0.3659 0.8557
vn 0.4662 -0.4662 0.7519
vn 0.5426 -0.5427 0.6411
vn 0.0301 -0.0451 0.9985
vn 0.1127 -0.1686 0.9792
vn 0.2065 -0.3091 0.9283
vn 0.2875 -0.4303 0.8557
vn 0.3663 -0.5482 0.7519
vn 0.4264 -0.6381 0.6411
vn 0.0207 -0.0501 0.9985
vn 0.0776 -0.1874 0.9792
vn 0.1423 -0.3434 0.9283
vn 0.1980 -0.4781 0.8557
vn 0.2523 -0.6091 0.7519
vn 0.2937 -0.7090 0.6411
vn 0.0106 -0.0532 0.9985
vn 0.0396 -0.1989 0.9792
vn 0.0725 -0.3646 0.9283
vn 0.1010 -0.5075 0.8557
vn 0.1286 -0.6466 0.7519
vn 0.1497 -0.7527 0.6411
vn -0.0000 -0.0542 0.9985
vn -0.0000 -0.2028 0.9792
vn -0.0000 -0.3717 0.9283
vn -0.0000 -0.5175 0.8557
vn -0.0000 -0.6593 0.7519
vn -0.0000 -0.7674 0.6411
vn -0.0106 -0.0532 0.9985
vn -0.0396 -0.1989 0.9792
vn -0.0725 -0.3646 0.9283
vn -0.1010 -0.5075 0.8557
vn -0.1286 -0.6466 0.7519
vn -0.1497 -0.7527 0.6411
vn -0.0207 -0.0501 0.9985
vn -0.0776 -0.1874 0.9792
vn -0.1423 -0.3434 0.9283
vn -0.1980 -0.4781 0.8557
vn -0.2523 -0.6091 0.7519
vn -0.2937 -0.7090 0.6411
vn -0.0301 -0.0451 0.9985
vn -0.1127 -0.1686 0.9792
vn -0.2065 -0.3091 0.9283
vn -0.2875 -0.4303 0.8557
vn -0.3663 -0.5482 0.7519
vn -0.4264 -0.6381 0.6411
vn -0.0383 -0.0383 0.9985
vn -0.1434 -0.1434 0.9792
vn -0.2629 -0.2629 0.9283
vn -0.3659 -0.3659 0.8557
vn -0.4662 -0.4662 0.7519
vn -0.5426 -0.5427 0.6411
vn -0.0451 -0.0301 0.9985
vn -0.1686 -0.1127 0.9792
vn -0.3091 -0.2065 0.9283
vn -0.4303 -0.2875 0.8557
vn -0.5482 -0.3663 0.7519
vn -0.6381 -0.4264 0.6411
vn -0.0501 -0.0207 0.9985
vn -0.1874 -0.0776 0.9792
vn -0.3435 -0.1423 0.9283
vn -0.4781 -0.1980 0.8557
vn -0.6091 -0.2523 0.7519
vn -0.7090 -0.2937 0.6411
vn -0.0532 -0.0106 0.9985
vn -0.1989 -0.0396 0.9792
vn -0.3646 -0.0725 0.9283
vn -0.5075 -0.1010 0.8557
vn -0.6466 -0.1286 0.7519
vn -0.7527 -0.1497 0.6411
vn -0.0542 -0.0000 0.9985
vn -0.2028 -0.0000 0.9792
vn -0.3717 -0.0000 0.9283
vn -0.5175 -0.0000 0.8557
vn -0.6593 -0.0000 0.7519
vn -0.7674 -0.0000 0.6411
vn -0.0532 0.0106 0.9985
vn -0.1989 0.0396 0.9792
vn -0.3646 0.0725 0.9283
vn -0.5075 0.1010 0.8557
vn -0.6466 0.1286 0.7519
vn -0.7527 0.1497 0.6411
vn -0.0501 0.0207 0.9985
vn -0.1874 0.0776 0.9792
vn -0.3434 0.1423 0.9283
vn -0.4781 0.1980 0.8557
vn -0.6091 0.2523 0.7519
vn -0.7090 0.2937 0.6411
vn -0.0451 0.0301 0.9985
vn -0.1686 0.1127 0.9792
vn -0.3091 0.2065 0.9283
vn -0.4303 0.2875 0.8557
vn -0.5482 0.3663 0.7519
vn -0.6381 0.4264 0.6411
vn -0.0383 0.0383 0.9985
vn -0.1434 0.1434 0.9792
vn -0.2629 0.2629 0.9283
vn -0.3659 0.3659 0.8557
vn -0.4662 0.4662 0.7519
vn -0.5426 0.5427 0.6411
vn -0.0301 0.0451 0.9985
vn -0.1127 0.1686 0.9792
vn -0.2065 0.3091 0.9283
vn -0.2875 0.4303 0.8557
vn -0.3663 0.5482 0.7519
vn -0.4264 0.6381 0.6411
vn -0.0207 0.0501 0.9985
vn -0.0776 0.1874 0.9792
vn -0.1423 0.3434 0.9283
vn -0.1980 0.4781 0.8557
vn -0.2523 0.6091 0.7519
vn -0.2937 0.7090 0.6411
vn -0.0106 0.0532 0.9985
vn -0.0396 0.1989 0.9792
vn -0.0725 0.3646 0.9283
vn -0.1010 0.5075 0.8557
vn -0.1286 0.6466 0.7519
vn -0.1497 0.7527 0.6411
vn 0.1503 0.7556 0.6376
vn -0.0000 0.7704 0.6376
vn -0.0000 0.6659 0.7460
vn 0.1299 0.6531 0.7460
vn -0.0000 0.5249 0.8512
vn 0.1024 0.5148 0.8512
vn -0.0000 0.3804 0.9248
vn 0.0742 0.3731 0.9248
vn -0.0000 0.2141 0.9768
vn 0.0418 0.2100 0.9768
vn -0.0000 0.0614 0.9981
vn 0.0120 0.0602 0.9981
vn 0.2948 0.7117 0.6376
vn 0.2548 0.6152 0.7460
vn 0.2009 0.4849 0.8512
vn 0.1456 0.3515 0.9248
vn 0.0819 0.1978 0.9768
vn 0.0235 0.0567 0.9981
vn 0.4280 0.6406 0.6376
vn 0.3699 0.5537 0.7461
vn 0.2916 0.4364 0.8512
vn 0.2114 0.3163 0.9248
vn 0.1189 0.1780 0.9768
vn 0.0341 0.0510 0.9981
vn 0.5447 0.5447 0.6376
vn 0.4709 0.4709 0.7461
vn 0.3711 0.3711 0.8512
vn 0.2690 0.2690 0.9248
vn 0.1514 0.1514 0.9768
vn 0.0434 0.0434 0.9981
vn 0.6406 0.4280 0.6376
vn 0.5537 0.3700 0.7460
vn 0.4364 0.2916 0.8512
vn 0.3163 0.2114 0.9248
vn 0.1780 0.1189 0.9768
vn 0.0510 0.0341 0.9981
vn 0.7117 0.2948 0.6376
vn 0.6152 0.2548 0.7460
vn 0.4849 0.2009 0.8512
vn 0.3515 0.1456 0.9248
vn 0.1978 0.0819 0.9768
vn 0.0567 0.0235 0.9981
vn 0.7556 0.1503 0.6376
vn 0.6531 0.1299 0.7460
vn 0.5148 0.1024 0.8512
vn 0.3731 0.0742 0.9248
vn 0.2100 0.0418 0.9768
vn 0.0602 0.0120 0.9981
vn 0.7704 -0.0000 0.6376
vn 0.6659 -0.0000 0.7460
vn 0.5249 -0.0000 0.8512
vn 0.3804 -0.0000 0.9248
vn 0.2141 -0.0000 0.9768
vn 0.0614 -0.0000 0.9981
vn 0.7556 -0.1503 0.6376
vn 0.6531 -0.1299 0.7460
vn 0.5148 -0.1024 0.8512
vn 0.3731 -0.0742 0.9248
vn 0.2100 -0.0418 0.9768
vn 0.0602 -0.0120 0.9981
vn 0.7117 -0.2948 0.6376
vn 0.6152 -0.2548 0.7460
vn 0.4849 -0.2009 0.8512
vn 0.3515 -0.1456 0.9248
vn 0.1978 -0.0819 0.9768
vn 0.0567 -0.0235 0.9981
vn 0.6406 -0.4280 0.6376
vn 0.5537 -0.3700 0.7460
vn 0.4364 -0.2916 0.8512
vn 0.3163 -0.2114 0.9248
vn 0.1780 -0.1189 0.9768
vn 0.0511 -0.0341 0.9981
vn 0.5447 -0.5448 0.6376
vn 0.4709 -0.4709 0.7461
vn 0.3711 -0.3711 0.8512
vn 0.2690 -0.2690 0.9248
vn 0.1514 -0.1514 0.9768
vn 0.0434 -0.0434 0.9981
vn 0.4280 -0.6406 0.6376
vn 0.3699 -0.5537 0.7460
vn 0.2916 -0.4364 0.8512
vn 0.2114 -0.3163 0.9248
vn 0.1189 -0.1780 0.9768
vn 0.0341 -0.0510 0.9981
vn 0.2948 -0.7118 0.6376
vn 0.2548 -0.6152 0.7460
vn 0.2009 -0.4849 0.8512
vn 0.1456 -0.3515 0.9248
vn 0.0819 -0.1978 0.9768
vn 0.0235 -0.0567 0.9981
vn 0.1503 -0.7556 0.6376
vn 0.1299 -0.6531 0.7460
vn 0.1024 -0.5148 0.8512
vn 0.0742 -0.3731 0.9248
vn 0.0418 -0.2100 0.9768
vn 0.0120 -0.0602 0.9981
vn -0.0000 -0.7704 0.6376
vn -0.0000 -0.6659 0.7460
vn -0.0000 -0.5249 0.8512
vn -0.0000 -0.3804 0.9248
vn -0.0000 -0.2141 0.9768
vn -0.0000 -0.0614 0.9981
vn -0.1503 -0.7556 0.6376
vn -0.1299 -0.6531 0.7460
vn -0.1024 -0.5148 0.8512
vn -0.0742 -0.3731 0.9248
vn -0.0418 -0.2100 0.9768
vn -0.0120 -0.0602 0.9981
vn -0.2948 -0.7117 0.6376
vn -0.2548 -0.6152 0.7460
vn -0.2009 -0.4849 0.8512
vn -0.1456 -0.3515 0.9248
vn -0.0819 -0.1978 0.9768
vn -0.0235 -0.0567 0.9981
vn -0.4280 -0.6406 0.6376
vn -0.3699 -0.5537 0.7460
vn -0.2916 -0.4364 0.8512
vn -0.2114 -0.3163 0.9248
vn -0.1189 -0.1780 0.9768
vn -0.0341 -0.0510 0.9981
vn -0.5447 -0.5447 0.6376
vn -0.4709 -0.4709 0.7461
vn -0.3711 -0.3711 0.8512
vn -0.2690 -0.2690 0.9248
vn -0.1514 -0.1514 0.9768
vn -0.0434 -0.0434 0.9981
vn -0.6406 -0.4280 0.6376
vn -0.5537 -0.3700 0.7460
vn -0.4364 -0.2916 0.8512
vn -0.3163 -0.2114 0.9248
vn -0.1780 -0.1189 0.9768
vn -0.0510 -0.0341 0.9981
vn -0.7117 -0.2948 0.6376
vn -0.6152 -0.2548 0.7460
vn -0.4849 -0.2009 0.8512
vn -0.3515 -0.1456 0.9248
vn -0.1978 -0.0819 0.9768
vn -0.0567 -0.0235 0.9981
vn -0.7556 -0.1503 0.6376
vn -0.6531 -0.1299 0.7460
vn -0.5148 -0.1024 0.8512
vn -0.3731 -0.0742 0.9248
vn -0.2100 -0.0418 0.9768
vn -0.0602 -0.0120 0.9981
vn -0.7704 -0.0000 0.6376
vn -0.6659 -0.0000 0.7460
vn -0.5249 -0.0000 0.8512
vn -0.3805 -0.0000 0.9248
vn -0.2141 -0.0000 0.9768
vn -0.0614 -0.0000 0.9981
vn -0.7556 0.1503 0.6376
vn -0.6531 0.1299 0.7460
vn -0.5148 0.1024 0.8512
vn -0.3731 0.0742 0.9248
vn -0.2100 0.0418 0.9768
vn -0.0602 0.0120 0.9981
vn -0.7117 0.2948 0.6376
vn -0.6152 0.2548 0.7460
vn -0.4849 0.2009 0.8512
vn -0.3515 0.1456 0.9248
vn -0.1978 0.0819 0.9768
vn -0.0567 0.0235 0.9981
vn -0.6406 0.4280 0.6376
vn -0.5537 0.3700 0.7460
vn -0.4364 0.2916 0.8512
vn -0.3163 0.2114 0.9248
vn -0.1780 0.1189 0.9768
vn -0.0510 0.0341 0.9981
vn -0.5447 0.5448 0.6376
vn -0.4709 0.4709 0.7461
vn -0.3711 0.3711 0.8512
vn -0.2690 0.2690 0.9248
vn -0.1514 0.1514 0.9768
vn -0.0434 0.0434 0.9981
vn -0.4280 0.6406 0.6376
vn -0.3699 0.5537 0.7460
vn -0.2916 0.4364 0.8512
vn -0.2114 0.3163 0.9248
vn -0.1189 0.1780 0.9768
vn -0.0341 0.0510 0.9981
vn -0.2948 0.7118 0.6376
vn -0.2548 0.6152 0.7460
vn -0.2009 0.4849 0.8512
vn -0.1456 0.3515 0.9248
vn -0.0819 0.1978 0.9768
vn -0.0235 0.0567 0.9981
vn -0.1503 0.7556 0.6376
vn -0.1299 0.6531 0.7460
vn -0.1024 0.5148 0.8512
vn -0.0742 0.3731 0.9248
vn -0.0418 0.2100 0.9768
vn -0.0120 0.0602 0.9981
vn -0.8784 0.4779 0.0026
vn -0.6353 0.7722 0.0066
vn -0.9774 -0.1950 0.0819
vn -0.9320 -0.1858 0.3111
vn -0.7943 -0.1582 0.5866
vn -0.5754 -0.1145 0.8098
vn -0.3052 -0.0607 0.9504
vn -0.0804 -0.0160 0.9966
vn 0.0804 -0.0160 0.9966
vn 0.3052 -0.0607 0.9504
vn 0.5754 -0.1145 0.8098
vn 0.7943 -0.1582 0.5866
vn 0.9320 -0.1858 0.3111
vn 0.9774 -0.1950 0.0819
vn -0.1691 -0.8501 -0.4987
vn -0.0000 -0.8668 -0.4987
vn -0.0000 -0.7621 -0.6475
vn -0.1487 -0.7475 -0.6475
vn -0.0000 -0.6073 -0.7945
vn -0.1185 -0.5956 -0.7945
vn -0.0000 -0.4365 -0.8997
vn -0.0852 -0.4281 -0.8997
vn -0.0000 -0.2355 -0.9719
vn -0.0459 -0.2310 -0.9719
vn -0.0000 -0.0618 -0.9981
vn -0.0121 -0.0606 -0.9981
vn -0.3317 -0.8008 -0.4987
vn -0.2916 -0.7041 -0.6475
vn -0.2324 -0.5611 -0.7945
vn -0.1670 -0.4033 -0.8997
vn -0.0901 -0.2176 -0.9719
vn -0.0236 -0.0571 -0.9981
vn -0.4816 -0.7207 -0.4987
vn -0.4234 -0.6337 -0.6475
vn -0.3374 -0.5050 -0.7945
vn -0.2425 -0.3629 -0.8997
vn -0.1308 -0.1958 -0.9719
vn -0.0343 -0.0514 -0.9981
vn -0.6129 -0.6129 -0.4987
vn -0.5389 -0.5389 -0.6475
vn -0.4294 -0.4294 -0.7945
vn -0.3086 -0.3086 -0.8997
vn -0.1665 -0.1665 -0.9719
vn -0.0437 -0.0437 -0.9981
vn -0.7207 -0.4816 -0.4987
vn -0.6337 -0.4234 -0.6475
vn -0.5050 -0.3374 -0.7945
vn -0.3629 -0.2425 -0.8997
vn -0.1958 -0.1308 -0.9719
vn -0.0514 -0.0343 -0.9981
vn -0.8008 -0.3317 -0.4987
vn -0.7041 -0.2916 -0.6475
vn -0.5611 -0.2324 -0.7945
vn -0.4033 -0.1670 -0.8997
vn -0.2176 -0.0901 -0.9719
vn -0.0571 -0.0236 -0.9981
vn -0.8501 -0.1691 -0.4987
vn -0.7475 -0.1487 -0.6475
vn -0.5956 -0.1185 -0.7945
vn -0.4281 -0.0852 -0.8997
vn -0.2310 -0.0459 -0.9719
vn -0.0606 -0.0121 -0.9981
vn -0.8668 -0.0000 -0.4987
vn -0.7621 -0.0000 -0.6475
vn -0.6073 -0.0000 -0.7945
vn -0.4365 -0.0000 -0.8997
vn -0.2355 -0.0000 -0.9719
vn -0.0618 -0.0000 -0.9981
vn -0.8501 0.1691 -0.4987
vn -0.7475 0.1487 -0.6475
vn -0.5956 0.1185 -0.7945
vn -0.4281 0.0852 -0.8997
vn -0.2310 0.0459 -0.9719
vn -0.0606 0.0121 -0.9981
vn -0.8008 0.3317 -0.4987
vn -0.7041 0.2916 -0.6475
vn -0.5611 0.2324 -0.7945
vn -0.4033 0.1670 -0.8997
vn -0.2176 0.0901 -0.9719
vn -0.0571 0.0236 -0.9981
vn -0.7207 0.4816 -0.4987
vn -0.6337 0.4234 -0.6475
vn -0.5050 0.3374 -0.7945
vn -0.3629 0.2425 -0.8997
vn -0.1958 0.1308 -0.9719
vn -0.0514 0.0343 -0.9981
vn -0.6129 0.6129 -0.4987
vn -0.5389 0.5389 -0.6475
vn -0.4294 0.4294 -0.7945
vn -0.3086 0.3086 -0.8997
vn -0.1665 0.1665 -0.9719
vn -0.0437 0.0437 -0.9981
vn -0.4816 0.7207 -0.4987
vn -0.4234 0.6337 -0.6475
vn -0.3374 0.5050 -0.7945
vn -0.2425 0.3629 -0.8997
vn -0.1308 0.1958 -0.9719
vn -0.0343 0.0514 -0.9981
vn -0.3317 0.8008 -0.4987
vn -0.2916 0.7041 -0.6475
vn -0.2324 0.5611 -0.7945
vn -0.1670 0.4032 -0.8997
vn -0.0901 0.2176 -0.9719
vn -0.0236 0.0571 -0.9981
vn -0.1691 0.8501 -0.4987
vn -0.1487 0.7475 -0.6475
vn -0.1185 0.5956 -0.7945
vn -0.0852 0.4281 -0.8997
vn -0.0459 0.2310 -0.9719
vn -0.0121 0.0606 -0.9981
vn -0.0000 0.8668 -0.4987
vn -0.0000 0.7621 -0.6475
vn -0.0000 0.6073 -0.7945
vn -0.0000 0.4365 -0.8997
vn -0.0000 0.2355 -0.9719
vn -0.0000 0.0618 -0.9981
vn 0.1691 0.8501 -0.4987
vn 0.1487 0.7475 -0.6475
vn 0.1185 0.5956 -0.7945
vn 0.0852 0.4281 -0.8997
vn 0.0459 0.2310 -0.9719
vn 0.0121 0.0606 -0.9981
vn 0.3317 0.8008 -0.4987
vn 0.2916 0.7041 -0.6475
vn 0.2324 0.5611 -0.7945
vn 0.1670 0.4033 -0.8997
vn 0.0901 0.2176 -0.9719
vn 0.0236 0.0571 -0.9981
vn 0.4816 0.7207 -0.4987
vn 0.4234 0.6337 -0.6475
vn 0.3374 0.5050 -0.7945
vn 0.2425 0.3629 -0.8997
vn 0.1308 0.1958 -0.9719
vn 0.0343 0.0514 -0.9981
vn 0.6129 0.6129 -0.4987
vn 0.5389 0.5389 -0.6475
vn 0.4294 0.4294 -0.7945
vn 0.3086 0.3086 -0.8997
vn 0.1665 0.1665 -0.9719
vn 0.0437 0.0437 -0.9981
vn 0.7207 0.4816 -0.4987
vn 0.6337 0.4234 -0.6475
vn 0.5050 0.3374 -0.7945
vn 0.3629 0.2425 -0.8997
vn 0.1958 0.1308 -0.9719
vn 0.0514 0.0343 -0.9981
vn 0.8008 0.3317 -0.4987
vn 0.7041 0.2916 -0.6475
vn 0.5611 0.2324 -0.7945
vn 0.4033 0.1670 -0.8997
vn 0.2176 0.0901 -0.9719
vn 0.0571 0.0236 -0.9981
vn 0.8501 0.1691 -0.4987
vn 0.7475 0.1487 -0.6475
vn 0.5956 0.1185 -0.7945
vn 0.4281 0.0852 -0.8997
vn 0.2310 0.0459 -0.9719
vn 0.0606 0.0121 -0.9981
vn 0.8668 -0.0000 -0.4987
vn 0.7621 -0.0000 -0.6475
vn 0.6073 -0.0000 -0.7945
vn 0.4365 -0.0000 -0.8997
vn 0.2355 -0.0000 -0.9719
vn 0.0618 -0.0000 -0.9981
vn 0.8501 -0.1691 -0.4987
vn 0.7475 -0.1487 -0.6475
vn 0.5956 -0.1185 -0.7945
vn 0.4281 -0.0852 -0.8997
vn 0.2310 -0.0459 -0.9719
vn 0.0606 -0.0121 -0.9981
vn 0.8008 -0.3317 -0.4987
vn 0.7041 -0.2916 -0.6475
vn 0.5611 -0.2324 -0.7945
vn 0.4033 -0.1670 -0.8997
vn 0.2176 -0.0901 -0.9719
vn 0.0571 -0.0236 -0.9981
vn 0.7207 -0.4816 -0.4987
vn 0.6337 -0.4234 -0.6475
vn 0.5050 -0.3374 -0.7945
vn 0.3629 -0.2425 -0.8997
vn 0.1958 -0.1308 -0.9719
vn 0.0514 -0.0343 -0.9981
vn 0.6129 -0.6129 -0.4987
vn 0.5389 -0.5389 -0.6475
vn 0.4294 -0.4294 -0.7945
vn 0.3086 -0.3086 -0.8997
vn 0.1665 -0.1665 -0.9719
vn 0.0437 -0.0437 -0.9981
vn 0.4816 -0.7207 -0.4987
vn 0.4234 -0.6337 -0.6475
vn 0.3374 -0.5050 -0.7945
vn 0.2425 -0.3629 -0.8997
vn 0.1308 -0.1958 -0.9719
vn 0.0343 -0.0514 -0.9981
vn 0.3317 -0.8008 -0.4987
vn 0.2916 -0.7041 -0.6475
vn 0.2324 -0.5611 -0.7945
vn 0.1670 -0.4032 -0.8997
vn 0.0901 -0.2176 -0.9719
vn 0.0236 -0.0571 -0.9981
vn 0.1691 -0.8501 -0.4987
vn 0.1487 -0.7475 -0.6475
vn 0.1185 -0.5956 -0.7945
vn 0.0852 -0.4281 -0.8997
vn 0.0459 -0.2310 -0.9719
vn 0.0121 -0.0606 -0.9981
vn -0.0137 -0.0686 -0.9975
vn -0.0000 -0.0700 -0.9975
vn -0.0000 -0.2487 -0.9686
vn -0.0485 -0.2439 -0.9686
vn -0.0000 -0.4465 -0.8948
vn -0.0871 -0.4379 -0.8948
vn -0.0000 -0.6151 -0.7884
vn -0.1200 -0.6033 -0.7884
vn -0.0000 -0.7680 -0.6405
vn -0.1498 -0.7532 -0.6405
vn -0.0000 -0.8689 -0.4951
vn -0.1695 -0.8522 -0.4951
vn -0.0268 -0.0646 -0.9975
vn -0.0952 -0.2298 -0.9686
vn -0.1709 -0.4125 -0.8948
vn -0.2354 -0.5683 -0.7884
vn -0.2939 -0.7095 -0.6405
vn -0.3325 -0.8027 -0.4951
vn -0.0389 -0.0582 -0.9975
vn -0.1382 -0.2068 -0.9686
vn -0.2481 -0.3713 -0.8948
vn -0.3417 -0.5115 -0.7884
vn -0.4266 -0.6385 -0.6405
vn -0.4827 -0.7224 -0.4951
vn -0.0495 -0.0495 -0.9975
vn -0.1758 -0.1759 -0.9686
vn -0.3157 -0.3157 -0.8948
vn -0.4350 -0.4350 -0.7884
vn -0.5430 -0.5430 -0.6405
vn -0.6144 -0.6144 -0.4951
vn -0.0582 -0.0389 -0.9975
vn -0.2068 -0.1382 -0.9686
vn -0.3713 -0.2481 -0.8948
vn -0.5115 -0.3418 -0.7884
vn -0.6385 -0.4266 -0.6405
vn -0.7224 -0.4827 -0.4951
vn -0.0646 -0.0268 -0.9975
vn -0.2298 -0.0952 -0.9686
vn -0.4125 -0.1709 -0.8948
vn -0.5683 -0.2354 -0.7884
vn -0.7095 -0.2939 -0.6405
vn -0.8027 -0.3325 -0.4951
vn -0.0686 -0.0137 -0.9975
vn -0.2439 -0.0485 -0.9686
vn -0.4379 -0.0871 -0.8948
vn -0.6033 -0.1200 -0.7884
vn -0.7532 -0.1498 -0.6405
vn -0.8521 -0.1695 -0.4951
vn -0.0700 -0.0000 -0.9975
vn -0.2487 -0.0000 -0.9686
vn -0.4465 -0.0000 -0.8948
vn -0.6151 -0.0000 -0.7884
vn -0.7680 -0.0000 -0.6405
vn -0.8688 -0.0000 -0.4951
vn -0.0686 0.0137 -0.9975
vn -0.2439 0.0485 -0.9686
vn -0.4379 0.0871 -0.8948
vn -0.6033 0.1200 -0.7884
vn -0.7532 0.1498 -0.6405
vn -0.8521 0.1695 -0.4951
vn -0.0646 0.0268 -0.9975
vn -0.2298 0.0952 -0.9686
vn -0.4125 0.1709 -0.8948
vn -0.5683 0.2354 -0.7884
vn -0.7095 0.2939 -0.6405
vn -0.8027 0.3325 -0.4951
vn -0.0582 0.0389 -0.9975
vn -0.2068 0.1382 -0.9686
vn -0.3713 0.2481 -0.8948
vn -0.5115 0.3418 -0.7884
vn -0.6385 0.4266 -0.6405
vn -0.7224 0.4827 -0.4951
vn -0.0495 0.0495 -0.9975
vn -0.1758 0.1759 -0.9686
vn -0.3157 0.3157 -0.8948
vn -0.4350 0.4350 -0.7884
vn -0.5430 0.5430 -0.6405
vn -0.6144 0.6144 -0.4951
vn -0.0389 0.0582 -0.9975
vn -0.1382 0.2068 -0.9686
vn -0.2481 0.3713 -0.8948
vn -0.3418 0.5115 -0.7884
vn -0.4266 0.6385 -0.6405
vn -0.4827 0.7224 -0.4951
vn -0.0268 0.0646 -0.9975
vn -0.0952 0.2298 -0.9686
vn -0.1709 0.4125 -0.8948
vn -0.2354 0.5683 -0.7884
vn -0.2939 0.7095 -0.6405
vn -0.3325 0.8027 -0.4951
vn -0.0137 0.0686 -0.9975
vn -0.0485 0.2439 -0.9686
vn -0.0871 0.4379 -0.8948
vn -0.1200 0.6033 -0.7884
vn -0.1498 0.7532 -0.6405
vn -0.1695 0.8522 -0.4951
vn -0.0000 0.0700 -0.9975
vn -0.0000 0.2487 -0.9686
vn -0.0000 0.4465 -0.8948
vn -0.0000 0.6151 -0.7884
vn -0.0000 0.7680 -0.6405
vn -0.0000 0.8689 -0.4951
vn 0.0137 0.0686 -0.9975
vn 0.0485 0.2439 -0.9686
vn 0.0871 0.4379 -0.8948
vn 0.1200 0.6033 -0.7884
vn 0.1498 0.7532 -0.6405
vn 0.1695 0.8522 -0.4951
vn 0.0268 0.0646 -0.9975
vn 0.0952 0.2298 -0.9686
vn 0.1709 0.4125 -0.8948
vn 0.2354 0.5683 -0.7884
vn 0.2939 0.7095 -0.6405
vn 0.3325 0.8027 -0.4951
vn 0.0389 0.0582 -0.9975
vn 0.1382 0.2068 -0.9686
vn 0.2481 0.3713 -0.8948
vn 0.3417 0.5115 -0.7884
vn 0.4266 0.6385 -0.6405
vn 0.4827 0.7224 -0.4951
vn 0.0495 0.0495 -0.9975
vn 0.1758 0.1759 -0.9686
vn 0.3157 0.3157 -0.8948
vn 0.4350 0.4350 -0.7884
vn 0.5430 0.5430 -0.6405
vn 0.6144 0.6144 -0.4951
vn 0.0582 0.0389 -0.9975
vn 0.2068 0.1382 -0.9686
vn 0.3713 0.2481 -0.8948
vn 0.5115 0.3418 -0.7884
vn 0.6385 0.4266 -0.6405
vn 0.7224 0.4827 -0.4951
vn 0.0646 0.0268 -0.9975
vn 0.2298 0.0952 -0.9686
vn 0.4125 0.1709 -0.8948
vn 0.5683 0.2354 -0.7884
vn 0.7095 0.2939 -0.6405
vn 0.8027 0.3325 -0.4951
vn 0.0686 0.0137 -0.9975
vn 0.2439 0.0485 -0.9686
vn 0.4379 0.0871 -0.8948
vn 0.6033 0.1200 -0.7884
vn 0.7532 0.1498 -0.6405
vn 0.8521 0.1695 -0.4951
vn 0.0700 -0.0000 -0.9975
vn 0.2487 -0.0000 -0.9686
vn 0.4465 -0.0000 -0.8948
vn 0.6151 -0.0000 -0.7884
vn 0.7680 -0.0000 -0.6405
vn 0.8688 -0.0000 -0.4951
vn 0.0686 -0.0137 -0.9975
vn 0.2439 -0.0485 -0.9686
vn 0.4379 -0.0871 -0.8948
vn 0.6033 -0.1200 -0.7884
vn 0.7532 -0.1498 -0.6405
vn 0.8521 -0.1695 -0.4951
vn 0.0646 -0.0268 -0.9975
vn 0.2298 -0.0952 -0.9686
vn 0.4125 -0.1709 -0.8948
vn 0.5683 -0.2354 -0.7884
vn 0.7095 -0.2939 -0.6405
vn 0.8027 -0.3325 -0.4951
vn 0.0582 -0.0389 -0.9975
vn 0.2068 -0.1382 -0.9686
vn 0.3713 -0.2481 -0.8948
vn 0.5115 -0.3418 -0.7884
vn 0.6385 -0.4266 -0.6405
vn 0.7224 -0.4827 -0.4951
vn 0.0495 -0.0495 -0.9975
vn 0.1758 -0.1759 -0.9686
vn 0.3157 -0.3157 -0.8948
vn 0.4350 -0.4350 -0.7884
vn 0.5430 -0.5430 -0.6405
vn 0.6144 -0.6144 -0.4951
vn 0.0389 -0.0582 -0.9975
vn 0.1382 -0.2068 -0.9686
vn 0.2481 -0.3713 -0.8948
vn 0.3418 -0.5115 -0.7884
vn 0.4266 -0.6385 -0.6405
vn 0.4827 -0.7224 -0.4951
vn 0.0268 -0.0646 -0.9975
vn 0.0952 -0.2298 -0.9686
vn 0.1709 -0.4125 -0.8948
vn 0.2354 -0.5683 -0.7884
vn 0.2939 -0.7095 -0.6405
vn 0.3325 -0.8027 -0.4951
vn 0.0137 -0.0686 -0.9975
vn 0.0485 -0.2439 -0.9686
vn 0.0871 -0.4379 -0.8948
vn 0.1200 -0.6033 -0.7884
vn 0.1498 -0.7532 -0.6405
vn 0.1695 -0.8522 -0.4951
vn -0.0000 0.0820 0.9966
vn -0.0000 0.3100 0.9507
vn -0.0000 0.5832 0.8123
vn -0.0000 0.8051 0.5931
vn -0.0000 0.9468 0.3218
vn -0.0000 0.9955 0.0950
vn -0.0000 -0.9946 0.1042
vn -0.0000 -0.9441 0.3296
vn -0.0000 -0.8015 0.5980
vn -0.0000 -0.5805 0.8143
vn -0.0000 -0.3089 0.9511
vn -0.0000 -0.0818 0.9966
vn -0.0778 -0.1439 0.9865
vn -0.3022 -0.1823 0.9357
vn -0.5699 -0.2173 0.7924
vn -0.7831 -0.2319 0.5770
vn -0.9246 -0.2250 0.3072
vn -0.9754 -0.2054 0.0797
vn 0.9754 -0.2054 0.0797
vn 0.9246 -0.2250 0.3072
vn 0.7831 -0.2319 0.5770
vn 0.5699 -0.2173 0.7924
vn 0.3022 -0.1823 0.9357
vn 0.0778 -0.1439 0.9865
vn -0.0000 0.9956 0.0941
vn -0.0000 0.9422 0.3349
vn -0.0000 0.7760 0.6308
vn -0.0000 0.5131 0.8583
vn -0.0000 0.1948 0.9808
vn -0.0000 -0.0505 0.9987
vn -0.0000 -0.2026 0.9793
vn -0.0000 -0.4099 0.9121
vn -0.0000 -0.6459 0.7634
vn -0.0000 -0.8274 0.5616
vn -0.0000 -0.9499 0.3127
vn -0.0000 -0.9951 0.0991
vn 0.8784 0.4779 0.0026
vn 0.6353 0.7722 0.0066
vn -0.0000 0.9808 -0.1952
vn 0.1913 0.9619 -0.1952
vn -0.1913 0.9619 -0.1952
vn 0.3753 0.9061 -0.1952
vn 0.5449 0.8155 -0.1952
vn 0.6935 0.6935 -0.1952
vn 0.8155 0.5449 -0.1952
vn 0.9061 0.3753 -0.1952
vn 0.9619 0.1913 -0.1952
vn 0.9808 -0.0000 -0.1952
vn 0.9619 -0.1913 -0.1952
vn 0.9061 -0.3753 -0.1952
vn 0.8155 -0.5449 -0.1952
vn 0.6935 -0.6935 -0.1952
vn 0.5449 -0.8155 -0.1952
vn 0.3753 -0.9061 -0.1952
vn 0.1913 -0.9619 -0.1952
vn -0.0000 -0.9808 -0.1952
vn -0.1913 -0.9619 -0.1952
vn -0.3753 -0.9061 -0.1952
vn -0.5449 -0.8155 -0.1952
vn -0.6935 -0.6935 -0.1952
vn -0.8155 -0.5449 -0.1952
vn -0.9061 -0.3753 -0.1952
vn -0.9619 -0.1913 -0.1952
vn -0.9808 -0.0000 -0.1952
vn -0.9619 0.1913 -0.1952
vn -0.9061 0.3753 -0.1952
vn -0.8155 0.5449 -0.1952
vn -0.6935 0.6935 -0.1952
vn -0.5449 0.8155 -0.1952
vn -0.3753 0.9061 -0.1952
vn -0.0000 -0.1289 0.9917
vt 0.800103 0.131224
vt 0.800724 0.131163
vt 0.801346 0.131224
vt 0.801943 0.131405
vt 0.802494 0.131699
vt 0.802976 0.132096
vt 0.803372 0.132578
vt 0.803667 0.133129
vt 0.803848 0.133726
vt 0.803909 0.134348
vt 0.803848 0.134969
vt 0.803667 0.135567
vt 0.803372 0.136117
vt 0.802976 0.136600
vt 0.802494 0.136996
vt 0.801943 0.137290
vt 0.801346 0.137471
vt 0.800724 0.137533
vt 0.800103 0.137471
vt 0.799505 0.137290
vt 0.798955 0.136996
vt 0.798472 0.136600
vt 0.798076 0.136117
vt 0.797782 0.135567
vt 0.797600 0.134969
vt 0.797539 0.134348
vt 0.797600 0.133726
vt 0.797782 0.133129
vt 0.798076 0.132578
vt 0.798472 0.132096
vt 0.798955 0.131699
vt 0.799505 0.131405
vt 0.799841 0.129905
vt 0.800724 0.129818
vt 0.798991 0.130163
vt 0.798208 0.130582
vt 0.797521 0.131145
vt 0.796958 0.131831
vt 0.796540 0.132614
vt 0.796282 0.133464
vt 0.796195 0.134348
vt 0.796282 0.135231
vt 0.796540 0.136081
vt 0.796958 0.136864
vt 0.797521 0.137550
vt 0.798208 0.138114
vt 0.798991 0.138532
vt 0.803241 0.138114
vt 0.802457 0.138532
vt 0.803927 0.137550
vt 0.804490 0.136864
vt 0.804909 0.136081
vt 0.805167 0.135231
vt 0.805254 0.134348
vt 0.805167 0.133464
vt 0.804909 0.132614
vt 0.804490 0.131831
vt 0.803927 0.131145
vt 0.803241 0.130582
vt 0.802457 0.130163
vt 0.801608 0.129905
vt 0.800035 0.137934
vt 0.799606 0.138766
vt 0.801842 0.138766
vt 0.801413 0.137934
vt 0.799591 0.128651
vt 0.799591 0.128651
vt 0.000005 0.000001
vt 0.799591 0.128651
vt 0.000005 -0.000001
vt 0.000006 -0.000003
vt -0.000025 -0.000002
vt 0.000000 0.000000
vt 0.800724 0.128539
vt 0.000049 0.000003
vt -0.000008 0.000003
vt -0.000015 0.000000
vt 0.800724 0.128539
vt 0.800724 0.128539
vt 0.798501 0.128981
vt -0.000004 -0.000002
vt 0.798501 0.128981
vt 0.798501 0.128981
vt -0.000000 -0.000001
vt -0.000005 0.000001
vt 0.000001 -0.000001
vt 0.797497 0.129518
vt 0.797497 0.129518
vt 0.000007 0.000001
vt 0.797497 0.129518
vt 0.000003 -0.000004
vt 0.796617 0.130240
vt 0.796617 0.130240
vt -0.000001 -0.000001
vt 0.796617 0.130240
vt -0.000006 -0.000002
vt -0.000003 0.000000
vt 0.000013 0.000000
vt 0.795894 0.131121
vt 0.795894 0.131121
vt 0.795894 0.131121
vt -0.000002 0.000001
vt 0.795894 0.131121
vt -0.000010 0.000003
vt 0.795358 0.132125
vt 0.795358 0.132125
vt 0.795358 0.132125
vt 0.000000 -0.000001
vt 0.000001 -0.000000
vt 0.000005 0.000002
vt -0.000014 0.000002
vt 0.795027 0.133214
vt 0.795027 0.133214
vt 0.000004 -0.000002
vt 0.000000 0.000001
vt -0.000010 0.000003
vt -0.000007 0.000003
vt 0.794915 0.134348
vt 0.794915 0.134348
vt 0.794915 0.134348
vt 0.794915 0.134348
vt -0.000010 -0.000000
vt 0.794915 0.134348
vt 0.000040 0.000003
vt 0.795027 0.135481
vt 0.795027 0.135481
vt 0.000003 -0.000002
vt 0.000005 -0.000001
vt -0.000012 0.000001
vt 0.000006 0.000001
vt 0.795358 0.136571
vt 0.795358 0.136571
vt 0.000005 -0.000001
vt 0.795358 0.136571
vt 0.795358 0.136571
vt -0.000003 0.000001
vt 0.000009 -0.000002
vt -0.000000 0.000001
vt 0.795894 0.137575
vt 0.795894 0.137575
vt -0.000007 0.000000
vt 0.795894 0.137575
vt -0.000003 0.000002
vt 0.796617 0.138455
vt 0.000016 0.000013
vt 0.796617 0.138455
vt 0.000031 0.000001
vt 0.000029 0.000000
vt -0.000096 -0.000016
vt 0.797497 0.139177
vt 0.797497 0.139177
vt 0.797497 0.139177
vt 0.797497 0.139177
vt 0.000057 0.000001
vt 0.797497 0.139177
vt 0.797497 0.139177
vt 0.000192 0.000018
vt 0.798501 0.139714
vt 0.000129 0.000023
vt 0.000026 -0.000020
vt 0.000264 -0.000052
vt 0.000430 -0.000023
vt 0.799591 0.140045
vt 0.799591 0.140045
vt 0.799591 0.140045
vt -0.000024 -0.000010
vt -0.000128 0.000020
vt 0.000011 -0.000053
vt 0.000151 0.000093
vt 0.800724 0.140156
vt 0.800724 0.140156
vt 0.800724 0.140156
vt -0.000178 -0.000045
vt 0.000324 -0.000185
vt 0.801857 0.140045
vt 0.801857 0.140045
vt -0.000033 -0.000022
vt 0.801857 0.140045
vt -0.000179 -0.000024
vt 0.000337 0.000055
vt 0.000475 -0.000043
vt 0.802947 0.139714
vt 0.802947 0.139714
vt 0.802947 0.139714
vt -0.000019 0.000009
vt 0.802947 0.139714
vt -0.000012 -0.000018
vt -0.000229 0.000025
vt 0.000237 -0.000026
vt 0.803951 0.139177
vt 0.803951 0.139177
vt -0.000004 -0.000004
vt 0.803951 0.139177
vt 0.000046 -0.000029
vt 0.804832 0.138455
vt 0.804832 0.138455
vt -0.000020 0.000014
vt -0.000018 -0.000008
vt -0.000084 -0.000018
vt 0.000035 -0.000001
vt 0.805554 0.137575
vt 0.805554 0.137575
vt -0.000064 -0.000000
vt 0.805554 0.137575
vt -0.000207 0.000003
vt 0.806091 0.136571
vt 0.806091 0.136571
vt -0.000199 0.000026
vt 0.806091 0.136571
vt 0.000061 0.000028
vt 0.000240 -0.000058
vt -0.000302 0.000053
vt 0.806421 0.135481
vt 0.806421 0.135481
vt 0.000220 0.000059
vt 0.806421 0.135481
vt -0.000195 0.000031
vt -0.000216 -0.000013
vt -0.000263 0.000060
vt 0.806533 0.134348
vt 0.806533 0.134348
vt 0.806533 0.134348
vt 0.000437 0.000065
vt 0.806533 0.134348
vt -0.001699 0.000475
vt 0.806421 0.133214
vt 0.806421 0.133214
vt 0.000027 0.000002
vt -0.000042 0.000005
vt 0.000090 0.000058
vt -0.000432 0.000002
vt 0.806091 0.132125
vt 0.806091 0.132125
vt 0.806091 0.132125
vt 0.000025 0.000002
vt 0.000090 -0.000005
vt 0.000071 0.000005
vt 0.000049 -0.000029
vt 0.805554 0.131121
vt 0.805554 0.131121
vt 0.805554 0.131121
vt 0.805554 0.131121
vt 0.000004 -0.000006
vt -0.000046 -0.000013
vt 0.804832 0.130240
vt 0.804832 0.130240
vt -0.000004 0.000002
vt 0.804832 0.130240
vt 0.804832 0.130240
vt 0.000007 -0.000002
vt 0.000010 -0.000003
vt -0.000004 0.000003
vt 0.803951 0.129518
vt 0.803951 0.129518
vt 0.803951 0.129518
vt 0.000003 0.000000
vt 0.803951 0.129518
vt -0.000004 -0.000004
vt 0.802947 0.128981
vt 0.802947 0.128981
vt -0.000004 -0.000001
vt 0.000005 0.000001
vt 0.000012 -0.000002
vt -0.000004 0.000000
vt 0.801857 0.128651
vt 0.801857 0.128651
vt -0.000007 0.000001
vt 0.801857 0.128651
vt 0.000003 -0.000000
vt -0.000007 0.000000
vt 0.000002 0.000000
vt 0.799896 0.138126
vt 0.799877 0.138151
vt 0.799901 0.138178
vt 0.799905 0.138160
vt 0.799933 0.138181
vt 0.799939 0.138197
vt 0.799991 0.138223
vt 0.799977 0.138222
vt 0.799920 0.138206
vt 0.799919 0.138200
vt 0.799944 0.138213
vt 0.799964 0.138220
vt 0.800086 0.138232
vt 0.800044 0.138228
vt 0.800011 0.138225
vt 0.800043 0.138228
vt 0.800003 0.138224
vt 0.799983 0.138222
vt 0.799946 0.138252
vt 0.799949 0.138239
vt 0.799951 0.138227
vt 0.799936 0.138306
vt 0.799941 0.138278
vt 0.799945 0.138257
vt 0.799941 0.138278
vt 0.799948 0.138245
vt 0.799949 0.138235
vt 0.801513 0.138306
vt 0.801507 0.138278
vt 0.801503 0.138257
vt 0.801507 0.138278
vt 0.801502 0.138252
vt 0.801500 0.138239
vt 0.801445 0.138224
vt 0.801465 0.138222
vt 0.801499 0.138235
vt 0.801501 0.138245
vt 0.801497 0.138227
vt 0.801484 0.138220
vt 0.801362 0.138232
vt 0.801406 0.138228
vt 0.801437 0.138225
vt 0.801404 0.138228
vt 0.801457 0.138223
vt 0.801471 0.138222
vt 0.801502 0.138182
vt 0.801492 0.138198
vt 0.801496 0.138213
vt 0.801533 0.138127
vt 0.801503 0.138164
vt 0.801498 0.138182
vt 0.801534 0.138154
vt 0.801506 0.138202
vt 0.801501 0.138208
vt 0.799809 0.139568
vt 0.799760 0.139568
vt 0.799736 0.139567
vt 0.799772 0.139568
vt 0.799702 0.139567
vt 0.799698 0.139567
vt 0.799643 0.139612
vt 0.799659 0.139595
vt 0.799718 0.139567
vt 0.799742 0.139567
vt 0.799694 0.139567
vt 0.799672 0.139577
vt 0.799539 0.139676
vt 0.799585 0.139639
vt 0.799621 0.139615
vt 0.799587 0.139643
vt 0.799628 0.139595
vt 0.799650 0.139585
vt 0.799689 0.139552
vt 0.799688 0.139557
vt 0.799687 0.139560
vt 0.799707 0.139459
vt 0.799701 0.139491
vt 0.799695 0.139523
vt 0.799699 0.139502
vt 0.799696 0.139518
vt 0.799691 0.139539
vt 0.801741 0.139459
vt 0.801749 0.139502
vt 0.801753 0.139522
vt 0.801747 0.139491
vt 0.801759 0.139552
vt 0.801760 0.139557
vt 0.801820 0.139595
vt 0.801798 0.139585
vt 0.801757 0.139539
vt 0.801753 0.139518
vt 0.801761 0.139560
vt 0.801776 0.139577
vt 0.801909 0.139676
vt 0.801861 0.139643
vt 0.801828 0.139615
vt 0.801864 0.139640
vt 0.801805 0.139612
vt 0.801790 0.139594
vt 0.801746 0.139567
vt 0.801751 0.139567
vt 0.801755 0.139567
vt 0.801639 0.139568
vt 0.801676 0.139568
vt 0.801712 0.139567
vt 0.801688 0.139567
vt 0.801707 0.139567
vt 0.801731 0.139567
vt 0.000024 -0.000003
vt 0.000013 0.000002
vt -0.000007 0.000000
vt 0.000012 -0.000001
vt 0.799597 0.128679
vt 0.799595 0.128672
vt 0.799594 0.128666
vt 0.799600 0.128698
vt 0.799598 0.128688
vt 0.799597 0.128680
vt 0.800724 0.128587
vt 0.800724 0.128577
vt 0.800724 0.128566
vt 0.800724 0.128572
vt 0.800724 0.128568
vt 0.800724 0.128559
vt 0.800724 0.128555
vt 0.800724 0.128559
vt 0.800724 0.128552
vt 0.000025 -0.000001
vt -0.000004 0.000001
vt -0.000041 -0.000014
vt -0.000024 0.000003
vt -0.000011 -0.000000
vt 0.000008 -0.000000
vt 0.798512 0.129008
vt 0.798510 0.129001
vt 0.798507 0.128996
vt 0.798520 0.129025
vt 0.798516 0.129017
vt 0.798513 0.129009
vt 0.798512 0.129008
vt -0.000021 -0.000005
vt 0.000005 -0.000002
vt 0.797513 0.129542
vt 0.797509 0.129536
vt 0.797506 0.129531
vt 0.797524 0.129558
vt 0.797518 0.129550
vt 0.797514 0.129543
vt -0.000023 -0.000000
vt 0.000004 -0.000003
vt 0.796637 0.130261
vt 0.796632 0.130256
vt 0.796628 0.130251
vt 0.796651 0.130274
vt 0.796644 0.130267
vt 0.796638 0.130261
vt 0.796637 0.130261
vt 0.000025 0.000001
vt 0.000010 -0.000000
vt 0.795918 0.131136
vt 0.795912 0.131133
vt 0.795907 0.131129
vt 0.795934 0.131147
vt 0.795926 0.131142
vt 0.795919 0.131137
vt 0.795926 0.131142
vt -0.000006 0.000003
vt 0.000001 -0.000002
vt 0.795384 0.132136
vt 0.795377 0.132133
vt 0.795372 0.132131
vt 0.795402 0.132143
vt 0.795393 0.132139
vt 0.795385 0.132136
vt 0.795393 0.132139
vt -0.000028 -0.000003
vt -0.000000 -0.000000
vt 0.795055 0.133220
vt 0.795048 0.133219
vt 0.795042 0.133218
vt 0.795074 0.133224
vt 0.795065 0.133222
vt 0.795056 0.133220
vt 0.795065 0.133222
vt 0.795055 0.133220
vt 0.000028 0.000001
vt 0.000002 -0.000001
vt -0.000114 0.000014
vt 0.000017 -0.000003
vt 0.794935 0.134348
vt 0.794932 0.134348
vt 0.794928 0.134348
vt 0.794963 0.134348
vt 0.794954 0.134348
vt 0.794942 0.134348
vt 0.794949 0.134348
vt 0.794944 0.134348
vt 0.794935 0.134348
vt 0.000021 -0.000002
vt -0.000006 0.000001
vt 0.795055 0.135475
vt 0.795048 0.135477
vt 0.795042 0.135478
vt 0.795074 0.135472
vt 0.795065 0.135473
vt 0.795056 0.135475
vt 0.795065 0.135473
vt 0.795048 0.135477
vt -0.000013 -0.000004
vt 0.000013 0.000002
vt 0.795384 0.136560
vt 0.795378 0.136562
vt 0.795372 0.136565
vt 0.795402 0.136552
vt 0.795393 0.136556
vt 0.795385 0.136559
vt 0.000021 -0.000006
vt -0.000005 0.000004
vt 0.795918 0.137559
vt 0.795912 0.137563
vt 0.795907 0.137566
vt 0.795934 0.137548
vt 0.795926 0.137554
vt 0.795919 0.137558
vt 0.795926 0.137554
vt 0.000028 -0.000000
vt 0.000004 0.000000
vt 0.796637 0.138435
vt 0.796632 0.138440
vt 0.796628 0.138444
vt 0.796651 0.138421
vt 0.796644 0.138428
vt 0.796638 0.138434
vt 0.000017 0.000000
vt 0.000003 -0.000002
vt 0.797513 0.139154
vt 0.797509 0.139159
vt 0.797506 0.139164
vt 0.797524 0.139138
vt 0.797518 0.139146
vt 0.797514 0.139153
vt 0.000013 -0.000002
vt -0.000031 0.000000
vt -0.000001 -0.000001
vt 0.798512 0.139688
vt 0.798510 0.139694
vt 0.798507 0.139700
vt 0.798520 0.139670
vt 0.798516 0.139679
vt 0.798513 0.139687
vt -0.000009 -0.000003
vt 0.000005 -0.000000
vt -0.000026 -0.000001
vt -0.000013 0.000002
vt 0.799597 0.140017
vt 0.799595 0.140024
vt 0.799594 0.140029
vt 0.799600 0.139998
vt 0.799598 0.140007
vt 0.799597 0.140016
vt 0.799598 0.140007
vt 0.000019 -0.000001
vt 0.000000 -0.000000
vt -0.000108 -0.000006
vt 0.000007 0.000001
vt 0.800724 0.140137
vt 0.800724 0.140140
vt 0.800724 0.140143
vt 0.800724 0.140108
vt 0.800724 0.140118
vt 0.800724 0.140130
vt 0.800724 0.140123
vt 0.800724 0.140128
vt 0.800724 0.140136
vt 0.000017 0.000003
vt 0.000001 -0.000000
vt -0.000015 0.000002
vt 0.000015 0.000000
vt 0.801852 0.140017
vt 0.801853 0.140024
vt 0.801854 0.140029
vt 0.801848 0.139998
vt 0.801850 0.140007
vt 0.801852 0.140016
vt -0.000023 0.000001
vt 0.000008 -0.000003
vt 0.802936 0.139688
vt 0.802939 0.139694
vt 0.802941 0.139700
vt 0.802929 0.139670
vt 0.802932 0.139679
vt 0.802936 0.139687
vt -0.000027 0.000003
vt 0.000006 -0.000004
vt 0.803935 0.139154
vt 0.803939 0.139159
vt 0.803943 0.139164
vt 0.803925 0.139138
vt 0.803930 0.139146
vt 0.803935 0.139153
vt 0.803930 0.139146
vt 0.000030 -0.000006
vt 0.000000 0.000001
vt 0.804811 0.138435
vt 0.804816 0.138440
vt 0.804820 0.138444
vt 0.804798 0.138421
vt 0.804804 0.138428
vt 0.804811 0.138434
vt 0.804811 0.138435
vt 0.804816 0.138440
vt -0.000025 0.000002
vt 0.000007 -0.000000
vt 0.805530 0.137559
vt 0.805536 0.137563
vt 0.805541 0.137566
vt 0.805514 0.137548
vt 0.805522 0.137554
vt 0.805529 0.137558
vt 0.805522 0.137554
vt 0.000026 0.000000
vt 0.000000 -0.000004
vt 0.000014 0.000001
vt 0.806064 0.136560
vt 0.806071 0.136562
vt 0.806076 0.136565
vt 0.806046 0.136552
vt 0.806055 0.136556
vt 0.806063 0.136559
vt 0.806064 0.136560
vt 0.000018 0.000001
vt 0.000009 0.000002
vt 0.806393 0.135475
vt 0.806400 0.135477
vt 0.806406 0.135478
vt 0.806374 0.135472
vt 0.806384 0.135473
vt 0.806392 0.135475
vt 0.806393 0.135475
vt 0.806400 0.135477
vt -0.000026 0.000001
vt -0.000003 0.000000
vt -0.000049 0.000008
vt -0.000014 -0.000002
vt 0.806513 0.134348
vt 0.806517 0.134348
vt 0.806520 0.134348
vt 0.806485 0.134348
vt 0.806495 0.134348
vt 0.806506 0.134348
vt 0.806500 0.134348
vt 0.806504 0.134348
vt 0.806513 0.134348
vt -0.000025 0.000003
vt -0.000006 -0.000001
vt 0.806393 0.133220
vt 0.806400 0.133219
vt 0.806406 0.133218
vt 0.806374 0.133224
vt 0.806384 0.133222
vt 0.806392 0.133220
vt 0.806393 0.133220
vt -0.000016 0.000001
vt 0.000004 0.000002
vt 0.806064 0.132136
vt 0.806071 0.132133
vt 0.806076 0.132131
vt 0.806046 0.132143
vt 0.806055 0.132139
vt 0.806063 0.132136
vt 0.000027 0.000001
vt -0.000006 -0.000002
vt 0.805530 0.131136
vt 0.805536 0.131133
vt 0.805541 0.131129
vt 0.805514 0.131147
vt 0.805522 0.131142
vt 0.805529 0.131137
vt 0.000021 -0.000006
vt 0.000000 -0.000003
vt 0.804811 0.130261
vt 0.804816 0.130256
vt 0.804820 0.130251
vt 0.804798 0.130274
vt 0.804804 0.130267
vt 0.804811 0.130261
vt 0.804811 0.130261
vt 0.804816 0.130256
vt 0.000008 0.000003
vt 0.000012 0.000000
vt 0.803935 0.129542
vt 0.803939 0.129536
vt 0.803943 0.129531
vt 0.803925 0.129558
vt 0.803930 0.129550
vt 0.803935 0.129543
vt 0.803930 0.129550
vt 0.000000 -0.000003
vt 0.000014 0.000001
vt 0.802936 0.129008
vt 0.802939 0.129001
vt 0.802941 0.128996
vt 0.802929 0.129025
vt 0.802932 0.129017
vt 0.802936 0.129009
vt 0.000000 0.000008
vt 0.000009 -0.000003
vt 0.000009 0.000001
vt 0.000020 0.000003
vt -0.000003 0.000000
vt 0.801852 0.128679
vt 0.801853 0.128672
vt 0.801854 0.128666
vt 0.801848 0.128698
vt 0.801850 0.128688
vt 0.801852 0.128680
vt 0.799809 0.139568
vt 0.799772 0.139568
vt 0.799772 0.139568
vt 0.799811 0.139568
vt 0.799741 0.139567
vt 0.799744 0.139567
vt 0.799696 0.139519
vt 0.799696 0.139516
vt 0.799778 0.139568
vt 0.799815 0.139568
vt 0.799753 0.139567
vt 0.799698 0.139508
vt 0.799708 0.139458
vt 0.799708 0.139457
vt 0.799701 0.139490
vt 0.799701 0.139491
vt 0.799708 0.139453
vt 0.799702 0.139486
vt 0.799760 0.139455
vt 0.799755 0.139488
vt 0.799755 0.139511
vt 0.799834 0.139458
vt 0.799826 0.139491
vt 0.799787 0.139491
vt 0.799795 0.139457
vt 0.799820 0.139520
vt 0.799782 0.139518
vt 0.801741 0.139458
vt 0.801747 0.139491
vt 0.801747 0.139491
vt 0.801740 0.139457
vt 0.801753 0.139519
vt 0.801752 0.139516
vt 0.801708 0.139567
vt 0.801704 0.139567
vt 0.801746 0.139486
vt 0.801740 0.139453
vt 0.801751 0.139508
vt 0.801696 0.139567
vt 0.801639 0.139568
vt 0.801638 0.139568
vt 0.801676 0.139568
vt 0.801677 0.139568
vt 0.801634 0.139568
vt 0.801671 0.139568
vt 0.801629 0.139520
vt 0.801667 0.139518
vt 0.801693 0.139511
vt 0.801615 0.139458
vt 0.801653 0.139457
vt 0.801662 0.139491
vt 0.801622 0.139491
vt 0.801688 0.139455
vt 0.801694 0.139488
vt 0.800086 0.138232
vt 0.800041 0.138228
vt 0.800044 0.138228
vt 0.800082 0.138232
vt 0.800040 0.138228
vt 0.800079 0.138265
vt 0.800038 0.138261
vt 0.800003 0.138224
vt 0.800002 0.138224
vt 0.800007 0.138225
vt 0.800007 0.138261
vt 0.800069 0.138318
vt 0.800028 0.138313
vt 0.800032 0.138285
vt 0.800075 0.138291
vt 0.799990 0.138308
vt 0.799997 0.138281
vt 0.799936 0.138303
vt 0.799941 0.138275
vt 0.799946 0.138254
vt 0.799935 0.138306
vt 0.799941 0.138278
vt 0.799941 0.138276
vt 0.799936 0.138305
vt 0.799946 0.138252
vt 0.799946 0.138252
vt 0.801513 0.138306
vt 0.801513 0.138305
vt 0.801507 0.138277
vt 0.801507 0.138278
vt 0.801512 0.138303
vt 0.801507 0.138275
vt 0.801458 0.138308
vt 0.801451 0.138281
vt 0.801502 0.138252
vt 0.801502 0.138252
vt 0.801503 0.138254
vt 0.801442 0.138261
vt 0.801379 0.138318
vt 0.801374 0.138291
vt 0.801416 0.138285
vt 0.801421 0.138313
vt 0.801369 0.138265
vt 0.801411 0.138261
vt 0.801366 0.138232
vt 0.801409 0.138228
vt 0.801441 0.138225
vt 0.801405 0.138228
vt 0.801407 0.138228
vt 0.801363 0.138232
vt 0.801446 0.138224
vt 0.801445 0.138224
vt 0.988733 0.025390
vt 0.958187 0.025390
vt 0.958187 0.024041
vt 0.988722 0.024041
vt 0.958187 0.021155
vt 0.988707 0.021155
vt 0.999973 0.500000
vt 0.968750 0.500000
vt 1.000000 0.500000
vt 0.927641 0.025390
vt 0.927641 0.024041
vt 0.927641 0.021155
vt 0.937500 0.500000
vt 0.897095 0.025390
vt 0.897095 0.024041
vt 0.897095 0.021155
vt 0.906250 0.500000
vt 0.866549 0.025390
vt 0.866549 0.024041
vt 0.866549 0.021155
vt 0.875000 0.500000
vt 0.836004 0.025390
vt 0.836004 0.024041
vt 0.836004 0.021155
vt 0.843750 0.500000
vt 0.805458 0.025390
vt 0.805458 0.024041
vt 0.805458 0.021155
vt 0.812500 0.500000
vt 0.774912 0.025390
vt 0.774912 0.024041
vt 0.774912 0.021155
vt 0.781250 0.500000
vt 0.744366 0.025390
vt 0.744366 0.024041
vt 0.744366 0.021155
vt 0.750000 0.500000
vt 0.713820 0.025390
vt 0.713820 0.024041
vt 0.713820 0.021155
vt 0.718750 0.500000
vt 0.683275 0.025390
vt 0.683275 0.024041
vt 0.683275 0.021155
vt 0.687500 0.500000
vt 0.652729 0.025390
vt 0.652729 0.024041
vt 0.652729 0.021155
vt 0.656250 0.500000
vt 0.622183 0.025390
vt 0.622183 0.024041
vt 0.622183 0.021155
vt 0.625000 0.500000
vt 0.591637 0.025390
vt 0.591637 0.024041
vt 0.591637 0.021155
vt 0.593750 0.500000
vt 0.561092 0.025390
vt 0.561092 0.024041
vt 0.561092 0.021155
vt 0.562500 0.500000
vt 0.530546 0.025390
vt 0.530546 0.024041
vt 0.530546 0.021155
vt 0.531250 0.500000
vt 0.500000 0.025390
vt 0.500000 0.024041
vt 0.500000 0.021155
vt 0.500000 0.500000
vt 0.469454 0.025390
vt 0.469454 0.024041
vt 0.469454 0.021155
vt 0.468750 0.500000
vt 0.438908 0.025390
vt 0.438908 0.024041
vt 0.438908 0.021155
vt 0.437500 0.500000
vt 0.408363 0.025390
vt 0.408363 0.024041
vt 0.408363 0.021155
vt 0.406250 0.500000
vt 0.377817 0.025390
vt 0.377817 0.024041
vt 0.377817 0.021155
vt 0.375000 0.500000
vt 0.347271 0.025390
vt 0.347271 0.024041
vt 0.347271 0.021155
vt 0.343750 0.500000
vt 0.316725 0.025390
vt 0.316725 0.024041
vt 0.316725 0.021155
vt 0.312500 0.500000
vt 0.286180 0.025390
vt 0.286180 0.024041
vt 0.286180 0.021155
vt 0.281250 0.500000
vt 0.255634 0.025390
vt 0.255634 0.024041
vt 0.255634 0.021155
vt 0.250000 0.500000
vt 0.225088 0.025390
vt 0.225088 0.024041
vt 0.225088 0.021155
vt 0.218750 0.500000
vt 0.194542 0.025390
vt 0.194542 0.024041
vt 0.194542 0.021155
vt 0.187500 0.500000
vt 0.163996 0.025390
vt 0.163996 0.024041
vt 0.163996 0.021155
vt 0.156250 0.500000
vt 0.133451 0.025390
vt 0.133451 0.024041
vt 0.133451 0.021155
vt 0.125000 0.500000
vt 0.102905 0.025390
vt 0.102905 0.024041
vt 0.102905 0.021155
vt 0.093750 0.500000
vt 0.072359 0.025390
vt 0.072359 0.024041
vt 0.072359 0.021155
vt 0.062500 0.500000
vt 0.062500 0.500000
vt 0.041813 0.025390
vt 0.041813 0.024041
vt 0.041813 0.021155
vt 0.031250 0.500000
vt 0.031250 0.500000
vt 0.011267 0.025390
vt 0.011278 0.024041
vt 0.011294 0.021155
vt 0.000027 0.500000
vt 0.000000 0.500000
vt 1.000052 0.500000
vt 1.000013 0.500000
vt 0.937500 0.500000
vt 0.750000 0.500000
vt 0.687500 0.500000
vt 0.625000 0.500000
vt 0.593750 0.500000
vt 0.250000 0.500000
vt 0.218750 0.500000
vt 0.156250 0.500000
vt 0.093750 0.500000
vt 0.093750 0.500000
vt 0.031250 0.500000
vt -0.000052 0.500000
vt -0.000013 0.500000
vt 0.999987 0.500000
vt 0.968750 0.500000
vt 0.999948 0.500000
vt 0.999889 0.500000
vt 0.515000 0.240478
vt 0.444861 0.247386
vt 0.445693 0.251570
vt 0.515000 0.244744
vt 0.446067 0.253452
vt 0.515000 0.246663
vt 0.937500 0.500000
vt 0.937500 0.500000
vt 0.377417 0.267845
vt 0.379049 0.271786
vt 0.379784 0.273559
vt 0.906250 0.500000
vt 0.315260 0.301068
vt 0.317630 0.304615
vt 0.318696 0.306211
vt 0.260780 0.345780
vt 0.263796 0.348796
vt 0.265153 0.350153
vt 0.843750 0.500000
vt 0.216068 0.400260
vt 0.219616 0.402630
vt 0.221211 0.403697
vt 0.182845 0.462417
vt 0.186786 0.464049
vt 0.188559 0.464784
vt 0.162386 0.529861
vt 0.166570 0.530693
vt 0.168452 0.531067
vt 0.155478 0.600000
vt 0.159744 0.600000
vt 0.161663 0.600000
vt 0.718750 0.500000
vt 0.162386 0.670139
vt 0.166570 0.669307
vt 0.168452 0.668933
vt 0.687500 0.500000
vt 0.182845 0.737583
vt 0.186786 0.735950
vt 0.188559 0.735216
vt 0.216068 0.799740
vt 0.219616 0.797369
vt 0.221211 0.796303
vt 0.260780 0.854220
vt 0.263796 0.851204
vt 0.265153 0.849847
vt 0.315260 0.898932
vt 0.317630 0.895384
vt 0.318696 0.893789
vt 0.562500 0.500000
vt 0.377417 0.932155
vt 0.379050 0.928214
vt 0.379784 0.926441
vt 0.444861 0.952614
vt 0.445693 0.948429
vt 0.446067 0.946548
vt 0.515000 0.959522
vt 0.515000 0.955256
vt 0.515000 0.953337
vt 0.468750 0.500000
vt 0.585139 0.952614
vt 0.584307 0.948429
vt 0.583933 0.946548
vt 0.437500 0.500000
vt 0.437500 0.500000
vt 0.652583 0.932155
vt 0.650950 0.928213
vt 0.650216 0.926441
vt 0.406250 0.500000
vt 0.714740 0.898932
vt 0.712370 0.895384
vt 0.711304 0.893789
vt 0.769220 0.854220
vt 0.766204 0.851204
vt 0.764847 0.849847
vt 0.813932 0.799740
vt 0.810384 0.797369
vt 0.808789 0.796304
vt 0.312500 0.500000
vt 0.847155 0.737583
vt 0.843213 0.735950
vt 0.841441 0.735216
vt 0.867614 0.670139
vt 0.863430 0.669307
vt 0.861548 0.668933
vt 0.874522 0.600000
vt 0.870256 0.600000
vt 0.868337 0.600000
vt 0.867614 0.529861
vt 0.863430 0.530693
vt 0.861548 0.531067
vt 0.187500 0.500000
vt 0.187500 0.500000
vt 0.847155 0.462417
vt 0.843214 0.464049
vt 0.841441 0.464784
vt 0.813932 0.400260
vt 0.810384 0.402630
vt 0.808789 0.403696
vt 0.125000 0.500000
vt 0.769220 0.345780
vt 0.766204 0.348796
vt 0.764847 0.350153
vt 0.714740 0.301068
vt 0.712370 0.304615
vt 0.711304 0.306211
vt 0.062500 0.500000
vt 0.062500 0.500000
vt 0.062500 0.500000
vt 0.652583 0.267845
vt 0.650950 0.271786
vt 0.650216 0.273559
vt 0.585139 0.247386
vt 0.584307 0.251570
vt 0.583933 0.253452
vt 0.000013 0.500000
vt 0.000052 0.500000
vt 0.000111 0.500000
vt 0.800724 0.128539
vt 0.799591 0.128651
vt 0.800724 0.128539
vt 0.799591 0.128651
vt 0.799591 0.128650
vt 0.799591 0.128651
vt 0.798501 0.128981
vt 0.798501 0.128981
vt 0.798501 0.128981
vt 0.798501 0.128981
vt 0.797497 0.129518
vt 0.797497 0.129518
vt 0.797497 0.129518
vt 0.797497 0.129518
vt 0.796617 0.130240
vt 0.796617 0.130240
vt 0.796617 0.130240
vt 0.795894 0.131121
vt 0.795894 0.131120
vt 0.795895 0.131121
vt 0.795357 0.132125
vt 0.795027 0.133214
vt 0.795027 0.133214
vt 0.795027 0.133214
vt 0.795027 0.135481
vt 0.795027 0.135481
vt 0.795027 0.135481
vt 0.795358 0.136571
vt 0.795358 0.136571
vt 0.795894 0.137575
vt 0.795894 0.137575
vt 0.795894 0.137575
vt 0.795894 0.137575
vt 0.796617 0.138455
vt 0.796617 0.138455
vt 0.796617 0.138455
vt 0.797497 0.139177
vt 0.797497 0.139178
vt 0.797497 0.139178
vt 0.798501 0.139714
vt 0.798501 0.139714
vt 0.798501 0.139714
vt 0.799591 0.140045
vt 0.799591 0.140045
vt 0.799591 0.140045
vt 0.800724 0.140156
vt 0.800724 0.140156
vt 0.800724 0.140156
vt 0.801857 0.140045
vt 0.801857 0.140045
vt 0.801857 0.140045
vt 0.802947 0.139714
vt 0.802947 0.139714
vt 0.802947 0.139714
vt 0.803951 0.139177
vt 0.803951 0.139178
vt 0.803951 0.139178
vt 0.803951 0.139177
vt 0.804832 0.138455
vt 0.804832 0.138455
vt 0.804832 0.138455
vt 0.805554 0.137575
vt 0.805554 0.137575
vt 0.805554 0.137575
vt 0.806091 0.136571
vt 0.806091 0.136571
vt 0.806091 0.136571
vt 0.806421 0.135481
vt 0.806533 0.134348
vt 0.806533 0.134348
vt 0.806533 0.134348
vt 0.806421 0.133214
vt 0.806421 0.133214
vt 0.806421 0.133214
vt 0.806091 0.132125
vt 0.806091 0.132125
vt 0.806091 0.132125
vt 0.805554 0.131121
vt 0.805554 0.131120
vt 0.804832 0.130240
vt 0.804832 0.130240
vt 0.803951 0.129518
vt 0.802947 0.128981
vt 0.802947 0.128981
vt 0.802947 0.128981
vt 0.801857 0.128651
vt 0.801857 0.128651
vt 0.801857 0.128650
vt 0.800724 0.128539
vt 0.799591 0.128651
vt 0.800724 0.128539
vt 0.799591 0.128651
vt 0.798501 0.128981
vt 0.798501 0.128981
vt 0.797497 0.129518
vt 0.796617 0.130240
vt 0.796617 0.130240
vt 0.795894 0.131121
vt 0.795895 0.131121
vt 0.795358 0.132125
vt 0.795027 0.133214
vt 0.795027 0.135481
vt 0.795027 0.135481
vt 0.795358 0.136571
vt 0.795358 0.136571
vt 0.795895 0.137575
vt 0.796617 0.138455
vt 0.796617 0.138455
vt 0.797497 0.139177
vt 0.797497 0.139177
vt 0.797497 0.139177
vt 0.798501 0.139714
vt 0.798501 0.139714
vt 0.799591 0.140045
vt 0.799591 0.140045
vt 0.800724 0.140156
vt 0.800724 0.140156
vt 0.801857 0.140045
vt 0.801857 0.140045
vt 0.802947 0.139714
vt 0.802947 0.139714
vt 0.803951 0.139177
vt 0.803951 0.139177
vt 0.804832 0.138455
vt 0.804832 0.138455
vt 0.805554 0.137575
vt 0.805554 0.137575
vt 0.806091 0.136571
vt 0.806091 0.136571
vt 0.806421 0.135481
vt 0.806421 0.135481
vt 0.806533 0.134348
vt 0.806421 0.133214
vt 0.806091 0.132125
vt 0.806091 0.132125
vt 0.805554 0.131121
vt 0.805554 0.131121
vt 0.804832 0.130240
vt 0.804832 0.130240
vt 0.803951 0.129518
vt 0.803951 0.129518
vt 0.803951 0.129518
vt 0.802947 0.128981
vt 0.802947 0.128981
vt 0.801857 0.128651
vt 0.801857 0.128651
vt 0.800724 0.128539
vt 0.799591 0.128650
vt 0.800724 0.128539
vt 0.798501 0.128981
vt 0.798501 0.128981
vt 0.797497 0.129518
vt 0.797497 0.129518
vt 0.796617 0.130240
vt 0.796617 0.130240
vt 0.795894 0.131120
vt 0.795357 0.132125
vt 0.795027 0.133214
vt 0.794915 0.134348
vt 0.795027 0.135481
vt 0.795027 0.135481
vt 0.795358 0.136571
vt 0.795894 0.137575
vt 0.796617 0.138455
vt 0.797497 0.139178
vt 0.798501 0.139714
vt 0.798501 0.139714
vt 0.799591 0.140045
vt 0.800724 0.140157
vt 0.801857 0.140045
vt 0.801857 0.140045
vt 0.802947 0.139714
vt 0.803951 0.139178
vt 0.803951 0.139177
vt 0.804832 0.138455
vt 0.805554 0.137575
vt 0.805554 0.137575
vt 0.806091 0.136571
vt 0.806422 0.135481
vt 0.806533 0.134348
vt 0.806091 0.132125
vt 0.806091 0.132125
vt 0.805554 0.131120
vt 0.804832 0.130240
vt 0.803951 0.129518
vt 0.802947 0.128981
vt 0.801857 0.128650
vt 0.801857 0.128651
vt 0.800724 0.128539
vt 0.799591 0.128651
vt 0.800724 0.128539
vt 0.798501 0.128981
vt 0.798501 0.128981
vt 0.797497 0.129518
vt 0.796617 0.130240
vt 0.796617 0.130240
vt 0.795358 0.132125
vt 0.795027 0.133214
vt 0.795027 0.133214
vt 0.794915 0.134348
vt 0.795027 0.135481
vt 0.795894 0.137575
vt 0.796617 0.138455
vt 0.796617 0.138455
vt 0.797497 0.139177
vt 0.798501 0.139714
vt 0.798501 0.139714
vt 0.800724 0.140156
vt 0.801857 0.140045
vt 0.802947 0.139714
vt 0.803951 0.139177
vt 0.803951 0.139177
vt 0.804832 0.138455
vt 0.804832 0.138455
vt 0.805554 0.137575
vt 0.806091 0.136571
vt 0.806091 0.136571
vt 0.806421 0.135481
vt 0.806421 0.133214
vt 0.806091 0.132125
vt 0.806091 0.132125
vt 0.804832 0.130240
vt 0.804832 0.130240
vt 0.803951 0.129518
vt 0.803951 0.129518
vt 0.802947 0.128981
vt 0.802947 0.128981
vt 0.801857 0.128651
vt 0.801857 0.128651
vt 0.800724 0.128539
vt 0.799591 0.128650
vt 0.800724 0.128539
vt 0.799591 0.128651
vt 0.798501 0.128981
vt 0.798501 0.128981
vt 0.797497 0.129518
vt 0.797497 0.129518
vt 0.796617 0.130240
vt 0.795894 0.131120
vt 0.795357 0.132125
vt 0.795358 0.132125
vt 0.794915 0.134348
vt 0.795027 0.135481
vt 0.795357 0.136571
vt 0.795358 0.136571
vt 0.795894 0.137575
vt 0.796617 0.138455
vt 0.797497 0.139178
vt 0.797497 0.139178
vt 0.798501 0.139714
vt 0.799591 0.140045
vt 0.800724 0.140157
vt 0.801857 0.140045
vt 0.801857 0.140045
vt 0.802947 0.139714
vt 0.802947 0.139714
vt 0.804832 0.138455
vt 0.805554 0.137575
vt 0.805554 0.137575
vt 0.806091 0.136571
vt 0.806421 0.135481
vt 0.806421 0.135481
vt 0.806533 0.134348
vt 0.806422 0.133214
vt 0.806091 0.132125
vt 0.806091 0.132125
vt 0.805554 0.131120
vt 0.804832 0.130240
vt 0.804832 0.130240
vt 0.803951 0.129518
vt 0.803951 0.129518
vt 0.802947 0.128981
vt 0.801857 0.128650
vt 0.801857 0.128651
vt 0.799591 0.128651
vt 0.800724 0.128539
vt 0.799591 0.128651
vt 0.798501 0.128981
vt 0.798501 0.128981
vt 0.797497 0.129518
vt 0.797497 0.129518
vt 0.796617 0.130240
vt 0.796617 0.130240
vt 0.795895 0.131121
vt 0.795358 0.132125
vt 0.794916 0.134348
vt 0.795027 0.135481
vt 0.795358 0.136571
vt 0.795895 0.137575
vt 0.796617 0.138455
vt 0.796617 0.138455
vt 0.797497 0.139177
vt 0.798501 0.139714
vt 0.799591 0.140045
vt 0.799591 0.140045
vt 0.800724 0.140156
vt 0.801857 0.140045
vt 0.801857 0.140045
vt 0.802947 0.139714
vt 0.802947 0.139714
vt 0.803951 0.139177
vt 0.803951 0.139177
vt 0.803951 0.139177
vt 0.804832 0.138455
vt 0.804832 0.138455
vt 0.806091 0.136571
vt 0.806421 0.133214
vt 0.806421 0.133214
vt 0.806091 0.132125
vt 0.805554 0.131121
vt 0.804832 0.130240
vt 0.803951 0.129518
vt 0.803951 0.129518
vt 0.802947 0.128981
vt 0.802947 0.128981
vt 0.801857 0.128651
vt 0.801857 0.128651
vt 0.800724 0.128539
vt 0.799591 0.128650
vt 0.800724 0.128539
vt 0.798501 0.128981
vt 0.797497 0.129518
vt 0.797497 0.129518
vt 0.796617 0.130240
vt 0.795894 0.131120
vt 0.795357 0.132125
vt 0.795027 0.133214
vt 0.795894 0.137575
vt 0.796617 0.138455
vt 0.797497 0.139178
vt 0.798501 0.139714
vt 0.798501 0.139714
vt 0.799591 0.140045
vt 0.799591 0.140045
vt 0.800724 0.140157
vt 0.801857 0.140045
vt 0.802947 0.139714
vt 0.802947 0.139714
vt 0.804832 0.138455
vt 0.806421 0.135481
vt 0.806533 0.134348
vt 0.806421 0.133214
vt 0.805554 0.131120
vt 0.805554 0.131121
vt 0.803951 0.129518
vt 0.803951 0.129518
vt 0.802947 0.128981
vt 0.802947 0.128981
vt 0.799591 0.128651
vt 0.800724 0.128539
vt 0.799591 0.128651
vt 0.800724 0.128572
vt 0.799597 0.128683
vt 0.800724 0.128612
vt 0.799605 0.128722
vt 0.800724 0.128650
vt 0.799613 0.128759
vt 0.798501 0.128981
vt 0.798514 0.129012
vt 0.798529 0.129049
vt 0.798544 0.129083
vt 0.797497 0.129518
vt 0.797515 0.129545
vt 0.797538 0.129579
vt 0.797559 0.129610
vt 0.796617 0.130240
vt 0.796640 0.130264
vt 0.796669 0.130292
vt 0.796695 0.130319
vt 0.795895 0.131121
vt 0.795922 0.131139
vt 0.795955 0.131161
vt 0.795986 0.131182
vt 0.795388 0.132137
vt 0.795425 0.132153
vt 0.795460 0.132167
vt 0.795027 0.133214
vt 0.795060 0.133221
vt 0.795099 0.133229
vt 0.795136 0.133236
vt 0.794989 0.134348
vt 0.795026 0.134348
vt 0.795059 0.135474
vt 0.795099 0.135467
vt 0.795136 0.135459
vt 0.795388 0.136558
vt 0.795425 0.136543
vt 0.795460 0.136528
vt 0.795922 0.137556
vt 0.795955 0.137534
vt 0.795986 0.137513
vt 0.796617 0.138455
vt 0.796640 0.138432
vt 0.796669 0.138403
vt 0.796695 0.138377
vt 0.797497 0.139177
vt 0.797497 0.139177
vt 0.797515 0.139150
vt 0.797538 0.139116
vt 0.797559 0.139085
vt 0.798501 0.139714
vt 0.798514 0.139684
vt 0.798530 0.139647
vt 0.798544 0.139612
vt 0.799591 0.140045
vt 0.799597 0.140012
vt 0.799605 0.139973
vt 0.799613 0.139936
vt 0.800724 0.140083
vt 0.800724 0.140046
vt 0.801857 0.140045
vt 0.801851 0.140012
vt 0.801843 0.139973
vt 0.801836 0.139936
vt 0.802947 0.139714
vt 0.802934 0.139684
vt 0.802919 0.139647
vt 0.802904 0.139612
vt 0.803951 0.139177
vt 0.803951 0.139177
vt 0.803951 0.139177
vt 0.803933 0.139150
vt 0.803911 0.139116
vt 0.803890 0.139085
vt 0.804808 0.138432
vt 0.804780 0.138403
vt 0.804753 0.138377
vt 0.805554 0.137575
vt 0.805554 0.137575
vt 0.805526 0.137556
vt 0.805493 0.137534
vt 0.805462 0.137513
vt 0.806060 0.136558
vt 0.806023 0.136543
vt 0.805988 0.136528
vt 0.806389 0.135474
vt 0.806349 0.135467
vt 0.806313 0.135459
vt 0.806500 0.134348
vt 0.806460 0.134348
vt 0.806422 0.134348
vt 0.806389 0.133221
vt 0.806349 0.133229
vt 0.806313 0.133236
vt 0.806091 0.132125
vt 0.806060 0.132137
vt 0.806023 0.132153
vt 0.805988 0.132167
vt 0.805526 0.131139
vt 0.805493 0.131161
vt 0.805462 0.131182
vt 0.804808 0.130264
vt 0.804780 0.130292
vt 0.804753 0.130319
vt 0.803951 0.129518
vt 0.803933 0.129545
vt 0.803911 0.129579
vt 0.803890 0.129610
vt 0.802934 0.129012
vt 0.802919 0.129049
vt 0.802905 0.129083
vt 0.801857 0.128651
vt 0.801857 0.128651
vt 0.801851 0.128683
vt 0.801843 0.128722
vt 0.801836 0.128759
vt 0.799841 0.138790
vt 0.799840 0.138791
vt 0.799840 0.138793
vt 0.799789 0.138785
vt 0.799755 0.138781
vt 0.799716 0.138777
vt 0.801732 0.138777
vt 0.801694 0.138781
vt 0.801659 0.138785
vt 0.801608 0.138793
vt 0.801608 0.138791
vt 0.801608 0.138790
vt 0.799637 0.128880
vt 0.800724 0.128773
vt 0.800724 0.128766
vt 0.799635 0.128873
vt 0.800724 0.128758
vt 0.799634 0.128866
vt 0.800724 0.128736
vt 0.799629 0.128844
vt 0.800724 0.128720
vt 0.799626 0.128828
vt 0.800724 0.128704
vt 0.799623 0.128812
vt 0.798591 0.129197
vt 0.798588 0.129191
vt 0.798585 0.129184
vt 0.798577 0.129163
vt 0.798570 0.129148
vt 0.798564 0.129133
vt 0.797627 0.129712
vt 0.797623 0.129706
vt 0.797619 0.129700
vt 0.797606 0.129682
vt 0.797597 0.129668
vt 0.797588 0.129655
vt 0.796782 0.130405
vt 0.796777 0.130401
vt 0.796772 0.130395
vt 0.796756 0.130380
vt 0.796744 0.130368
vt 0.796733 0.130357
vt 0.796089 0.131250
vt 0.796083 0.131246
vt 0.796077 0.131242
vt 0.796058 0.131230
vt 0.796045 0.131221
vt 0.796031 0.131212
vt 0.795573 0.132214
vt 0.795567 0.132212
vt 0.795560 0.132209
vt 0.795540 0.132200
vt 0.795524 0.132194
vt 0.795510 0.132188
vt 0.795256 0.133260
vt 0.795249 0.133259
vt 0.795242 0.133257
vt 0.795220 0.133253
vt 0.795204 0.133250
vt 0.795189 0.133247
vt 0.795149 0.134348
vt 0.795142 0.134348
vt 0.795135 0.134348
vt 0.795112 0.134348
vt 0.795096 0.134348
vt 0.795080 0.134348
vt 0.795256 0.135435
vt 0.795249 0.135437
vt 0.795242 0.135438
vt 0.795220 0.135442
vt 0.795204 0.135446
vt 0.795189 0.135449
vt 0.795573 0.136481
vt 0.795567 0.136484
vt 0.795560 0.136487
vt 0.795540 0.136495
vt 0.795524 0.136501
vt 0.795510 0.136508
vt 0.796089 0.137445
vt 0.796083 0.137449
vt 0.796077 0.137453
vt 0.796058 0.137465
vt 0.796044 0.137475
vt 0.796031 0.137483
vt 0.796782 0.138290
vt 0.796777 0.138295
vt 0.796772 0.138300
vt 0.796756 0.138316
vt 0.796744 0.138327
vt 0.796733 0.138339
vt 0.797627 0.138983
vt 0.797623 0.138989
vt 0.797619 0.138995
vt 0.797606 0.139014
vt 0.797597 0.139027
vt 0.797588 0.139040
vt 0.798591 0.139498
vt 0.798588 0.139505
vt 0.798585 0.139511
vt 0.798577 0.139532
vt 0.798570 0.139547
vt 0.798564 0.139562
vt 0.799637 0.139816
vt 0.799635 0.139822
vt 0.799634 0.139830
vt 0.799629 0.139852
vt 0.799626 0.139868
vt 0.799623 0.139883
vt 0.800724 0.139923
vt 0.800724 0.139930
vt 0.800724 0.139937
vt 0.800724 0.139960
vt 0.800724 0.139976
vt 0.800724 0.139992
vt 0.801812 0.139816
vt 0.801813 0.139822
vt 0.801815 0.139830
vt 0.801819 0.139852
vt 0.801822 0.139868
vt 0.801825 0.139883
vt 0.802858 0.139498
vt 0.802860 0.139505
vt 0.802863 0.139511
vt 0.802872 0.139532
vt 0.802878 0.139547
vt 0.802884 0.139562
vt 0.803822 0.138983
vt 0.803825 0.138989
vt 0.803829 0.138995
vt 0.803842 0.139014
vt 0.803851 0.139027
vt 0.803860 0.139040
vt 0.804666 0.138290
vt 0.804671 0.138295
vt 0.804676 0.138300
vt 0.804692 0.138316
vt 0.804704 0.138327
vt 0.804715 0.138339
vt 0.805360 0.137445
vt 0.805365 0.137449
vt 0.805372 0.137453
vt 0.805390 0.137465
vt 0.805404 0.137475
vt 0.805417 0.137483
vt 0.805875 0.136481
vt 0.805881 0.136484
vt 0.805888 0.136487
vt 0.805909 0.136495
vt 0.805924 0.136501
vt 0.805938 0.136508
vt 0.806192 0.135435
vt 0.806199 0.135437
vt 0.806206 0.135438
vt 0.806228 0.135442
vt 0.806244 0.135446
vt 0.806260 0.135449
vt 0.806299 0.134348
vt 0.806306 0.134348
vt 0.806314 0.134348
vt 0.806336 0.134348
vt 0.806352 0.134348
vt 0.806368 0.134348
vt 0.806192 0.133260
vt 0.806199 0.133259
vt 0.806206 0.133257
vt 0.806228 0.133253
vt 0.806244 0.133250
vt 0.806260 0.133247
vt 0.805875 0.132214
vt 0.805881 0.132212
vt 0.805888 0.132209
vt 0.805909 0.132200
vt 0.805924 0.132194
vt 0.805938 0.132188
vt 0.805360 0.131250
vt 0.805365 0.131246
vt 0.805371 0.131242
vt 0.805390 0.131230
vt 0.805404 0.131221
vt 0.805417 0.131212
vt 0.804666 0.130405
vt 0.804671 0.130401
vt 0.804676 0.130395
vt 0.804692 0.130380
vt 0.804704 0.130368
vt 0.804715 0.130357
vt 0.803822 0.129712
vt 0.803825 0.129706
vt 0.803829 0.129700
vt 0.803842 0.129682
vt 0.803851 0.129668
vt 0.803860 0.129655
vt 0.802858 0.129197
vt 0.802860 0.129191
vt 0.802863 0.129184
vt 0.802872 0.129163
vt 0.802878 0.129148
vt 0.802884 0.129133
vt 0.801812 0.128880
vt 0.801813 0.128873
vt 0.801815 0.128866
vt 0.801819 0.128844
vt 0.801822 0.128828
vt 0.801825 0.128812
vt 0.799685 0.129121
vt 0.800724 0.129019
vt 0.800724 0.129003
vt 0.799682 0.129106
vt 0.800724 0.128987
vt 0.799679 0.129090
vt 0.800724 0.128964
vt 0.799674 0.129068
vt 0.800724 0.128957
vt 0.799672 0.129061
vt 0.800724 0.128950
vt 0.799671 0.129054
vt 0.798685 0.129425
vt 0.798679 0.129410
vt 0.798673 0.129395
vt 0.798664 0.129374
vt 0.798661 0.129367
vt 0.798659 0.129361
vt 0.797764 0.129917
vt 0.797755 0.129904
vt 0.797746 0.129890
vt 0.797733 0.129872
vt 0.797729 0.129866
vt 0.797725 0.129860
vt 0.796956 0.130580
vt 0.796945 0.130569
vt 0.796934 0.130557
vt 0.796917 0.130541
vt 0.796912 0.130536
vt 0.796908 0.130531
vt 0.796294 0.131387
vt 0.796280 0.131378
vt 0.796267 0.131369
vt 0.796248 0.131357
vt 0.796242 0.131353
vt 0.796236 0.131349
vt 0.795801 0.132309
vt 0.795787 0.132302
vt 0.795772 0.132296
vt 0.795750 0.132288
vt 0.795744 0.132285
vt 0.795738 0.132282
vt 0.795498 0.133308
vt 0.795483 0.133305
vt 0.795467 0.133302
vt 0.795444 0.133297
vt 0.795437 0.133296
vt 0.795430 0.133295
vt 0.795396 0.134348
vt 0.795380 0.134348
vt 0.795364 0.134348
vt 0.795341 0.134348
vt 0.795334 0.134348
vt 0.795327 0.134348
vt 0.795498 0.135387
vt 0.795482 0.135390
vt 0.795467 0.135394
vt 0.795444 0.135398
vt 0.795437 0.135399
vt 0.795430 0.135401
vt 0.795801 0.136387
vt 0.795786 0.136393
vt 0.795772 0.136399
vt 0.795750 0.136408
vt 0.795744 0.136411
vt 0.795738 0.136413
vt 0.796293 0.137308
vt 0.796280 0.137317
vt 0.796267 0.137326
vt 0.796248 0.137339
vt 0.796242 0.137343
vt 0.796236 0.137346
vt 0.796956 0.138116
vt 0.796945 0.138127
vt 0.796934 0.138138
vt 0.796917 0.138154
vt 0.796912 0.138159
vt 0.796908 0.138164
vt 0.797764 0.138778
vt 0.797755 0.138791
vt 0.797746 0.138805
vt 0.797733 0.138824
vt 0.797729 0.138830
vt 0.797725 0.138836
vt 0.798685 0.139271
vt 0.798679 0.139285
vt 0.798673 0.139300
vt 0.798664 0.139321
vt 0.798661 0.139328
vt 0.798659 0.139334
vt 0.799685 0.139574
vt 0.799681 0.139589
vt 0.799679 0.139606
vt 0.799674 0.139628
vt 0.799672 0.139635
vt 0.799671 0.139641
vt 0.800724 0.139676
vt 0.800724 0.139692
vt 0.800724 0.139709
vt 0.800724 0.139731
vt 0.800724 0.139738
vt 0.800724 0.139745
vt 0.801764 0.139574
vt 0.801767 0.139589
vt 0.801770 0.139606
vt 0.801774 0.139628
vt 0.801776 0.139635
vt 0.801777 0.139641
vt 0.802763 0.139271
vt 0.802769 0.139285
vt 0.802776 0.139300
vt 0.802784 0.139321
vt 0.802787 0.139328
vt 0.802790 0.139334
vt 0.803685 0.138778
vt 0.803693 0.138791
vt 0.803702 0.138805
vt 0.803715 0.138824
vt 0.803719 0.138830
vt 0.803723 0.138836
vt 0.804492 0.138116
vt 0.804503 0.138127
vt 0.804515 0.138138
vt 0.804531 0.138154
vt 0.804536 0.138159
vt 0.804541 0.138164
vt 0.805155 0.137308
vt 0.805168 0.137317
vt 0.805182 0.137326
vt 0.805200 0.137339
vt 0.805206 0.137343
vt 0.805212 0.137346
vt 0.805647 0.136387
vt 0.805662 0.136393
vt 0.805677 0.136399
vt 0.805698 0.136408
vt 0.805704 0.136411
vt 0.805711 0.136413
vt 0.805950 0.135387
vt 0.805966 0.135390
vt 0.805982 0.135394
vt 0.806004 0.135398
vt 0.806011 0.135399
vt 0.806018 0.135401
vt 0.806053 0.134348
vt 0.806069 0.134348
vt 0.806085 0.134348
vt 0.806108 0.134348
vt 0.806115 0.134348
vt 0.806122 0.134348
vt 0.805950 0.133308
vt 0.805966 0.133305
vt 0.805982 0.133302
vt 0.806004 0.133297
vt 0.806011 0.133296
vt 0.806018 0.133295
vt 0.805647 0.132308
vt 0.805662 0.132302
vt 0.805677 0.132296
vt 0.805698 0.132288
vt 0.805704 0.132285
vt 0.805711 0.132282
vt 0.805155 0.131387
vt 0.805168 0.131378
vt 0.805181 0.131369
vt 0.805200 0.131357
vt 0.805206 0.131353
vt 0.805212 0.131349
vt 0.804492 0.130580
vt 0.804503 0.130569
vt 0.804515 0.130557
vt 0.804531 0.130541
vt 0.804536 0.130536
vt 0.804541 0.130531
vt 0.803685 0.129917
vt 0.803693 0.129904
vt 0.803702 0.129890
vt 0.803715 0.129872
vt 0.803719 0.129866
vt 0.803723 0.129860
vt 0.802763 0.129425
vt 0.802769 0.129410
vt 0.802776 0.129395
vt 0.802784 0.129374
vt 0.802787 0.129367
vt 0.802790 0.129361
vt 0.801764 0.129121
vt 0.801767 0.129106
vt 0.801770 0.129090
vt 0.801774 0.129068
vt 0.801776 0.129061
vt 0.801777 0.129054
vt 0.800724 0.139684
vt 0.800724 0.139650
vt 0.800724 0.139619
vt 0.800724 0.139574
vt 0.800724 0.139574
vt 0.800724 0.138295
vt 0.800724 0.138295
vt 0.800724 0.138257
vt 0.800724 0.138231
vt 0.800724 0.138202
vt 0.799966 0.138802
vt 0.799927 0.138798
vt 0.799892 0.138793
vt 0.799841 0.138788
vt 0.799841 0.138790
vt 0.799840 0.138790
vt 0.801608 0.138790
vt 0.801608 0.138790
vt 0.801607 0.138788
vt 0.801556 0.138793
vt 0.801521 0.138798
vt 0.801482 0.138802
vt 0.800724 0.139526
vt 0.800724 0.139497
vt 0.800724 0.139463
vt 0.800724 0.138376
vt 0.800724 0.138351
vt 0.800724 0.138326
vt 0.800724 0.138295
vt 0.988733 0.959092
vt 0.958187 0.959092
vt 0.041813 0.959092
vt 0.011267 0.959092
vt 0.927641 0.959092
vt 0.897095 0.959092
vt 0.866549 0.959092
vt 0.836004 0.959092
vt 0.805458 0.959092
vt 0.774912 0.959092
vt 0.744366 0.959092
vt 0.713820 0.959092
vt 0.683275 0.959092
vt 0.652729 0.959092
vt 0.622183 0.959092
vt 0.591637 0.959092
vt 0.561092 0.959092
vt 0.530546 0.959092
vt 0.500000 0.959092
vt 0.469454 0.959092
vt 0.438908 0.959092
vt 0.408363 0.959092
vt 0.377817 0.959092
vt 0.347271 0.959092
vt 0.316725 0.959092
vt 0.286180 0.959092
vt 0.255634 0.959092
vt 0.225088 0.959092
vt 0.194542 0.959092
vt 0.163996 0.959092
vt 0.133451 0.959092
vt 0.102905 0.959092
vt 0.072359 0.959092
vt 0.799347 0.139365
vt 0.802101 0.139365
vt 0.800724 0.138877
s 1
usemtl 杯子
f 102/794/943 107/795/944 109/796/945 106/797/946
f 106/797/946 109/796/945 110/798/947 105/799/948
f 105/800/948 110/801/947 111/801/949 104/802/950
f 104/802/950 111/801/949 112/801/951 103/802/952
f 103/802/952 112/801/951 108/801/953 101/802/954
f 107/795/944 113/803/955 115/804/956 109/796/945
f 109/796/945 115/804/956 116/805/957 110/798/947
f 110/801/947 116/806/957 117/806/958 111/801/949
f 111/801/949 117/806/958 118/806/959 112/801/951
f 112/801/951 118/806/959 114/806/960 108/801/953
f 113/803/955 119/807/961 121/808/962 115/804/956
f 115/804/956 121/808/962 122/809/963 116/805/957
f 116/806/957 122/810/963 123/810/964 117/806/958
f 117/806/958 123/810/964 124/810/965 118/806/959
f 118/806/959 124/810/965 120/810/966 114/806/960
f 119/807/961 125/811/967 127/812/968 121/808/962
f 121/808/962 127/812/968 128/813/969 122/809/963
f 122/810/963 128/814/969 129/814/970 123/810/964
f 123/810/964 129/814/970 130/814/971 124/810/965
f 124/810/965 130/814/971 126/814/972 120/810/966
f 125/811/967 131/815/973 133/816/974 127/812/968
f 127/812/968 133/816/974 134/817/975 128/813/969
f 128/814/969 134/818/975 135/818/976 129/814/970
f 129/814/970 135/818/976 136/818/977 130/814/971
f 130/814/971 136/818/977 132/818/978 126/814/972
f 131/815/973 137/819/979 139/820/980 133/816/974
f 133/816/974 139/820/980 140/821/981 134/817/975
f 134/818/975 140/822/981 141/822/982 135/818/976
f 135/818/976 141/822/982 142/822/983 136/818/977
f 136/818/977 142/822/983 138/822/984 132/818/978
f 137/819/979 143/823/985 145/824/986 139/820/980
f 139/820/980 145/824/986 146/825/987 140/821/981
f 140/822/981 146/826/987 147/826/988 141/822/982
f 141/822/982 147/826/988 148/826/989 142/822/983
f 142/822/983 148/826/989 144/826/990 138/822/984
f 143/823/985 149/827/991 151/828/992 145/824/986
f 145/824/986 151/828/992 152/829/993 146/825/987
f 146/826/987 152/830/993 153/830/994 147/826/988
f 147/826/988 153/830/994 154/830/995 148/826/989
f 148/826/989 154/830/995 150/830/996 144/826/990
f 149/827/991 155/831/997 157/832/998 151/828/992
f 151/828/992 157/832/998 158/833/999 152/829/993
f 152/830/993 158/834/999 159/834/1000 153/830/994
f 153/830/994 159/834/1000 160/834/1001 154/830/995
f 154/830/995 160/834/1001 156/834/1002 150/830/996
f 155/831/997 161/835/1003 163/836/1004 157/832/998
f 157/832/998 163/836/1004 164/837/1005 158/833/999
f 158/834/999 164/838/1005 165/838/1006 159/834/1000
f 159/834/1000 165/838/1006 166/838/1007 160/834/1001
f 160/834/1001 166/838/1007 162/838/1008 156/834/1002
f 161/835/1003 167/839/1009 169/840/1010 163/836/1004
f 163/836/1004 169/840/1010 170/841/1011 164/837/1005
f 164/838/1005 170/842/1011 171/842/1012 165/838/1006
f 165/838/1006 171/842/1012 172/842/1013 166/838/1007
f 166/838/1007 172/842/1013 168/842/1014 162/838/1008
f 167/839/1009 173/843/1015 175/844/1016 169/840/1010
f 169/840/1010 175/844/1016 176/845/1017 170/841/1011
f 170/842/1011 176/846/1017 177/846/1018 171/842/1012
f 171/842/1012 177/846/1018 178/846/1019 172/842/1013
f 172/842/1013 178/846/1019 174/846/1020 168/842/1014
f 173/843/1015 179/847/1021 181/848/1022 175/844/1016
f 175/844/1016 181/848/1022 182/849/1023 176/845/1017
f 176/846/1017 182/850/1023 183/850/1024 177/846/1018
f 177/846/1018 183/850/1024 184/850/1025 178/846/1019
f 178/846/1019 184/850/1025 180/850/1026 174/846/1020
f 179/847/1021 185/851/1027 187/852/1028 181/848/1022
f 181/848/1022 187/852/1028 188/853/1029 182/849/1023
f 182/850/1023 188/854/1029 189/854/1030 183/850/1024
f 183/850/1024 189/854/1030 190/854/1031 184/850/1025
f 184/850/1025 190/854/1031 186/854/1032 180/850/1026
f 185/851/1027 191/855/1033 193/856/1034 187/852/1028
f 187/852/1028 193/856/1034 194/857/1035 188/853/1029
f 188/854/1029 194/858/1035 195/858/1036 189/854/1030
f 189/854/1030 195/858/1036 196/858/1037 190/854/1031
f 190/854/1031 196/858/1037 192/858/1038 186/854/1032
f 191/855/1033 197/859/1039 199/860/1040 193/856/1034
f 193/856/1034 199/860/1040 200/861/1041 194/857/1035
f 194/858/1035 200/862/1041 201/862/1042 195/858/1036
f 195/858/1036 201/862/1042 202/862/1043 196/858/1037
f 196/858/1037 202/862/1043 198/862/1044 192/858/1038
f 197/859/1039 203/863/1045 205/864/1046 199/860/1040
f 199/860/1040 205/864/1046 206/865/1047 200/861/1041
f 200/862/1041 206/866/1047 207/866/1048 201/862/1042
f 201/862/1042 207/866/1048 208/866/1049 202/862/1043
f 202/862/1043 208/866/1049 204/866/1050 198/862/1044
f 203/863/1045 209/867/1051 211/868/1052 205/864/1046
f 205/864/1046 211/868/1052 212/869/1053 206/865/1047
f 206/866/1047 212/870/1053 213/870/1054 207/866/1048
f 207/866/1048 213/870/1054 214/870/1055 208/866/1049
f 208/866/1049 214/870/1055 210/870/1056 204/866/1050
f 209/867/1051 215/871/1057 217/872/1058 211/868/1052
f 211/868/1052 217/872/1058 218/873/1059 212/869/1053
f 212/870/1053 218/874/1059 219/874/1060 213/870/1054
f 213/870/1054 219/874/1060 220/874/1061 214/870/1055
f 214/870/1055 220/874/1061 216/874/1062 210/870/1056
f 215/871/1057 221/875/1063 223/876/1064 217/872/1058
f 217/872/1058 223/876/1064 224/877/1065 218/873/1059
f 218/874/1059 224/878/1065 225/878/1066 219/874/1060
f 219/874/1060 225/878/1066 226/878/1067 220/874/1061
f 220/874/1061 226/878/1067 222/878/1068 216/874/1062
f 221/875/1063 227/879/1069 229/880/1070 223/876/1064
f 223/876/1064 229/880/1070 230/881/1071 224/877/1065
f 224/878/1065 230/882/1071 231/882/1072 225/878/1066
f 225/878/1066 231/882/1072 232/882/1073 226/878/1067
f 226/878/1067 232/882/1073 228/882/1074 222/878/1068
f 227/879/1069 233/883/1075 235/884/1076 229/880/1070
f 229/880/1070 235/884/1076 236/885/1077 230/881/1071
f 230/882/1071 236/886/1077 237/886/1078 231/882/1072
f 231/882/1072 237/886/1078 238/886/1079 232/882/1073
f 232/882/1073 238/886/1079 234/886/1080 228/882/1074
f 233/883/1075 239/887/1081 241/888/1082 235/884/1076
f 235/884/1076 241/888/1082 242/889/1083 236/885/1077
f 236/886/1077 242/890/1083 243/890/1084 237/886/1078
f 237/886/1078 243/890/1084 244/890/1085 238/886/1079
f 238/886/1079 244/890/1085 240/890/1086 234/886/1080
f 239/887/1081 245/891/1087 247/892/1088 241/888/1082
f 241/888/1082 247/892/1088 248/893/1089 242/889/1083
f 242/890/1083 248/894/1089 249/894/1090 243/890/1084
f 243/890/1084 249/894/1090 250/894/1091 244/890/1085
f 244/890/1085 250/894/1091 246/894/1092 240/890/1086
f 245/891/1087 251/895/1093 253/896/1094 247/892/1088
f 247/892/1088 253/896/1094 254/897/1095 248/893/1089
f 248/894/1089 254/898/1095 255/898/1096 249/894/1090
f 249/894/1090 255/898/1096 256/898/1097 250/894/1091
f 250/894/1091 256/898/1097 252/898/1098 246/894/1092
f 251/895/1093 257/899/1099 259/900/1100 253/896/1094
f 253/896/1094 259/900/1100 260/901/1101 254/897/1095
f 254/898/1095 260/902/1101 261/902/1102 255/898/1096
f 255/898/1096 261/902/1102 262/902/1103 256/898/1097
f 256/898/1097 262/902/1103 258/902/1104 252/898/1098
f 257/899/1099 263/903/1105 265/904/1106 259/900/1100
f 259/900/1100 265/904/1106 266/905/1107 260/901/1101
f 260/902/1101 266/906/1107 267/906/1108 261/902/1102
f 261/902/1102 267/906/1108 268/906/1109 262/902/1103
f 262/902/1103 268/906/1109 264/906/1110 258/902/1104
f 263/903/1105 269/907/1111 271/908/1112 265/904/1106
f 265/904/1106 271/908/1112 272/909/1113 266/905/1107
f 266/906/1107 272/910/1113 273/910/1114 267/906/1108
f 267/906/1108 273/910/1114 274/910/1115 268/906/1109
f 268/906/1109 274/910/1115 270/910/1116 264/906/1110
f 269/907/1111 275/911/1117 277/912/1118 271/908/1112
f 271/908/1112 277/912/1118 278/913/1119 272/909/1113
f 272/910/1113 278/914/1119 279/914/1120 273/910/1114
f 273/910/1114 279/914/1120 280/914/1121 274/910/1115
f 274/910/1115 280/914/1121 276/914/1122 270/910/1116
f 275/911/1117 281/915/1123 283/916/1124 277/912/1118
f 277/912/1118 283/916/1124 284/917/1125 278/913/1119
f 278/914/1119 284/918/1125 285/919/1126 279/914/1120
f 279/914/1120 285/919/1126 286/919/1127 280/914/1121
f 280/914/1121 286/919/1127 282/919/1128 276/914/1122
f 281/915/1123 287/920/1129 289/921/1130 283/916/1124
f 283/916/1124 289/921/1130 290/922/1131 284/917/1125
f 284/918/1125 290/923/1131 291/924/1132 285/919/1126
f 285/919/1126 291/924/1132 292/924/1133 286/919/1127
f 286/919/1127 292/924/1133 288/924/1134 282/919/1128
f 287/920/1129 102/925/943 106/926/946 289/921/1130
f 289/921/1130 106/926/946 105/927/948 290/922/1131
f 290/923/1131 105/928/948 104/929/950 291/924/1132
f 291/924/1132 104/929/950 103/929/952 292/924/1133
f 292/924/1133 103/929/952 101/929/954 288/924/1134
f 294/802/1135 299/801/1136 301/801/1137 298/802/1138
f 298/802/1138 301/801/1137 302/801/1139 297/802/1140
f 297/802/1140 302/801/1139 303/801/1141 296/930/1142
f 296/930/1142 303/801/1141 304/801/1143 295/931/1144
f 295/931/1144 304/801/1143 300/801/1145 293/802/1146
f 299/801/1136 305/806/1147 307/806/1148 301/801/1137
f 301/801/1137 307/806/1148 308/806/1149 302/801/1139
f 302/801/1139 308/806/1149 309/806/1150 303/801/1141
f 303/801/1141 309/806/1150 310/932/1151 304/801/1143
f 304/801/1143 310/932/1151 306/806/1152 300/801/1145
f 305/806/1147 311/810/1153 313/810/1154 307/806/1148
f 307/806/1148 313/810/1154 314/810/1155 308/806/1149
f 308/806/1149 314/810/1155 315/810/1156 309/806/1150
f 309/806/1150 315/810/1156 316/810/1157 310/932/1151
f 310/932/1151 316/810/1157 312/810/1158 306/806/1152
f 311/810/1153 317/814/1159 319/814/1160 313/810/1154
f 313/810/1154 319/814/1160 320/814/1161 314/810/1155
f 314/810/1155 320/814/1161 321/814/1162 315/810/1156
f 315/810/1156 321/814/1162 322/814/1163 316/810/1157
f 316/810/1157 322/814/1163 318/814/1164 312/810/1158
f 317/814/1159 323/818/1165 325/818/1166 319/814/1160
f 319/814/1160 325/818/1166 326/818/1167 320/814/1161
f 320/814/1161 326/818/1167 327/818/1168 321/814/1162
f 321/814/1162 327/818/1168 328/818/1169 322/814/1163
f 322/814/1163 328/818/1169 324/818/1170 318/814/1164
f 323/818/1165 329/822/1171 331/822/1172 325/818/1166
f 325/818/1166 331/822/1172 332/822/1173 326/818/1167
f 326/818/1167 332/822/1173 333/822/1174 327/818/1168
f 327/818/1168 333/822/1174 334/822/1175 328/818/1169
f 328/818/1169 334/822/1175 330/822/1176 324/818/1170
f 329/822/1171 335/826/1177 337/826/1178 331/822/1172
f 331/822/1172 337/826/1178 338/826/1179 332/822/1173
f 332/822/1173 338/826/1179 339/826/1180 333/822/1174
f 333/822/1174 339/826/1180 340/826/1181 334/822/1175
f 334/822/1175 340/826/1181 336/826/1182 330/822/1176
f 335/826/1177 341/830/1183 343/830/1184 337/826/1178
f 337/826/1178 343/830/1184 344/830/1185 338/826/1179
f 338/826/1179 344/830/1185 345/830/1186 339/826/1180
f 339/826/1180 345/830/1186 346/933/1187 340/826/1181
f 340/826/1181 346/933/1187 342/830/1188 336/826/1182
f 341/830/1183 347/834/1189 349/834/1190 343/830/1184
f 343/830/1184 349/834/1190 350/834/1191 344/830/1185
f 344/830/1185 350/834/1191 351/834/1192 345/830/1186
f 345/830/1186 351/834/1192 352/834/1193 346/933/1187
f 346/933/1187 352/834/1193 348/834/1194 342/830/1188
f 347/834/1189 353/838/1195 355/838/1196 349/834/1190
f 349/834/1190 355/838/1196 356/838/1197 350/834/1191
f 350/834/1191 356/838/1197 357/838/1198 351/834/1192
f 351/834/1192 357/838/1198 358/934/1199 352/834/1193
f 352/834/1193 358/934/1199 354/838/1200 348/834/1194
f 353/838/1195 359/842/1201 361/842/1202 355/838/1196
f 355/838/1196 361/842/1202 362/842/1203 356/838/1197
f 356/838/1197 362/842/1203 363/842/1204 357/838/1198
f 357/838/1198 363/842/1204 364/842/1205 358/934/1199
f 358/934/1199 364/842/1205 360/842/1206 354/838/1200
f 359/842/1201 365/846/1207 367/846/1208 361/842/1202
f 361/842/1202 367/846/1208 368/846/1209 362/842/1203
f 362/842/1203 368/846/1209 369/935/1210 363/842/1204
f 363/842/1204 369/935/1210 370/846/1211 364/842/1205
f 364/842/1205 370/846/1211 366/846/1212 360/842/1206
f 365/846/1207 371/850/1213 373/850/1214 367/846/1208
f 367/846/1208 373/850/1214 374/850/1215 368/846/1209
f 368/846/1209 374/850/1215 375/936/1216 369/935/1210
f 369/935/1210 375/936/1216 376/850/1217 370/846/1211
f 370/846/1211 376/850/1217 372/850/1218 366/846/1212
f 371/850/1213 377/854/1219 379/854/1220 373/850/1214
f 373/850/1214 379/854/1220 380/854/1221 374/850/1215
f 374/850/1215 380/854/1221 381/854/1222 375/936/1216
f 375/936/1216 381/854/1222 382/854/1223 376/850/1217
f 376/850/1217 382/854/1223 378/854/1224 372/850/1218
f 377/854/1219 383/858/1225 385/858/1226 379/854/1220
f 379/854/1220 385/858/1226 386/858/1227 380/854/1221
f 380/854/1221 386/858/1227 387/858/1228 381/854/1222
f 381/854/1222 387/858/1228 388/858/1229 382/854/1223
f 382/854/1223 388/858/1229 384/858/1230 378/854/1224
f 383/858/1225 389/862/1231 391/862/1232 385/858/1226
f 385/858/1226 391/862/1232 392/862/1233 386/858/1227
f 386/858/1227 392/862/1233 393/862/1234 387/858/1228
f 387/858/1228 393/862/1234 394/862/1235 388/858/1229
f 388/858/1229 394/862/1235 390/862/1236 384/858/1230
f 389/862/1231 395/866/1237 397/866/1238 391/862/1232
f 391/862/1232 397/866/1238 398/866/1239 392/862/1233
f 392/862/1233 398/866/1239 399/866/1240 393/862/1234
f 393/862/1234 399/866/1240 400/866/1241 394/862/1235
f 394/862/1235 400/866/1241 396/866/1242 390/862/1236
f 395/866/1237 401/870/1243 403/870/1244 397/866/1238
f 397/866/1238 403/870/1244 404/870/1245 398/866/1239
f 398/866/1239 404/870/1245 405/870/1246 399/866/1240
f 399/866/1240 405/870/1246 406/870/1247 400/866/1241
f 400/866/1241 406/870/1247 402/870/1248 396/866/1242
f 401/870/1243 407/874/1249 409/874/1250 403/870/1244
f 403/870/1244 409/874/1250 410/874/1251 404/870/1245
f 404/870/1245 410/874/1251 411/874/1252 405/870/1246
f 405/870/1246 411/874/1252 412/874/1253 406/870/1247
f 406/870/1247 412/874/1253 408/874/1254 402/870/1248
f 407/874/1249 413/878/1255 415/878/1256 409/874/1250
f 409/874/1250 415/878/1256 416/878/1257 410/874/1251
f 410/874/1251 416/878/1257 417/878/1258 411/874/1252
f 411/874/1252 417/878/1258 418/878/1259 412/874/1253
f 412/874/1253 418/878/1259 414/878/1260 408/874/1254
f 413/878/1255 419/882/1261 421/882/1262 415/878/1256
f 415/878/1256 421/882/1262 422/882/1263 416/878/1257
f 416/878/1257 422/882/1263 423/882/1264 417/878/1258
f 417/878/1258 423/882/1264 424/882/1265 418/878/1259
f 418/878/1259 424/882/1265 420/882/1266 414/878/1260
f 419/882/1261 425/886/1267 427/886/1268 421/882/1262
f 421/882/1262 427/886/1268 428/886/1269 422/882/1263
f 422/882/1263 428/886/1269 429/886/1270 423/882/1264
f 423/882/1264 429/886/1270 430/886/1271 424/882/1265
f 424/882/1265 430/886/1271 426/886/1272 420/882/1266
f 425/886/1267 431/890/1273 433/890/1274 427/886/1268
f 427/886/1268 433/890/1274 434/890/1275 428/886/1269
f 428/886/1269 434/890/1275 435/890/1276 429/886/1270
f 429/886/1270 435/890/1276 436/890/1277 430/886/1271
f 430/886/1271 436/890/1277 432/890/1278 426/886/1272
f 431/890/1273 437/894/1279 439/894/1280 433/890/1274
f 433/890/1274 439/894/1280 440/894/1281 434/890/1275
f 434/890/1275 440/894/1281 441/894/1282 435/890/1276
f 435/890/1276 441/894/1282 442/937/1283 436/890/1277
f 436/890/1277 442/937/1283 438/894/1284 432/890/1278
f 437/894/1279 443/898/1285 445/898/1286 439/894/1280
f 439/894/1280 445/898/1286 446/898/1287 440/894/1281
f 440/894/1281 446/898/1287 447/938/1288 441/894/1282
f 441/894/1282 447/938/1288 448/898/1289 442/937/1283
f 442/937/1283 448/898/1289 444/898/1290 438/894/1284
f 443/898/1285 449/902/1291 451/902/1292 445/898/1286
f 445/898/1286 451/902/1292 452/902/1293 446/898/1287
f 446/898/1287 452/902/1293 453/902/1294 447/938/1288
f 447/938/1288 453/902/1294 454/902/1295 448/898/1289
f 448/898/1289 454/902/1295 450/902/1296 444/898/1290
f 449/902/1291 455/906/1297 457/906/1298 451/902/1292
f 451/902/1292 457/906/1298 458/906/1299 452/902/1293
f 452/902/1293 458/906/1299 459/939/1300 453/902/1294
f 453/902/1294 459/939/1300 460/906/1301 454/902/1295
f 454/902/1295 460/906/1301 456/906/1302 450/902/1296
f 455/906/1297 461/910/1303 463/910/1304 457/906/1298
f 457/906/1298 463/910/1304 464/910/1305 458/906/1299
f 458/906/1299 464/910/1305 465/910/1306 459/939/1300
f 459/939/1300 465/910/1306 466/910/1307 460/906/1301
f 460/906/1301 466/910/1307 462/910/1308 456/906/1302
f 461/910/1303 467/914/1309 469/914/1310 463/910/1304
f 463/910/1304 469/914/1310 470/914/1311 464/910/1305
f 464/910/1305 470/914/1311 471/940/1312 465/910/1306
f 465/910/1306 471/940/1312 472/941/1313 466/910/1307
f 466/910/1307 472/941/1313 468/914/1314 462/910/1308
f 467/914/1309 473/919/1315 475/919/1316 469/914/1310
f 469/914/1310 475/919/1316 476/919/1317 470/914/1311
f 470/914/1311 476/919/1317 477/919/1318 471/940/1312
f 471/940/1312 477/919/1318 478/919/1319 472/941/1313
f 472/941/1313 478/919/1319 474/919/1320 468/914/1314
f 473/919/1315 479/924/1321 481/924/1322 475/919/1316
f 475/919/1316 481/924/1322 482/924/1323 476/919/1317
f 476/919/1317 482/924/1323 483/924/1324 477/919/1318
f 477/919/1318 483/924/1324 484/942/1325 478/919/1319
f 478/919/1319 484/942/1325 480/924/1326 474/919/1320
f 479/924/1321 294/929/1135 298/929/1138 481/924/1322
f 481/924/1322 298/929/1138 297/929/1140 482/924/1323
f 482/924/1323 297/929/1140 296/943/1142 483/924/1324
f 483/924/1324 296/943/1142 295/944/1144 484/942/1325
f 484/942/1325 295/944/1144 293/929/1146 480/924/1326
f 486/802/1327 491/801/1328 493/801/1329 490/945/1330
f 490/945/1330 493/801/1329 494/946/1331 489/947/1332
f 489/947/1332 494/946/1331 495/801/1333 488/948/1334
f 488/949/1334 495/950/1333 496/951/1335 487/952/1336
f 487/952/1336 496/951/1335 492/953/1337 485/954/1338
f 491/801/1328 497/806/1339 499/955/1340 493/801/1329
f 493/801/1329 499/955/1340 500/956/1341 494/946/1331
f 494/946/1331 500/956/1341 501/806/1342 495/801/1333
f 495/950/1333 501/957/1342 502/958/1343 496/951/1335
f 496/951/1335 502/958/1343 498/959/1344 492/953/1337
f 497/806/1339 503/810/1345 505/960/1346 499/955/1340
f 499/955/1340 505/960/1346 506/810/1347 500/956/1341
f 500/956/1341 506/810/1347 507/810/1348 501/806/1342
f 501/957/1342 507/961/1348 508/962/1349 502/958/1343
f 502/958/1343 508/962/1349 504/963/1350 498/959/1344
f 503/810/1345 509/814/1351 511/814/1352 505/960/1346
f 505/960/1346 511/814/1352 512/814/1353 506/810/1347
f 506/810/1347 512/814/1353 513/814/1354 507/810/1348
f 507/961/1348 513/964/1354 514/965/1355 508/962/1349
f 508/962/1349 514/965/1355 510/966/1356 504/963/1350
f 509/814/1351 515/818/1357 517/967/1358 511/814/1352
f 511/814/1352 517/967/1358 518/818/1359 512/814/1353
f 512/814/1353 518/818/1359 519/818/1360 513/814/1354
f 513/964/1354 519/968/1360 520/969/1361 514/965/1355
f 514/965/1355 520/969/1361 516/970/1362 510/966/1356
f 515/818/1357 521/822/1363 523/822/1364 517/967/1358
f 517/967/1358 523/822/1364 524/822/1365 518/818/1359
f 518/818/1359 524/822/1365 525/822/1366 519/818/1360
f 519/968/1360 525/971/1366 526/972/1367 520/969/1361
f 520/969/1361 526/972/1367 522/973/1368 516/970/1362
f 521/822/1363 527/826/1369 529/826/1370 523/822/1364
f 523/822/1364 529/826/1370 530/826/1371 524/822/1365
f 524/822/1365 530/826/1371 531/826/1372 525/822/1366
f 525/971/1366 531/974/1372 532/975/1373 526/972/1367
f 526/972/1367 532/975/1373 528/976/1374 522/973/1368
f 527/826/1369 533/830/1375 535/933/1376 529/826/1370
f 529/826/1370 535/933/1376 536/830/1377 530/826/1371
f 530/826/1371 536/830/1377 537/830/1378 531/826/1372
f 531/974/1372 537/977/1378 538/978/1379 532/975/1373
f 532/975/1373 538/978/1379 534/979/1380 528/976/1374
f 533/830/1375 539/834/1381 541/980/1382 535/933/1376
f 535/933/1376 541/980/1382 542/834/1383 536/830/1377
f 536/830/1377 542/834/1383 543/834/1384 537/830/1378
f 537/977/1378 543/981/1384 544/982/1385 538/978/1379
f 538/978/1379 544/982/1385 540/983/1386 534/979/1380
f 539/834/1381 545/838/1387 547/984/1388 541/980/1382
f 541/980/1382 547/984/1388 548/838/1389 542/834/1383
f 542/834/1383 548/838/1389 549/838/1390 543/834/1384
f 543/981/1384 549/985/1390 550/986/1391 544/982/1385
f 544/982/1385 550/986/1391 546/987/1392 540/983/1386
f 545/838/1387 551/842/1393 553/842/1394 547/984/1388
f 547/984/1388 553/842/1394 554/842/1395 548/838/1389
f 548/838/1389 554/842/1395 555/842/1396 549/838/1390
f 549/985/1390 555/988/1396 556/989/1397 550/986/1391
f 550/986/1391 556/989/1397 552/990/1398 546/987/1392
f 551/842/1393 557/846/1399 559/846/1400 553/842/1394
f 553/842/1394 559/846/1400 560/846/1401 554/842/1395
f 554/842/1395 560/846/1401 561/846/1402 555/842/1396
f 555/988/1396 561/991/1402 562/992/1403 556/989/1397
f 556/989/1397 562/992/1403 558/993/1404 552/990/1398
f 557/846/1399 563/850/1405 565/850/1406 559/846/1400
f 559/846/1400 565/850/1406 566/850/1407 560/846/1401
f 560/846/1401 566/850/1407 567/850/1408 561/846/1402
f 561/991/1402 567/994/1408 568/995/1409 562/992/1403
f 562/992/1403 568/995/1409 564/996/1410 558/993/1404
f 563/850/1405 569/854/1411 571/854/1412 565/850/1406
f 565/850/1406 571/854/1412 572/997/1413 566/850/1407
f 566/850/1407 572/997/1413 573/854/1414 567/850/1408
f 567/994/1408 573/998/1414 574/999/1415 568/995/1409
f 568/995/1409 574/999/1415 570/1000/1416 564/996/1410
f 569/854/1411 575/858/1417 577/858/1418 571/854/1412
f 571/854/1412 577/858/1418 578/858/1419 572/997/1413
f 572/997/1413 578/858/1419 579/858/1420 573/854/1414
f 573/998/1414 579/1001/1420 580/1002/1421 574/999/1415
f 574/999/1415 580/1002/1421 576/1003/1422 570/1000/1416
f 575/858/1417 581/862/1423 583/862/1424 577/858/1418
f 577/858/1418 583/862/1424 584/862/1425 578/858/1419
f 578/858/1419 584/862/1425 585/862/1426 579/858/1420
f 579/1001/1420 585/1004/1426 586/1005/1427 580/1002/1421
f 580/1002/1421 586/1005/1427 582/1006/1428 576/1003/1422
f 581/862/1423 587/866/1429 589/866/1430 583/862/1424
f 583/862/1424 589/866/1430 590/1007/1431 584/862/1425
f 584/862/1425 590/1007/1431 591/866/1432 585/862/1426
f 585/1004/1426 591/1008/1432 592/1009/1433 586/1005/1427
f 586/1005/1427 592/1009/1433 588/1010/1434 582/1006/1428
f 587/866/1429 593/870/1435 595/1011/1436 589/866/1430
f 589/866/1430 595/1011/1436 596/1012/1437 590/1007/1431
f 590/1007/1431 596/1012/1437 597/870/1438 591/866/1432
f 591/1008/1432 597/1013/1438 598/1014/1439 592/1009/1433
f 592/1009/1433 598/1014/1439 594/1015/1440 588/1010/1434
f 593/870/1435 599/874/1441 601/874/1442 595/1011/1436
f 595/1011/1436 601/874/1442 602/1016/1443 596/1012/1437
f 596/1012/1437 602/1016/1443 603/874/1444 597/870/1438
f 597/1013/1438 603/1017/1444 604/1018/1445 598/1014/1439
f 598/1014/1439 604/1018/1445 600/1019/1446 594/1015/1440
f 599/874/1441 605/878/1447 607/878/1448 601/874/1442
f 601/874/1442 607/878/1448 608/878/1449 602/1016/1443
f 602/1016/1443 608/878/1449 609/878/1450 603/874/1444
f 603/1017/1444 609/1020/1450 610/1021/1451 604/1018/1445
f 604/1018/1445 610/1021/1451 606/1022/1452 600/1019/1446
f 605/878/1447 611/882/1453 613/882/1454 607/878/1448
f 607/878/1448 613/882/1454 614/882/1455 608/878/1449
f 608/878/1449 614/882/1455 615/882/1456 609/878/1450
f 609/1020/1450 615/1023/1456 616/1024/1457 610/1021/1451
f 610/1021/1451 616/1024/1457 612/1025/1458 606/1022/1452
f 611/882/1453 617/886/1459 619/1026/1460 613/882/1454
f 613/882/1454 619/1026/1460 620/886/1461 614/882/1455
f 614/882/1455 620/886/1461 621/886/1462 615/882/1456
f 615/1023/1456 621/1027/1462 622/1028/1463 616/1024/1457
f 616/1024/1457 622/1028/1463 618/1029/1464 612/1025/1458
f 617/886/1459 623/890/1465 625/890/1466 619/1026/1460
f 619/1026/1460 625/890/1466 626/890/1467 620/886/1461
f 620/886/1461 626/890/1467 627/890/1468 621/886/1462
f 621/1027/1462 627/1030/1468 628/1031/1469 622/1028/1463
f 622/1028/1463 628/1031/1469 624/1032/1470 618/1029/1464
f 623/890/1465 629/894/1471 631/894/1472 625/890/1466
f 625/890/1466 631/894/1472 632/894/1473 626/890/1467
f 626/890/1467 632/894/1473 633/894/1474 627/890/1468
f 627/1030/1468 633/1033/1474 634/1034/1475 628/1031/1469
f 628/1031/1469 634/1034/1475 630/1035/1476 624/1032/1470
f 629/894/1471 635/898/1477 637/898/1478 631/894/1472
f 631/894/1472 637/898/1478 638/898/1479 632/894/1473
f 632/894/1473 638/898/1479 639/898/1480 633/894/1474
f 633/1033/1474 639/1036/1480 640/1037/1481 634/1034/1475
f 634/1034/1475 640/1037/1481 636/1038/1482 630/1035/1476
f 635/898/1477 641/902/1483 643/902/1484 637/898/1478
f 637/898/1478 643/902/1484 644/1039/1485 638/898/1479
f 638/898/1479 644/1039/1485 645/1040/1486 639/898/1480
f 639/1036/1480 645/1041/1486 646/1042/1487 640/1037/1481
f 640/1037/1481 646/1042/1487 642/1043/1488 636/1038/1482
f 641/902/1483 647/906/1489 649/906/1490 643/902/1484
f 643/902/1484 649/906/1490 650/906/1491 644/1039/1485
f 644/1039/1485 650/906/1491 651/906/1492 645/1040/1486
f 645/1041/1486 651/1044/1492 652/1045/1493 646/1042/1487
f 646/1042/1487 652/1045/1493 648/1046/1494 642/1043/1488
f 647/906/1489 653/910/1495 655/910/1496 649/906/1490
f 649/906/1490 655/910/1496 656/910/1497 650/906/1491
f 650/906/1491 656/910/1497 657/1047/1498 651/906/1492
f 651/1044/1492 657/1048/1498 658/1049/1499 652/1045/1493
f 652/1045/1493 658/1049/1499 654/1050/1500 648/1046/1494
f 653/910/1495 659/914/1501 661/914/1502 655/910/1496
f 655/910/1496 661/914/1502 662/914/1503 656/910/1497
f 656/910/1497 662/914/1503 663/940/1504 657/1047/1498
f 657/1048/1498 663/1051/1504 664/1052/1505 658/1049/1499
f 658/1049/1499 664/1052/1505 660/1053/1506 654/1050/1500
f 659/914/1501 665/919/1507 667/1054/1508 661/914/1502
f 661/914/1502 667/1054/1508 668/1055/1509 662/914/1503
f 662/914/1503 668/1055/1509 669/1056/1510 663/940/1504
f 663/1051/1504 669/1057/1510 670/1058/1511 664/1052/1505
f 664/1052/1505 670/1058/1511 666/1059/1512 660/1053/1506
f 665/919/1507 671/924/1513 673/924/1514 667/1054/1508
f 667/1054/1508 673/924/1514 674/924/1515 668/1055/1509
f 668/1055/1509 674/924/1515 675/924/1516 669/1056/1510
f 669/1057/1510 675/1060/1516 676/1061/1517 670/1058/1511
f 670/1058/1511 676/1061/1517 672/1062/1518 666/1059/1512
f 671/924/1513 486/929/1327 490/1063/1330 673/924/1514
f 673/924/1514 490/1063/1330 489/1064/1332 674/924/1515
f 674/924/1515 489/1064/1332 488/1065/1334 675/924/1516
f 675/1060/1516 488/949/1334 487/952/1336 676/1061/1517
f 676/1061/1517 487/952/1336 485/954/1338 672/1062/1518
f 101/802/954 108/801/953 299/801/1136 294/802/1135
f 102/794/943 1/1957/3546 2/1958/3547 107/795/944
f 287/920/1129 32/1959/3548 1/1960/3546 102/925/943
f 288/924/1134 101/929/954 294/929/1135 479/924/1321
f 107/795/944 2/1958/3547 3/1961/3549 113/803/955
f 108/801/953 114/806/960 305/806/1147 299/801/1136
f 113/803/955 3/1961/3549 4/1962/3550 119/807/961
f 114/806/960 120/810/966 311/810/1153 305/806/1147
f 119/807/961 4/1962/3550 5/1963/3551 125/811/967
f 120/810/966 126/814/972 317/814/1159 311/810/1153
f 125/811/967 5/1963/3551 6/1964/3552 131/815/973
f 126/814/972 132/818/978 323/818/1165 317/814/1159
f 131/815/973 6/1964/3552 7/1965/3553 137/819/979
f 132/818/978 138/822/984 329/822/1171 323/818/1165
f 137/819/979 7/1965/3553 8/1966/3554 143/823/985
f 138/822/984 144/826/990 335/826/1177 329/822/1171
f 143/823/985 8/1966/3554 9/1967/3555 149/827/991
f 144/826/990 150/830/996 341/830/1183 335/826/1177
f 149/827/991 9/1967/3555 10/1968/3556 155/831/997
f 150/830/996 156/834/1002 347/834/1189 341/830/1183
f 155/831/997 10/1968/3556 11/1969/3557 161/835/1003
f 156/834/1002 162/838/1008 353/838/1195 347/834/1189
f 161/835/1003 11/1969/3557 12/1970/3558 167/839/1009
f 162/838/1008 168/842/1014 359/842/1201 353/838/1195
f 167/839/1009 12/1970/3558 13/1971/3559 173/843/1015
f 168/842/1014 174/846/1020 365/846/1207 359/842/1201
f 173/843/1015 13/1971/3559 14/1972/3560 179/847/1021
f 174/846/1020 180/850/1026 371/850/1213 365/846/1207
f 179/847/1021 14/1972/3560 15/1973/3561 185/851/1027
f 180/850/1026 186/854/1032 377/854/1219 371/850/1213
f 185/851/1027 15/1973/3561 16/1974/3562 191/855/1033
f 186/854/1032 192/858/1038 383/858/1225 377/854/1219
f 191/855/1033 16/1974/3562 17/1975/3563 197/859/1039
f 192/858/1038 198/862/1044 389/862/1231 383/858/1225
f 197/859/1039 17/1975/3563 18/1976/3564 203/863/1045
f 198/862/1044 204/866/1050 395/866/1237 389/862/1231
f 203/863/1045 18/1976/3564 19/1977/3565 209/867/1051
f 204/866/1050 210/870/1056 401/870/1243 395/866/1237
f 209/867/1051 19/1977/3565 20/1978/3566 215/871/1057
f 210/870/1056 216/874/1062 407/874/1249 401/870/1243
f 215/871/1057 20/1978/3566 21/1979/3567 221/875/1063
f 216/874/1062 222/878/1068 413/878/1255 407/874/1249
f 221/875/1063 21/1979/3567 22/1980/3568 227/879/1069
f 222/878/1068 228/882/1074 419/882/1261 413/878/1255
f 227/879/1069 22/1980/3568 23/1981/3569 233/883/1075
f 228/882/1074 234/886/1080 425/886/1267 419/882/1261
f 233/883/1075 23/1981/3569 24/1982/3570 239/887/1081
f 234/886/1080 240/890/1086 431/890/1273 425/886/1267
f 239/887/1081 24/1982/3570 25/1983/3571 245/891/1087
f 240/890/1086 246/894/1092 437/894/1279 431/890/1273
f 245/891/1087 25/1983/3571 26/1984/3572 251/895/1093
f 246/894/1092 252/898/1098 443/898/1285 437/894/1279
f 251/895/1093 26/1984/3572 27/1985/3573 257/899/1099
f 252/898/1098 258/902/1104 449/902/1291 443/898/1285
f 257/899/1099 27/1985/3573 28/1986/3574 263/903/1105
f 258/902/1104 264/906/1110 455/906/1297 449/902/1291
f 263/903/1105 28/1986/3574 29/1987/3575 269/907/1111
f 264/906/1110 270/910/1116 461/910/1303 455/906/1297
f 269/907/1111 29/1987/3575 30/1988/3576 275/911/1117
f 270/910/1116 276/914/1122 467/914/1309 461/910/1303
f 275/911/1117 30/1988/3576 31/1989/3577 281/915/1123
f 276/914/1122 282/919/1128 473/919/1315 467/914/1309
f 281/915/1123 31/1989/3577 32/1959/3548 287/920/1129
f 282/919/1128 288/924/1134 479/924/1321 473/919/1315
f 293/802/1146 300/801/1145 491/801/1328 486/802/1327
f 480/924/1326 293/929/1146 486/929/1327 671/924/1513
f 300/801/1145 306/806/1152 497/806/1339 491/801/1328
f 306/806/1152 312/810/1158 503/810/1345 497/806/1339
f 312/810/1158 318/814/1164 509/814/1351 503/810/1345
f 318/814/1164 324/818/1170 515/818/1357 509/814/1351
f 324/818/1170 330/822/1176 521/822/1363 515/818/1357
f 330/822/1176 336/826/1182 527/826/1369 521/822/1363
f 336/826/1182 342/830/1188 533/830/1375 527/826/1369
f 342/830/1188 348/834/1194 539/834/1381 533/830/1375
f 348/834/1194 354/838/1200 545/838/1387 539/834/1381
f 354/838/1200 360/842/1206 551/842/1393 545/838/1387
f 360/842/1206 366/846/1212 557/846/1399 551/842/1393
f 366/846/1212 372/850/1218 563/850/1405 557/846/1399
f 372/850/1218 378/854/1224 569/854/1411 563/850/1405
f 378/854/1224 384/858/1230 575/858/1417 569/854/1411
f 384/858/1230 390/862/1236 581/862/1423 575/858/1417
f 390/862/1236 396/866/1242 587/866/1429 581/862/1423
f 396/866/1242 402/870/1248 593/870/1435 587/866/1429
f 402/870/1248 408/874/1254 599/874/1441 593/870/1435
f 408/874/1254 414/878/1260 605/878/1447 599/874/1441
f 414/878/1260 420/882/1266 611/882/1453 605/878/1447
f 420/882/1266 426/886/1272 617/886/1459 611/882/1453
f 426/886/1272 432/890/1278 623/890/1465 617/886/1459
f 432/890/1278 438/894/1284 629/894/1471 623/890/1465
f 438/894/1284 444/898/1290 635/898/1477 629/894/1471
f 444/898/1290 450/902/1296 641/902/1483 635/898/1477
f 450/902/1296 456/906/1302 647/906/1489 641/902/1483
f 456/906/1302 462/910/1308 653/910/1495 647/906/1489
f 462/910/1308 468/914/1314 659/914/1501 653/910/1495
f 468/914/1314 474/919/1320 665/919/1507 659/914/1501
f 474/919/1320 480/924/1326 671/924/1513 665/919/1507
f 485/954/1338 492/953/1337 498/959/1344 504/963/1350 510/966/1356 516/970/1362 522/973/1368 528/976/1374 534/979/1380 540/983/1386 546/987/1392 552/990/1398 558/993/1404 564/996/1410 570/1000/1416 576/1003/1422 582/1006/1428 588/1010/1434 594/1015/1440 600/1019/1446 606/1022/1452 612/1025/1458 618/1029/1464 624/1032/1470 630/1035/1476 636/1038/1482 642/1043/1488 648/1046/1494 654/1050/1500 660/1053/1506 666/1059/1512 672/1062/1518
usemtl 材质
f 33/1/1 34/2/1 61/3/1 60/4/1 59/5/1 58/6/1 57/7/1 56/8/1 55/9/1 54/10/1 53/11/1 52/12/1 51/13/1 50/14/1 49/15/1 99/16/1 98/17/1 97/18/1 95/19/1 96/20/1 46/21/1 45/22/1 44/23/1 43/24/1 42/25/1 41/26/1 40/27/1 39/28/1 38/29/1 37/30/1 36/31/1 35/32/1
f 34/2/1 33/1/1 64/33/1 65/34/1
f 33/1/1 35/32/1 66/35/1 64/33/1
f 35/32/1 36/31/1 67/36/1 66/35/1
f 36/31/1 37/30/1 68/37/1 67/36/1
f 37/30/1 38/29/1 69/38/1 68/37/1
f 38/29/1 39/28/1 70/39/1 69/38/1
f 39/28/1 40/27/1 71/40/1 70/39/1
f 40/27/1 41/26/1 72/41/1 71/40/1
f 41/26/1 42/25/1 73/42/1 72/41/1
f 42/25/1 43/24/1 74/43/1 73/42/1
f 43/24/1 44/23/1 75/44/1 74/43/1
f 44/23/1 45/22/1 76/45/1 75/44/1
f 45/22/1 46/21/1 77/46/1 76/45/1
f 46/21/1 96/20/1 93/47/1 77/46/1
f 99/16/1 49/15/1 80/48/1 79/49/1
f 49/15/1 50/14/1 81/50/1 80/48/1
f 50/14/1 51/13/1 82/51/1 81/50/1
f 51/13/1 52/12/1 83/52/1 82/51/1
f 52/12/1 53/11/1 84/53/1 83/52/1
f 53/11/1 54/10/1 85/54/1 84/53/1
f 54/10/1 55/9/1 86/55/1 85/54/1
f 55/9/1 56/8/1 87/56/1 86/55/1
f 56/8/1 57/7/1 88/57/1 87/56/1
f 57/7/1 58/6/1 89/58/1 88/57/1
f 58/6/1 59/5/1 90/59/1 89/58/1
f 59/5/1 60/4/1 91/60/1 90/59/1
f 60/4/1 61/3/1 92/61/1 91/60/1
f 61/3/1 34/2/1 65/34/1 92/61/1
f 47/62/1 78/63/1 93/47/1 96/20/1
f 94/64/1 48/65/1 99/16/1 79/49/1
f 869/66/1 872/67/1 875/67/1 874/67/1
f 872/67/2 873/67/2 876/67/3 875/67/2
f 873/67/4 885/68/4 886/68/5 876/67/4
f 874/67/6 875/67/6 878/69/6 877/67/6
f 875/67/2 876/67/3 879/67/7 878/69/8
f 876/67/4 886/68/5 887/70/9 879/67/10
f 870/67/1 880/67/1 883/71/1 882/71/1
f 880/67/11 881/67/11 884/72/11 883/71/12
f 881/67/13 893/67/13 894/73/13 884/72/13
f 882/71/1 883/71/1 886/68/1 885/68/1
f 883/71/12 884/72/11 887/70/9 886/68/5
f 884/72/14 894/73/14 895/73/14 887/70/14
f 871/67/1 888/73/1 891/73/1 890/67/1
f 888/73/1 889/73/1 892/73/1 891/73/1
f 889/73/15 877/67/15 878/69/8 892/73/16
f 890/67/1 891/73/1 894/73/1 893/67/1
f 891/73/17 892/73/16 895/73/17 894/73/17
f 892/73/16 878/69/8 879/67/7 895/73/17
f 879/67/18 887/70/18 895/73/18
f 896/74/1 899/74/1 902/75/1 901/75/1
f 899/74/1 900/74/1 903/75/1 902/75/1
f 900/74/19 912/74/19 913/73/20 903/75/21
f 901/75/1 902/75/1 905/76/1 904/76/1
f 902/75/1 903/75/1 906/76/1 905/76/1
f 903/75/21 913/73/20 914/73/22 906/76/22
f 897/74/23 907/73/24 910/73/23 909/74/23
f 907/73/24 908/77/24 911/73/24 910/73/23
f 908/77/25 920/74/26 921/74/27 911/73/28
f 909/74/1 910/73/1 913/73/1 912/74/1
f 910/73/1 911/73/1 914/73/1 913/73/1
f 911/73/28 921/74/27 922/74/29 914/73/29
f 898/78/30 915/74/30 918/74/31 917/74/30
f 915/74/30 916/79/32 919/74/33 918/74/31
f 916/79/32 904/76/33 905/76/34 919/74/33
f 917/74/35 918/74/35 921/74/27 920/74/26
f 918/74/35 919/74/36 922/74/29 921/74/27
f 919/74/33 905/76/34 906/76/37 922/74/37
f 906/76/38 914/73/38 922/74/38
f 923/80/39 926/80/40 929/80/1 928/80/41
f 926/80/42 927/80/42 930/80/43 929/80/44
f 927/80/45 939/81/45 940/81/46 930/80/47
f 928/80/48 929/80/48 932/82/48 931/80/48
f 929/80/44 930/80/43 933/83/43 932/82/43
f 930/80/47 940/81/46 941/84/49 933/83/49
f 924/80/1 934/80/1 937/85/1 936/85/1
f 934/80/50 935/80/50 938/86/50 937/85/50
f 935/80/51 947/80/51 948/73/51 938/86/51
f 936/85/1 937/85/1 940/81/1 939/81/1
f 937/85/52 938/86/52 941/84/52 940/81/52
f 938/86/53 948/73/53 949/73/53 941/84/53
f 925/80/1 942/73/1 945/73/1 944/80/1
f 942/73/1 943/73/1 946/73/1 945/73/1
f 943/73/54 931/80/54 932/82/54 946/73/54
f 944/80/1 945/73/1 948/73/1 947/80/1
f 945/73/1 946/73/1 949/73/1 948/73/1
f 946/73/17 932/82/17 933/83/17 949/73/17
f 933/83/55 941/84/55 949/73/55
f 950/87/18 953/87/18 956/87/18 955/87/18
f 953/87/18 954/87/18 957/88/56 956/87/57
f 954/87/58 966/89/58 967/89/59 957/88/58
f 955/87/60 956/87/61 959/87/61 958/90/62
f 956/87/57 957/88/56 960/90/56 959/87/56
f 957/88/58 967/89/59 968/89/63 960/90/63
f 951/87/1 961/87/1 964/91/1 963/91/1
f 961/87/1 962/87/1 965/91/1 964/91/1
f 962/87/18 974/87/18 975/73/18 965/91/18
f 963/91/1 964/91/1 967/89/1 966/89/1
f 964/91/1 965/91/1 968/89/1 967/89/1
f 965/91/64 975/73/64 976/73/64 968/89/64
f 952/87/1 969/73/1 972/73/1 971/87/1
f 969/73/1 970/73/1 973/73/1 972/73/1
f 970/73/65 958/90/65 959/87/66 973/73/67
f 971/87/1 972/73/1 975/73/1 974/87/1
f 972/73/1 973/73/1 976/73/1 975/73/1
f 973/73/67 959/87/66 960/90/68 976/73/68
f 960/90/69 968/89/69 976/73/69
f 977/92/1 980/93/1 983/93/1 982/93/1
f 980/93/43 981/93/43 984/93/70 983/93/71
f 981/93/43 993/94/72 994/94/72 984/93/70
f 982/93/1 983/93/1 986/92/73 985/93/1
f 983/93/71 984/93/70 987/95/74 986/92/74
f 984/93/75 994/94/75 995/96/75 987/95/75
f 978/93/1 988/93/1 991/97/1 990/97/1
f 988/93/76 989/93/76 992/98/76 991/97/76
f 989/93/77 1001/93/77 1002/73/77 992/98/77
f 990/97/1 991/97/1 994/94/1 993/94/1
f 991/97/78 992/98/78 995/96/78 994/94/78
f 992/98/79 1002/73/79 1003/73/79 995/96/79
f 979/93/1 996/73/1 999/73/1 998/93/1
f 996/73/1 997/73/1 1000/73/1 999/73/1
f 997/73/73 985/93/1 986/92/73 1000/73/80
f 998/93/1 999/73/1 1002/73/1 1001/93/1
f 999/73/1 1000/73/1 1003/73/1 1002/73/1
f 1000/73/80 986/92/73 987/95/51 1003/73/51
f 987/95/81 995/96/81 1003/73/81
f 1004/99/82 1007/99/82 1010/100/82 1009/99/82
f 1007/99/56 1008/101/56 1011/99/83 1010/100/56
f 1008/101/84 1020/102/84 1021/102/85 1011/99/84
f 1009/99/86 1010/100/86 1013/103/86 1012/99/86
f 1010/100/56 1011/99/83 1014/100/83 1013/103/83
f 1011/99/84 1021/102/85 1022/102/87 1014/100/87
f 1005/99/1 1015/99/1 1018/104/1 1017/104/1
f 1015/99/1 1016/99/1 1019/104/1 1018/104/1
f 1016/99/82 1028/99/82 1029/73/82 1019/104/82
f 1017/104/1 1018/104/1 1021/102/1 1020/102/1
f 1018/104/1 1019/104/1 1022/102/1 1021/102/1
f 1019/104/88 1029/73/88 1030/73/88 1022/102/88
f 1006/99/1 1023/73/1 1026/73/1 1025/99/1
f 1023/73/1 1024/73/1 1027/73/1 1026/73/1
f 1024/73/89 1012/99/89 1013/103/89 1027/73/90
f 1025/99/1 1026/73/1 1029/73/1 1028/99/1
f 1026/73/1 1027/73/1 1030/73/1 1029/73/1
f 1027/73/90 1013/103/89 1014/100/91 1030/73/91
f 1014/100/92 1022/102/92 1030/73/92
f 1031/105/18 1034/105/18 1037/106/18 1036/106/18
f 1034/105/93 1035/106/93 1038/107/94 1037/106/93
f 1035/106/93 1047/108/94 1048/108/94 1038/107/94
f 1036/106/95 1037/106/95 1040/106/95 1039/106/95
f 1037/106/96 1038/107/96 1041/106/96 1040/106/96
f 1038/107/97 1048/108/97 1049/109/97 1041/106/97
f 1032/106/1 1042/106/1 1045/110/1 1044/110/1
f 1042/106/98 1043/106/99 1046/111/99 1045/110/100
f 1043/106/99 1055/106/101 1056/73/101 1046/111/99
f 1044/110/1 1045/110/1 1048/108/1 1047/108/1
f 1045/110/100 1046/111/99 1049/109/100 1048/108/100
f 1046/111/102 1056/73/102 1057/73/102 1049/109/102
f 1033/106/1 1050/73/1 1053/73/1 1052/106/1
f 1050/73/1 1051/73/1 1054/73/1 1053/73/1
f 1051/73/103 1039/106/104 1040/106/105 1054/73/105
f 1052/106/1 1053/73/1 1056/73/1 1055/106/1
f 1053/73/1 1054/73/1 1057/73/1 1056/73/1
f 1054/73/106 1040/106/106 1041/106/7 1057/73/106
f 1041/106/7 1049/109/1 1057/73/106
f 1058/112/1 1061/113/1 1064/113/1 1063/113/1
f 1061/113/107 1062/113/107 1065/113/43 1064/113/107
f 1062/113/108 1074/114/108 1075/114/108 1065/113/108
f 1063/113/109 1064/113/109 1067/113/110 1066/113/109
f 1064/113/107 1065/113/43 1068/112/43 1067/113/43
f 1065/113/111 1075/114/111 1076/115/111 1068/112/111
f 1059/113/1 1069/113/1 1072/116/1 1071/116/1
f 1069/113/112 1070/113/112 1073/117/112 1072/116/113
f 1070/113/114 1082/113/114 1083/73/115 1073/117/114
f 1071/116/1 1072/116/1 1075/114/1 1074/114/1
f 1072/116/113 1073/117/112 1076/115/113 1075/114/113
f 1073/117/114 1083/73/115 1084/73/115 1076/115/115
f 1060/113/1 1077/73/1 1080/73/1 1079/113/1
f 1077/73/1 1078/73/1 1081/73/1 1080/73/1
f 1078/73/110 1066/113/109 1067/113/110 1081/73/116
f 1079/113/1 1080/73/1 1083/73/1 1082/113/1
f 1080/73/1 1081/73/1 1084/73/1 1083/73/1
f 1081/73/116 1067/113/110 1068/112/117 1084/73/117
f 1068/112/118 1076/115/118 1084/73/118
f 1085/118/119 1088/119/119 1091/118/120 1090/119/119
f 1088/119/119 1089/120/121 1092/121/122 1091/118/120
f 1089/120/121 1101/122/122 1102/122/123 1092/121/122
f 1090/119/124 1091/118/124 1094/120/125 1093/120/126
f 1091/118/124 1092/121/127 1095/123/128 1094/120/125
f 1092/121/122 1102/122/123 1103/122/129 1095/123/129
f 1086/120/1 1096/120/1 1099/124/1 1098/124/1
f 1096/120/1 1097/120/1 1100/124/1 1099/124/1
f 1097/120/130 1109/120/130 1110/73/131 1100/124/132
f 1098/124/1 1099/124/1 1102/122/1 1101/122/1
f 1099/124/1 1100/124/1 1103/122/1 1102/122/1
f 1100/124/132 1110/73/131 1111/73/133 1103/122/133
f 1087/120/134 1104/73/135 1107/73/134 1106/120/134
f 1104/73/135 1105/73/135 1108/73/135 1107/73/134
f 1105/73/136 1093/120/126 1094/120/125 1108/73/137
f 1106/120/1 1107/73/1 1110/73/1 1109/120/1
f 1107/73/1 1108/73/1 1111/73/1 1110/73/1
f 1108/73/137 1094/120/125 1095/123/128 1111/73/128
f 1095/123/138 1103/122/138 1111/73/138
f 1112/125/139 1115/125/139 1118/125/139 1117/125/139
f 1115/125/140 1116/126/140 1119/125/82 1118/125/141
f 1116/126/142 1128/127/142 1129/127/143 1119/125/144
f 1117/125/145 1118/125/146 1121/125/146 1120/125/147
f 1118/125/141 1119/125/82 1122/125/82 1121/125/82
f 1119/125/144 1129/127/143 1130/128/148 1122/125/148
f 1113/125/1 1123/125/1 1126/129/1 1125/129/1
f 1123/125/149 1124/125/149 1127/130/149 1126/129/149
f 1124/125/150 1136/125/150 1137/73/151 1127/130/150
f 1125/129/1 1126/129/1 1129/127/1 1128/127/1
f 1126/129/152 1127/130/152 1130/128/152 1129/127/152
f 1127/130/150 1137/73/151 1138/73/151 1130/128/151
f 1114/125/1 1131/73/1 1134/73/1 1133/125/1
f 1131/73/1 1132/73/1 1135/73/1 1134/73/1
f 1132/73/153 1120/125/153 1121/125/153 1135/73/154
f 1133/125/1 1134/73/1 1137/73/1 1136/125/1
f 1134/73/1 1135/73/1 1138/73/1 1137/73/1
f 1135/73/154 1121/125/153 1122/125/155 1138/73/155
f 1122/125/156 1130/128/156 1138/73/156
f 1139/131/1 1142/132/1 1145/132/1 1144/132/1
f 1142/132/157 1143/132/157 1146/132/51 1145/132/157
f 1143/132/158 1155/133/158 1156/133/158 1146/132/158
f 1144/132/94 1145/132/94 1148/134/94 1147/132/94
f 1145/132/157 1146/132/51 1149/135/51 1148/134/51
f 1146/132/159 1156/133/159 1157/136/159 1149/135/159
f 1140/132/1 1150/132/1 1153/137/1 1152/137/1
f 1150/132/160 1151/132/160 1154/138/160 1153/137/160
f 1151/132/161 1163/132/161 1164/73/161 1154/138/161
f 1152/137/1 1153/137/1 1156/133/1 1155/133/1
f 1153/137/162 1154/138/162 1157/136/162 1156/133/162
f 1154/138/163 1164/73/163 1165/73/163 1157/136/163
f 1141/132/1 1158/73/1 1161/73/1 1160/132/1
f 1158/73/1 1159/73/1 1162/73/1 1161/73/1
f 1159/73/164 1147/132/164 1148/134/164 1162/73/164
f 1160/132/1 1161/73/1 1164/73/1 1163/132/1
f 1161/73/1 1162/73/1 1165/73/1 1164/73/1
f 1162/73/50 1148/134/50 1149/135/7 1165/73/165
f 1149/135/7 1157/136/166 1165/73/165
f 1166/139/1 1169/139/1 1172/140/1 1171/139/1
f 1169/139/167 1170/140/167 1173/139/168 1172/140/167
f 1170/140/169 1182/141/169 1183/141/170 1173/139/169
f 1171/139/171 1172/140/172 1175/139/172 1174/142/173
f 1172/140/167 1173/139/168 1176/140/168 1175/139/168
f 1173/139/169 1183/141/170 1184/141/174 1176/140/174
f 1167/139/1 1177/139/1 1180/143/1 1179/143/1
f 1177/139/1 1178/139/1 1181/143/1 1180/143/1
f 1178/139/1 1190/139/1 1191/73/1 1181/143/1
f 1179/143/1 1180/143/1 1183/141/1 1182/141/1
f 1180/143/1 1181/143/1 1184/141/1 1183/141/1
f 1181/143/175 1191/73/175 1192/73/175 1184/141/175
f 1168/139/1 1185/73/1 1188/73/1 1187/139/1
f 1185/73/1 1186/73/1 1189/73/1 1188/73/1
f 1186/73/176 1174/142/176 1175/139/176 1189/73/177
f 1187/139/1 1188/73/1 1191/73/1 1190/139/1
f 1188/73/1 1189/73/1 1192/73/1 1191/73/1
f 1189/73/177 1175/139/176 1176/140/178 1192/73/178
f 1176/140/179 1184/141/179 1192/73/179
f 1193/144/1 1196/144/1 1199/144/1 1198/144/1
f 1196/144/18 1197/144/18 1200/144/180 1199/144/181
f 1197/144/18 1209/145/182 1210/145/182 1200/144/180
f 1198/144/1 1199/144/1 1202/144/183 1201/144/1
f 1199/144/181 1200/144/180 1203/146/184 1202/144/184
f 1200/144/185 1210/145/185 1211/147/185 1203/146/185
f 1194/144/1 1204/144/1 1207/148/1 1206/148/1
f 1204/144/186 1205/144/186 1208/149/186 1207/148/186
f 1205/144/187 1217/144/187 1218/73/187 1208/149/187
f 1206/148/1 1207/148/1 1210/145/1 1209/145/1
f 1207/148/188 1208/149/188 1211/147/188 1210/145/188
f 1208/149/189 1218/73/189 1219/73/189 1211/147/189
f 1195/144/1 1212/73/1 1215/73/1 1214/144/1
f 1212/73/1 1213/73/1 1216/73/1 1215/73/1
f 1213/73/183 1201/144/1 1202/144/183 1216/73/190
f 1214/144/1 1215/73/1 1218/73/1 1217/144/1
f 1215/73/1 1216/73/1 1219/73/1 1218/73/1
f 1216/73/190 1202/144/183 1203/146/51 1219/73/51
f 1203/146/191 1211/147/191 1219/73/191
f 1220/150/43 1223/151/43 1226/151/43 1225/152/43
f 1223/151/43 1224/150/43 1227/153/167 1226/151/192
f 1224/150/193 1236/154/193 1237/154/194 1227/153/193
f 1225/152/139 1226/151/139 1229/150/139 1228/155/139
f 1226/151/192 1227/153/167 1230/156/167 1229/150/167
f 1227/153/193 1237/154/194 1238/154/55 1230/156/55
f 1221/150/1 1231/150/1 1234/157/1 1233/157/1
f 1231/150/1 1232/150/1 1235/157/1 1234/157/1
f 1232/150/43 1244/150/43 1245/73/43 1235/157/43
f 1233/157/1 1234/157/1 1237/154/1 1236/154/1
f 1234/157/1 1235/157/1 1238/154/1 1237/154/1
f 1235/157/195 1245/73/195 1246/73/195 1238/154/195
f 1222/150/1 1239/73/1 1242/73/1 1241/150/1
f 1239/73/1 1240/73/1 1243/73/1 1242/73/1
f 1240/73/10 1228/155/10 1229/150/196 1243/73/197
f 1241/150/1 1242/73/1 1245/73/1 1244/150/1
f 1242/73/1 1243/73/1 1246/73/1 1245/73/1
f 1243/73/197 1229/150/196 1230/156/198 1246/73/198
f 1230/156/199 1238/154/199 1246/73/199
f 1247/158/82 1250/158/82 1253/158/82 1252/158/82
f 1250/158/200 1251/158/200 1254/158/18 1253/158/201
f 1251/158/202 1263/159/202 1264/159/203 1254/158/204
f 1252/158/205 1253/158/205 1256/158/205 1255/158/205
f 1253/158/201 1254/158/18 1257/158/18 1256/158/18
f 1254/158/204 1264/159/203 1265/160/206 1257/158/206
f 1248/158/1 1258/158/1 1261/161/1 1260/161/1
f 1258/158/50 1259/158/50 1262/162/50 1261/161/50
f 1259/158/51 1271/158/51 1272/73/51 1262/162/51
f 1260/161/1 1261/161/1 1264/159/1 1263/159/1
f 1261/161/207 1262/162/207 1265/160/207 1264/159/207
f 1262/162/208 1272/73/208 1273/73/208 1265/160/208
f 1249/158/1 1266/73/1 1269/73/1 1268/158/1
f 1266/73/1 1267/73/1 1270/73/1 1269/73/1
f 1267/73/209 1255/158/209 1256/158/209 1270/73/209
f 1268/158/1 1269/73/1 1272/73/1 1271/158/1
f 1269/73/1 1270/73/1 1273/73/1 1272/73/1
f 1270/73/210 1256/158/210 1257/158/210 1273/73/210
f 1257/158/63 1265/160/63 1273/73/63
f 1274/163/1 1277/164/1 1280/163/1 1279/164/1
f 1277/164/211 1278/165/211 1281/164/212 1280/163/211
f 1278/165/213 1290/166/213 1291/166/214 1281/164/213
f 1279/164/215 1280/163/215 1283/164/215 1282/164/215
f 1280/163/211 1281/164/212 1284/164/7 1283/164/216
f 1281/164/213 1291/166/214 1292/167/217 1284/164/65
f 1275/164/1 1285/164/1 1288/168/1 1287/168/1
f 1285/164/218 1286/164/218 1289/169/218 1288/168/219
f 1286/164/220 1298/164/220 1299/73/220 1289/169/220
f 1287/168/1 1288/168/1 1291/166/1 1290/166/1
f 1288/168/219 1289/169/218 1292/167/217 1291/166/214
f 1289/169/221 1299/73/221 1300/73/221 1292/167/221
f 1276/164/1 1293/73/1 1296/73/1 1295/164/1
f 1293/73/1 1294/73/1 1297/73/1 1296/73/1
f 1294/73/222 1282/164/222 1283/164/216 1297/73/223
f 1295/164/1 1296/73/1 1299/73/1 1298/164/1
f 1296/73/210 1297/73/223 1300/73/210 1299/73/210
f 1297/73/223 1283/164/216 1284/164/7 1300/73/210
f 1284/164/43 1292/167/43 1300/73/43
f 1301/170/224 1304/171/224 1307/170/225 1306/172/224
f 1304/171/224 1305/171/225 1308/170/226 1307/170/225
f 1305/171/225 1317/173/226 1318/173/227 1308/170/226
f 1306/172/228 1307/170/228 1310/170/229 1309/170/230
f 1307/170/228 1308/170/231 1311/170/232 1310/170/229
f 1308/170/226 1318/173/227 1319/173/233 1311/170/233
f 1302/170/1 1312/170/1 1315/174/1 1314/174/1
f 1312/170/1 1313/170/1 1316/174/1 1315/174/1
f 1313/170/234 1325/170/234 1326/73/235 1316/174/236
f 1314/174/1 1315/174/1 1318/173/1 1317/173/1
f 1315/174/1 1316/174/1 1319/173/1 1318/173/1
f 1316/174/236 1326/73/235 1327/73/237 1319/173/237
f 1303/170/238 1320/73/239 1323/73/238 1322/170/238
f 1320/73/239 1321/73/239 1324/73/239 1323/73/238
f 1321/73/240 1309/170/230 1310/170/229 1324/73/241
f 1322/170/1 1323/73/1 1326/73/1 1325/170/1
f 1323/73/1 1324/73/1 1327/73/1 1326/73/1
f 1324/73/241 1310/170/229 1311/170/232 1327/73/232
f 1311/170/242 1319/173/242 1327/73/242
f 1328/175/1 1331/176/1 1334/175/1 1333/176/1
f 1331/176/243 1332/176/243 1335/176/244 1334/175/243
f 1332/176/245 1344/177/245 1345/177/246 1335/176/245
f 1333/176/247 1334/175/247 1337/176/247 1336/178/247
f 1334/175/243 1335/176/244 1338/178/7 1337/176/248
f 1335/176/245 1345/177/246 1346/179/249 1338/178/250
f 1329/176/1 1339/176/1 1342/180/1 1341/180/1
f 1339/176/251 1340/176/251 1343/181/251 1342/180/252
f 1340/176/253 1352/176/253 1353/73/253 1343/181/253
f 1341/180/1 1342/180/1 1345/177/1 1344/177/1
f 1342/180/252 1343/181/251 1346/179/249 1345/177/246
f 1343/181/254 1353/73/254 1354/73/254 1346/179/254
f 1330/176/1 1347/73/1 1350/73/1 1349/176/1
f 1347/73/1 1348/73/1 1351/73/1 1350/73/1
f 1348/73/255 1336/178/255 1337/176/248 1351/73/256
f 1349/176/1 1350/73/1 1353/73/1 1352/176/1
f 1350/73/257 1351/73/256 1354/73/257 1353/73/257
f 1351/73/256 1337/176/248 1338/178/7 1354/73/257
f 1338/178/43 1346/179/43 1354/73/43
f 1355/182/258 1358/182/259 1361/182/1 1360/182/260
f 1358/182/74 1359/183/74 1362/184/18 1361/182/261
f 1359/183/262 1371/185/262 1372/185/263 1362/184/264
f 1360/182/265 1361/182/265 1364/186/265 1363/182/265
f 1361/182/261 1362/184/18 1365/182/18 1364/186/18
f 1362/184/264 1372/185/263 1373/187/87 1365/182/87
f 1356/182/1 1366/182/1 1369/188/1 1368/188/1
f 1366/182/51 1367/182/51 1370/189/51 1369/188/51
f 1367/182/50 1379/182/50 1380/73/50 1370/189/50
f 1368/188/1 1369/188/1 1372/185/1 1371/185/1
f 1369/188/266 1370/189/266 1373/187/266 1372/185/266
f 1370/189/267 1380/73/267 1381/73/267 1373/187/267
f 1357/182/1 1374/73/1 1377/73/1 1376/182/1
f 1374/73/1 1375/73/1 1378/73/1 1377/73/1
f 1375/73/268 1363/182/268 1364/186/268 1378/73/268
f 1376/182/1 1377/73/1 1380/73/1 1379/182/1
f 1377/73/1 1378/73/1 1381/73/1 1380/73/1
f 1378/73/257 1364/186/257 1365/182/257 1381/73/257
f 1365/182/96 1373/187/96 1381/73/96
f 1382/190/43 1385/191/43 1388/191/43 1387/191/43
f 1385/191/43 1386/191/43 1389/191/269 1388/191/270
f 1386/191/271 1398/192/271 1399/192/272 1389/191/271
f 1387/191/273 1388/191/274 1391/191/274 1390/193/275
f 1388/191/270 1389/191/269 1392/191/269 1391/191/269
f 1389/191/271 1399/192/272 1400/192/276 1392/191/276
f 1383/191/1 1393/191/1 1396/194/1 1395/194/1
f 1393/191/1 1394/191/1 1397/194/1 1396/194/1
f 1394/191/43 1406/191/43 1407/73/43 1397/194/43
f 1395/194/1 1396/194/1 1399/192/1 1398/192/1
f 1396/194/1 1397/194/1 1400/192/1 1399/192/1
f 1397/194/277 1407/73/277 1408/73/277 1400/192/277
f 1384/191/1 1401/73/1 1404/73/1 1403/191/1
f 1401/73/1 1402/73/1 1405/73/1 1404/73/1
f 1402/73/278 1390/193/278 1391/191/279 1405/73/280
f 1403/191/1 1404/73/1 1407/73/1 1406/191/1
f 1404/73/1 1405/73/1 1408/73/1 1407/73/1
f 1405/73/280 1391/191/279 1392/191/281 1408/73/281
f 1392/191/282 1400/192/282 1408/73/282
f 1409/195/1 1412/196/1 1415/196/1 1414/196/1
f 1412/196/18 1413/196/18 1416/196/283 1415/196/284
f 1413/196/18 1425/197/98 1426/197/98 1416/196/283
f 1414/196/1 1415/196/1 1418/196/285 1417/196/1
f 1415/196/284 1416/196/283 1419/195/42 1418/196/42
f 1416/196/81 1426/197/81 1427/198/81 1419/195/81
f 1410/196/1 1420/196/1 1423/199/1 1422/199/1
f 1420/196/286 1421/196/286 1424/200/286 1423/199/286
f 1421/196/287 1433/196/287 1434/73/287 1424/200/287
f 1422/199/1 1423/199/1 1426/197/1 1425/197/1
f 1423/199/79 1424/200/79 1427/198/79 1426/197/79
f 1424/200/78 1434/73/78 1435/73/78 1427/198/78
f 1411/196/1 1428/73/1 1431/73/1 1430/196/1
f 1428/73/1 1429/73/1 1432/73/1 1431/73/1
f 1429/73/285 1417/196/1 1418/196/285 1432/73/288
f 1430/196/1 1431/73/1 1434/73/1 1433/196/1
f 1431/73/1 1432/73/1 1435/73/1 1434/73/1
f 1432/73/288 1418/196/285 1419/195/50 1435/73/50
f 1419/195/75 1427/198/75 1435/73/75
f 1436/201/82 1439/201/82 1442/201/82 1441/201/82
f 1439/201/269 1440/202/269 1443/201/289 1442/201/269
f 1440/202/290 1452/203/290 1453/203/291 1443/201/290
f 1441/201/292 1442/201/292 1445/201/292 1444/201/292
f 1442/201/269 1443/201/289 1446/204/289 1445/201/289
f 1443/201/290 1453/203/291 1454/203/49 1446/204/49
f 1437/201/1 1447/201/1 1450/205/1 1449/205/1
f 1447/201/1 1448/201/1 1451/205/1 1450/205/1
f 1448/201/82 1460/201/82 1461/73/82 1451/205/82
f 1449/205/1 1450/205/1 1453/203/1 1452/203/1
f 1450/205/1 1451/205/1 1454/203/1 1453/203/1
f 1451/205/293 1461/73/293 1462/73/293 1454/203/293
f 1438/201/1 1455/73/1 1458/73/1 1457/201/1
f 1455/73/1 1456/73/1 1459/73/1 1458/73/1
f 1456/73/294 1444/201/294 1445/201/294 1459/73/295
f 1457/201/1 1458/73/1 1461/73/1 1460/201/1
f 1458/73/1 1459/73/1 1462/73/1 1461/73/1
f 1459/73/295 1445/201/294 1446/204/296 1462/73/296
f 1446/204/297 1454/203/297 1462/73/297
f 1463/206/1 1466/206/1 1469/207/1 1468/207/1
f 1466/206/89 1467/207/89 1470/207/50 1469/207/89
f 1467/207/298 1479/208/298 1480/208/298 1470/207/298
f 1468/207/164 1469/207/164 1472/207/164 1471/207/164
f 1469/207/89 1470/207/50 1473/209/50 1472/207/50
f 1470/207/299 1480/208/299 1481/210/299 1473/209/299
f 1464/207/1 1474/207/1 1477/211/1 1476/211/1
f 1474/207/300 1475/207/300 1478/212/300 1477/211/300
f 1475/207/301 1487/207/301 1488/73/301 1478/212/301
f 1476/211/1 1477/211/1 1480/208/1 1479/208/1
f 1477/211/302 1478/212/302 1481/210/302 1480/208/302
f 1478/212/303 1488/73/303 1489/73/303 1481/210/303
f 1465/207/1 1482/73/1 1485/73/1 1484/207/1
f 1482/73/1 1483/73/1 1486/73/1 1485/73/1
f 1483/73/94 1471/207/94 1472/207/94 1486/73/94
f 1484/207/1 1485/73/1 1488/73/1 1487/207/1
f 1485/73/1 1486/73/1 1489/73/1 1488/73/1
f 1486/73/51 1472/207/51 1473/209/7 1489/73/304
f 1473/209/7 1481/210/305 1489/73/304
f 1490/213/306 1493/213/307 1496/213/274 1495/213/308
f 1493/213/309 1494/214/309 1497/213/1 1496/213/310
f 1494/214/311 1506/215/311 1507/215/312 1497/213/313
f 1495/213/314 1496/213/314 1499/216/314 1498/213/314
f 1496/213/310 1497/213/1 1500/213/1 1499/216/1
f 1497/213/313 1507/215/312 1508/217/315 1500/213/315
f 1491/213/1 1501/213/1 1504/218/1 1503/218/1
f 1501/213/316 1502/213/316 1505/219/316 1504/218/316
f 1502/213/317 1514/213/317 1515/73/318 1505/219/317
f 1503/218/1 1504/218/1 1507/215/1 1506/215/1
f 1504/218/319 1505/219/319 1508/217/319 1507/215/319
f 1505/219/317 1515/73/318 1516/73/318 1508/217/318
f 1492/213/1 1509/73/1 1512/73/1 1511/213/1
f 1509/73/1 1510/73/1 1513/73/1 1512/73/1
f 1510/73/320 1498/213/320 1499/216/320 1513/73/321
f 1511/213/1 1512/73/1 1515/73/1 1514/213/1
f 1512/73/1 1513/73/1 1516/73/1 1515/73/1
f 1513/73/321 1499/216/320 1500/213/322 1516/73/322
f 1500/213/323 1508/217/323 1516/73/323
f 1517/220/324 1520/221/324 1523/221/325 1522/221/324
f 1520/221/324 1521/221/326 1524/222/324 1523/221/325
f 1521/221/326 1533/223/324 1534/223/327 1524/222/324
f 1522/221/328 1523/221/328 1526/221/329 1525/221/330
f 1523/221/328 1524/222/331 1527/224/332 1526/221/329
f 1524/222/324 1534/223/327 1535/223/333 1527/224/333
f 1518/221/1 1528/221/1 1531/225/1 1530/225/1
f 1528/221/1 1529/221/1 1532/225/1 1531/225/1
f 1529/221/334 1541/221/334 1542/73/335 1532/225/336
f 1530/225/1 1531/225/1 1534/223/1 1533/223/1
f 1531/225/1 1532/225/1 1535/223/1 1534/223/1
f 1532/225/336 1542/73/335 1543/73/337 1535/223/337
f 1519/221/338 1536/73/339 1539/73/338 1538/221/338
f 1536/73/339 1537/73/339 1540/73/339 1539/73/338
f 1537/73/340 1525/221/330 1526/221/329 1540/73/341
f 1538/221/1 1539/73/1 1542/73/1 1541/221/1
f 1539/73/1 1540/73/1 1543/73/1 1542/73/1
f 1540/73/341 1526/221/329 1527/224/332 1543/73/342
f 1527/224/343 1535/223/343 1543/73/343
f 1544/226/1 1547/227/1 1550/227/1 1549/227/1
f 1547/227/344 1548/227/344 1551/227/43 1550/227/344
f 1548/227/345 1560/228/345 1561/228/345 1551/227/345
f 1549/227/346 1550/227/346 1553/227/347 1552/227/346
f 1550/227/344 1551/227/43 1554/227/43 1553/227/43
f 1551/227/348 1561/228/348 1562/229/348 1554/227/348
f 1545/227/1 1555/227/1 1558/230/1 1557/230/1
f 1555/227/349 1556/227/349 1559/231/349 1558/230/350
f 1556/227/351 1568/227/351 1569/73/352 1559/231/351
f 1557/230/1 1558/230/1 1561/228/1 1560/228/1
f 1558/230/350 1559/231/349 1562/229/350 1561/228/350
f 1559/231/351 1569/73/352 1570/73/352 1562/229/352
f 1546/227/1 1563/73/1 1566/73/1 1565/227/1
f 1563/73/1 1564/73/1 1567/73/1 1566/73/1
f 1564/73/347 1552/227/346 1553/227/347 1567/73/353
f 1565/227/1 1566/73/1 1569/73/1 1568/227/1
f 1566/73/1 1567/73/1 1570/73/1 1569/73/1
f 1567/73/353 1553/227/347 1554/227/354 1570/73/354
f 1554/227/355 1562/229/355 1570/73/355
f 1571/232/18 1574/233/18 1577/233/18 1576/233/18
f 1574/233/356 1575/233/356 1578/234/164 1577/233/356
f 1575/233/356 1587/235/164 1588/235/164 1578/234/164
f 1576/233/357 1577/233/357 1580/234/357 1579/233/357
f 1577/233/63 1578/234/63 1581/232/63 1580/234/63
f 1578/234/358 1588/235/358 1589/236/358 1581/232/358
f 1572/233/1 1582/233/1 1585/237/1 1584/237/1
f 1582/233/182 1583/233/359 1586/238/359 1585/237/360
f 1583/233/359 1595/233/361 1596/73/361 1586/238/359
f 1584/237/1 1585/237/1 1588/235/1 1587/235/1
f 1585/237/360 1586/238/359 1589/236/360 1588/235/360
f 1586/238/362 1596/73/362 1597/73/362 1589/236/362
f 1573/233/1 1590/73/1 1593/73/1 1592/233/1
f 1590/73/1 1591/73/1 1594/73/1 1593/73/1
f 1591/73/363 1579/233/363 1580/234/363 1594/73/363
f 1592/233/1 1593/73/1 1596/73/1 1595/233/1
f 1593/73/1 1594/73/1 1597/73/1 1596/73/1
f 1594/73/364 1580/234/364 1581/232/7 1597/73/364
f 1581/232/7 1589/236/82 1597/73/364
f 1598/239/1 1601/239/1 1604/240/1 1603/241/1
f 1601/239/365 1602/242/365 1605/239/366 1604/240/365
f 1602/242/367 1614/243/367 1615/243/368 1605/239/367
f 1603/241/369 1604/240/370 1607/239/370 1606/239/371
f 1604/240/365 1605/239/366 1608/240/366 1607/239/366
f 1605/239/367 1615/243/368 1616/243/206 1608/240/206
f 1599/239/1 1609/239/1 1612/244/1 1611/244/1
f 1609/239/1 1610/239/1 1613/244/1 1612/244/1
f 1610/239/1 1622/239/1 1623/73/1 1613/244/1
f 1611/244/1 1612/244/1 1615/243/1 1614/243/1
f 1612/244/1 1613/244/1 1616/243/1 1615/243/1
f 1613/244/372 1623/73/372 1624/73/372 1616/243/372
f 1600/239/1 1617/73/1 1620/73/1 1619/239/1
f 1617/73/1 1618/73/1 1621/73/1 1620/73/1
f 1618/73/157 1606/239/157 1607/239/157 1621/73/373
f 1619/239/1 1620/73/1 1623/73/1 1622/239/1
f 1620/73/1 1621/73/1 1624/73/1 1623/73/1
f 1621/73/373 1607/239/157 1608/240/374 1624/73/374
f 1608/240/375 1616/243/375 1624/73/375
f 1625/245/1 1628/246/1 1631/246/1 1630/246/1
f 1628/246/43 1629/246/43 1632/246/376 1631/246/377
f 1629/246/43 1641/247/378 1642/247/378 1632/246/376
f 1630/246/1 1631/246/1 1634/248/379 1633/246/1
f 1631/246/377 1632/246/376 1635/249/200 1634/248/200
f 1632/246/191 1642/247/191 1643/250/191 1635/249/191
f 1626/246/1 1636/246/1 1639/251/1 1638/251/1
f 1636/246/380 1637/246/380 1640/252/380 1639/251/380
f 1637/246/381 1649/246/381 1650/73/381 1640/252/381
f 1638/251/1 1639/251/1 1642/247/1 1641/247/1
f 1639/251/189 1640/252/189 1643/250/189 1642/247/189
f 1640/252/188 1650/73/188 1651/73/188 1643/250/188
f 1627/246/1 1644/73/1 1647/73/1 1646/246/1
f 1644/73/1 1645/73/1 1648/73/1 1647/73/1
f 1645/73/379 1633/246/1 1634/248/379 1648/73/382
f 1646/246/1 1647/73/1 1650/73/1 1649/246/1
f 1647/73/1 1648/73/1 1651/73/1 1650/73/1
f 1648/73/382 1634/248/379 1635/249/50 1651/73/50
f 1635/249/185 1643/250/185 1651/73/185
f 1652/253/18 1655/254/18 1658/254/18 1657/254/18
f 1655/254/18 1656/254/18 1659/255/365 1658/254/383
f 1656/254/384 1668/256/384 1669/256/385 1659/255/384
f 1657/254/386 1658/254/386 1661/257/386 1660/254/386
f 1658/254/383 1659/255/365 1662/254/365 1661/257/365
f 1659/255/384 1669/256/385 1670/256/96 1662/254/96
f 1653/254/1 1663/254/1 1666/258/1 1665/258/1
f 1663/254/1 1664/254/1 1667/258/1 1666/258/1
f 1664/254/18 1676/254/18 1677/73/18 1667/258/18
f 1665/258/1 1666/258/1 1669/256/1 1668/256/1
f 1666/258/1 1667/258/1 1670/256/1 1669/256/1
f 1667/258/387 1677/73/387 1678/73/387 1670/256/387
f 1654/254/1 1671/73/1 1674/73/1 1673/254/1
f 1671/73/1 1672/73/1 1675/73/1 1674/73/1
f 1672/73/250 1660/254/250 1661/257/388 1675/73/389
f 1673/254/1 1674/73/1 1677/73/1 1676/254/1
f 1674/73/1 1675/73/1 1678/73/1 1677/73/1
f 1675/73/389 1661/257/388 1662/254/390 1678/73/390
f 1662/254/391 1670/256/391 1678/73/391
f 1679/259/82 1682/259/82 1685/259/82 1684/259/82
f 1682/259/184 1683/260/184 1686/259/43 1685/259/392
f 1683/260/393 1695/261/393 1696/261/394 1686/259/395
f 1684/259/396 1685/259/396 1688/259/396 1687/259/396
f 1685/259/392 1686/259/43 1689/259/43 1688/259/43
f 1686/259/395 1696/261/394 1697/262/174 1689/259/174
f 1680/259/1 1690/259/1 1693/263/1 1692/263/1
f 1690/259/51 1691/259/51 1694/264/51 1693/263/51
f 1691/259/50 1703/259/50 1704/73/50 1694/264/50
f 1692/263/1 1693/263/1 1696/261/1 1695/261/1
f 1693/263/397 1694/264/397 1697/262/397 1696/261/397
f 1694/264/398 1704/73/398 1705/73/398 1697/262/398
f 1681/259/1 1698/73/1 1701/73/1 1700/259/1
f 1698/73/1 1699/73/1 1702/73/1 1701/73/1
f 1699/73/399 1687/259/399 1688/259/399 1702/73/399
f 1700/259/1 1701/73/1 1704/73/1 1703/259/1
f 1701/73/1 1702/73/1 1705/73/1 1704/73/1
f 1702/73/400 1688/259/400 1689/259/400 1705/73/400
f 1689/259/276 1697/262/276 1705/73/276
f 1706/265/1 1709/266/1 1712/266/1 1711/266/1
f 1709/266/401 1710/266/401 1713/266/402 1712/266/401
f 1710/266/403 1722/267/403 1723/267/404 1713/266/403
f 1711/266/405 1712/266/405 1715/266/405 1714/268/405
f 1712/266/401 1713/266/402 1716/266/7 1715/266/406
f 1713/266/403 1723/267/404 1724/269/407 1716/266/278
f 1707/266/1 1717/266/1 1720/270/1 1719/270/1
f 1717/266/408 1718/266/408 1721/271/408 1720/270/409
f 1718/266/410 1730/266/410 1731/73/410 1721/271/410
f 1719/270/1 1720/270/1 1723/267/1 1722/267/1
f 1720/270/409 1721/271/408 1724/269/407 1723/267/404
f 1721/271/411 1731/73/411 1732/73/411 1724/269/411
f 1708/266/1 1725/73/1 1728/73/1 1727/266/1
f 1725/73/1 1726/73/1 1729/73/1 1728/73/1
f 1726/73/412 1714/268/412 1715/266/406 1729/73/413
f 1727/266/1 1728/73/1 1731/73/1 1730/266/1
f 1728/73/400 1729/73/413 1732/73/400 1731/73/400
f 1729/73/413 1715/266/406 1716/266/7 1732/73/400
f 1716/266/18 1724/269/18 1732/73/18
f 3077/272/414 3080/273/415 3083/274/416 3082/275/417
f 3080/273/415 3081/276/418 3084/277/419 3083/274/416
f 3081/276/418 3093/278/420 3094/279/421 3084/277/419
f 3082/275/417 3083/274/416 3086/280/422 3085/281/423
f 3083/274/416 3084/277/419 3087/282/424 3086/280/422
f 3084/277/419 3094/279/421 3095/283/425 3087/282/424
f 3078/284/426 3088/285/427 3091/286/428 3090/287/429
f 3088/285/427 3089/288/430 3092/289/431 3091/286/428
f 3089/288/430 3101/290/432 3102/291/433 3092/289/431
f 3090/287/429 3091/286/428 3094/279/421 3093/278/420
f 3091/286/428 3092/289/431 3095/283/425 3094/279/421
f 3092/289/431 3102/291/433 3103/292/434 3095/283/425
f 3079/293/435 3096/294/436 3099/295/437 3098/296/438
f 3096/294/436 3097/297/439 3100/298/440 3099/295/437
f 3097/297/439 3085/281/423 3086/280/422 3100/298/440
f 3098/296/438 3099/295/437 3102/291/433 3101/290/432
f 3099/295/437 3100/298/440 3103/292/434 3102/291/433
f 3100/298/440 3086/280/422 3087/282/424 3103/292/434
f 3087/282/424 3095/283/425 3103/292/434
f 3110/299/441 3113/300/442 3116/301/443 3115/302/444
f 3113/300/442 3114/303/445 3117/304/446 3116/301/443
f 3114/303/445 3126/305/447 3127/306/448 3117/304/446
f 3115/302/444 3116/301/443 3119/307/449 3118/308/450
f 3116/301/443 3117/304/446 3120/309/451 3119/307/449
f 3117/304/446 3127/306/448 3128/310/452 3120/309/451
f 3111/311/453 3121/312/454 3124/313/455 3123/314/456
f 3121/312/454 3122/315/457 3125/316/458 3124/313/455
f 3122/315/457 3134/317/459 3135/318/460 3125/316/458
f 3123/314/456 3124/313/455 3127/306/448 3126/305/447
f 3124/313/455 3125/316/458 3128/310/452 3127/306/448
f 3125/316/458 3135/318/460 3136/319/461 3128/310/452
f 3112/320/462 3129/321/463 3132/322/464 3131/323/465
f 3129/321/463 3130/324/466 3133/325/467 3132/322/464
f 3130/324/466 3118/308/450 3119/307/449 3133/325/467
f 3131/323/465 3132/322/464 3135/318/460 3134/317/459
f 3132/322/464 3133/325/467 3136/319/461 3135/318/460
f 3133/325/467 3119/307/449 3120/309/451 3136/319/461
f 3120/309/451 3128/310/452 3136/319/461
f 3221/326/468 3224/327/469 3227/328/470 3226/329/471
f 3224/327/469 3225/330/472 3228/331/473 3227/328/470
f 3225/330/472 3237/332/474 3238/333/475 3228/331/473
f 3226/329/471 3227/328/470 3230/334/476 3229/335/477
f 3227/328/470 3228/331/473 3231/336/478 3230/334/476
f 3228/331/473 3238/333/475 3239/337/479 3231/336/478
f 3222/338/480 3232/339/481 3235/340/482 3234/341/483
f 3232/339/481 3233/342/484 3236/343/485 3235/340/482
f 3233/342/484 3245/344/486 3246/345/487 3236/343/485
f 3234/341/483 3235/340/482 3238/333/475 3237/332/474
f 3235/340/482 3236/343/485 3239/337/479 3238/333/475
f 3236/343/485 3246/345/487 3247/346/488 3239/337/479
f 3223/347/489 3240/348/490 3243/349/491 3242/350/492
f 3240/348/490 3241/351/493 3244/352/494 3243/349/491
f 3241/351/493 3229/335/477 3230/334/476 3244/352/494
f 3242/350/492 3243/349/491 3246/345/487 3245/344/495
f 3243/349/491 3244/352/494 3247/346/488 3246/345/487
f 3244/352/494 3230/334/476 3231/336/478 3247/346/488
f 3231/336/478 3239/337/479 3247/346/488
f 3254/353/496 3257/354/497 3260/355/498 3259/356/499
f 3257/354/497 3258/357/500 3261/358/501 3260/355/498
f 3258/357/500 3270/359/502 3271/360/503 3261/358/501
f 3259/356/499 3260/355/498 3263/361/504 3262/362/505
f 3260/355/498 3261/358/501 3264/363/506 3263/361/504
f 3261/358/501 3271/360/503 3272/364/507 3264/363/506
f 3255/365/508 3265/366/509 3268/367/510 3267/368/511
f 3265/366/509 3266/369/512 3269/370/513 3268/367/510
f 3266/369/512 3278/371/514 3279/372/515 3269/370/513
f 3267/368/511 3268/367/510 3271/360/503 3270/359/502
f 3268/367/510 3269/370/513 3272/364/507 3271/360/503
f 3269/370/513 3279/372/515 3280/373/516 3272/364/507
f 3256/374/517 3273/375/518 3276/376/519 3275/377/520
f 3273/375/518 3274/378/521 3277/379/522 3276/376/519
f 3274/378/521 3262/362/505 3263/361/504 3277/379/522
f 3275/377/520 3276/376/519 3279/372/515 3278/371/523
f 3276/376/519 3277/379/522 3280/373/516 3279/372/515
f 3277/379/522 3263/361/504 3264/363/506 3280/373/516
f 3264/363/506 3272/364/507 3280/373/516
f 3371/67/1 3374/67/1 3377/73/524 3376/73/1
f 3374/67/525 3375/67/525 3378/73/525 3377/73/525
f 3375/67/526 3387/67/527 3388/380/1 3378/73/528
f 3376/73/1 3377/73/524 3380/73/1 3379/73/1
f 3377/73/524 3378/73/529 3381/73/529 3380/73/1
f 3378/73/530 3388/380/530 3389/381/530 3381/73/530
f 3372/67/1 3382/382/1 3385/382/1 3384/67/1
f 3382/382/1 3383/383/7 3386/383/7 3385/382/1
f 3383/383/7 3395/384/82 3396/385/82 3386/383/7
f 3384/67/1 3385/382/1 3388/380/1 3387/67/527
f 3385/382/51 3386/383/51 3389/381/51 3388/380/51
f 3386/383/531 3396/385/531 3397/386/531 3389/381/531
f 3373/387/82 3390/388/82 3393/389/532 3392/388/82
f 3390/388/274 3391/384/274 3394/385/1 3393/389/274
f 3391/384/274 3379/73/1 3380/73/1 3394/385/1
f 3392/388/82 3393/389/532 3396/385/139 3395/384/533
f 3393/389/532 3394/385/139 3397/386/7 3396/385/139
f 3394/385/139 3380/73/1 3381/73/1 3397/386/7
f 3381/73/534 3389/381/534 3397/386/534
f 3398/390/82 3401/391/535 3404/392/82 3403/393/535
f 3401/391/535 3402/394/82 3405/395/536 3404/392/82
f 3402/394/82 3414/73/537 3415/73/536 3405/395/536
f 3403/393/82 3404/392/82 3407/396/1 3406/397/82
f 3404/392/538 3405/395/538 3408/398/7 3407/396/538
f 3405/395/538 3415/73/82 3416/73/82 3408/398/7
f 3399/74/1 3409/74/1 3412/73/1 3411/73/1
f 3409/74/1 3410/74/539 3413/73/63 3412/73/1
f 3410/74/539 3422/74/539 3423/399/63 3413/73/63
f 3411/73/1 3412/73/1 3415/73/1 3414/73/1
f 3412/73/1 3413/73/63 3416/73/1 3415/73/1
f 3413/73/63 3423/399/63 3424/400/274 3416/73/1
f 3400/74/540 3417/401/541 3420/399/542 3419/74/543
f 3417/401/541 3418/402/544 3421/400/542 3420/399/542
f 3418/402/545 3406/397/82 3407/396/1 3421/400/1
f 3419/74/1 3420/399/1 3423/399/63 3422/74/539
f 3420/399/1 3421/400/1 3424/400/274 3423/399/63
f 3421/400/1 3407/396/1 3408/398/1 3424/400/1
f 3408/398/7 3416/73/82 3424/400/546
f 3425/80/1 3428/80/1 3431/73/1 3430/73/1
f 3428/80/547 3429/80/547 3432/73/547 3431/73/548
f 3429/80/549 3441/80/550 3442/403/551 3432/73/552
f 3430/73/1 3431/73/1 3434/73/553 3433/73/554
f 3431/73/548 3432/73/547 3435/73/548 3434/73/548
f 3432/73/552 3442/403/551 3443/404/7 3435/73/555
f 3426/80/1 3436/403/1 3439/403/1 3438/80/1
f 3436/403/1 3437/404/556 3440/404/556 3439/403/1
f 3437/404/556 3449/405/1 3450/406/276 3440/404/556
f 3438/80/1 3439/403/1 3442/403/551 3441/80/550
f 3439/403/1 3440/404/556 3443/404/7 3442/403/551
f 3440/404/556 3450/406/276 3451/407/82 3443/404/7
f 3427/408/1 3444/409/1 3447/410/1 3446/409/1
f 3444/409/82 3445/411/82 3448/406/43 3447/410/557
f 3445/411/558 3433/73/554 3434/73/553 3448/406/558
f 3446/409/1 3447/410/1 3450/406/276 3449/405/1
f 3447/410/557 3448/406/43 3451/407/43 3450/406/43
f 3448/406/558 3434/73/553 3435/73/1 3451/407/1
f 3435/73/1 3443/404/1 3451/407/1
f 3452/87/1 3455/87/1 3458/73/1 3457/73/1
f 3455/87/1 3456/87/1 3459/73/559 3458/73/1
f 3456/87/560 3468/87/560 3469/412/560 3459/73/560
f 3457/73/1 3458/73/1 3461/73/561 3460/73/562
f 3458/73/1 3459/73/559 3462/73/563 3461/73/561
f 3459/73/559 3469/412/564 3470/413/565 3462/73/563
f 3453/87/1 3463/412/1 3466/412/1 3465/87/1
f 3463/412/1 3464/413/566 3467/413/567 3466/412/1
f 3464/413/566 3476/414/61 3477/415/566 3467/413/567
f 3465/87/1 3466/412/1 3469/412/564 3468/87/1
f 3466/412/1 3467/413/567 3470/413/565 3469/412/564
f 3467/413/567 3477/415/566 3478/416/7 3470/413/565
f 3454/417/1 3471/418/1 3474/419/1 3473/418/1
f 3471/418/1 3472/414/1 3475/415/562 3474/419/1
f 3472/414/1 3460/73/562 3461/73/561 3475/415/562
f 3473/418/82 3474/419/82 3477/415/82 3476/414/82
f 3474/419/1 3475/415/562 3478/416/7 3477/415/566
f 3475/415/562 3461/73/561 3462/73/563 3478/416/7
f 3462/73/96 3470/413/96 3478/416/96
f 3479/93/1 3482/93/568 3485/73/1 3484/73/1
f 3482/93/568 3483/93/1 3486/73/569 3485/73/1
f 3483/93/1 3495/93/570 3496/420/571 3486/73/569
f 3484/73/1 3485/73/1 3488/73/1 3487/73/1
f 3485/73/1 3486/73/569 3489/73/572 3488/73/1
f 3486/73/569 3496/420/571 3497/421/63 3489/73/572
f 3480/93/1 3490/420/1 3493/420/1 3492/93/1
f 3490/420/1 3491/421/566 3494/421/573 3493/420/1
f 3491/421/566 3503/422/574 3504/423/575 3494/421/573
f 3492/93/1 3493/420/1 3496/420/571 3495/93/570
f 3493/420/1 3494/421/573 3497/421/63 3496/420/571
f 3494/421/573 3504/423/575 3505/424/1 3497/421/63
f 3481/425/1 3498/426/1 3501/427/574 3500/426/1
f 3498/426/576 3499/428/576 3502/423/577 3501/427/576
f 3499/428/576 3487/73/577 3488/73/577 3502/423/577
f 3500/426/1 3501/427/574 3504/423/575 3503/422/574
f 3501/427/574 3502/423/578 3505/424/1 3504/423/575
f 3502/423/578 3488/73/1 3489/73/572 3505/424/1
f 3489/73/572 3497/421/63 3505/424/1
f 3506/99/1 3509/99/1 3512/73/1 3511/73/1
f 3509/99/1 3510/99/579 3513/73/580 3512/73/1
f 3510/99/579 3522/99/579 3523/429/581 3513/73/580
f 3511/73/1 3512/73/1 3515/73/1 3514/73/1
f 3512/73/1 3513/73/580 3516/73/1 3515/73/1
f 3513/73/582 3523/429/582 3524/430/582 3516/73/582
f 3507/99/1 3517/429/1 3520/429/1 3519/99/1
f 3517/429/1 3518/430/1 3521/430/1 3520/429/1
f 3518/430/82 3530/431/82 3531/432/82 3521/430/55
f 3519/99/1 3520/429/1 3523/429/581 3522/99/579
f 3520/429/1 3521/430/1 3524/430/1 3523/429/581
f 3521/430/55 3531/432/82 3532/433/18 3524/430/18
f 3508/434/1 3525/435/1 3528/436/583 3527/437/1
f 3525/435/82 3526/431/584 3529/432/82 3528/436/585
f 3526/431/584 3514/73/82 3515/73/586 3529/432/82
f 3527/437/1 3528/436/583 3531/432/1 3530/431/583
f 3528/436/583 3529/432/1 3532/433/1 3531/432/1
f 3529/432/82 3515/73/586 3516/73/587 3532/433/587
f 3516/73/1 3524/430/1 3532/433/1
f 3533/106/1 3536/106/1 3539/73/1 3538/73/1
f 3536/106/588 3537/106/588 3540/73/588 3539/73/589
f 3537/106/590 3549/106/568 3550/438/591 3540/73/592
f 3538/73/1 3539/73/1 3542/73/1 3541/73/1
f 3539/73/589 3540/73/588 3543/73/589 3542/73/589
f 3540/73/592 3550/438/591 3551/439/593 3543/73/594
f 3534/106/1 3544/438/1 3547/438/1 3546/106/1
f 3544/438/1 3545/439/595 3548/439/596 3547/438/1
f 3545/439/595 3557/440/594 3558/441/595 3548/439/596
f 3546/106/1 3547/438/1 3550/438/591 3549/106/568
f 3547/438/1 3548/439/596 3551/439/593 3550/438/591
f 3548/439/596 3558/441/595 3559/442/7 3551/439/593
f 3535/443/82 3552/444/597 3555/445/55 3554/446/597
f 3552/444/597 3553/440/597 3556/441/598 3555/445/55
f 3553/440/597 3541/73/599 3542/73/598 3556/441/598
f 3554/446/594 3555/445/594 3558/441/595 3557/440/594
f 3555/445/594 3556/441/1 3559/442/7 3558/441/595
f 3556/441/600 3542/73/600 3543/73/600 3559/442/600
f 3543/73/601 3551/439/601 3559/442/601
f 3560/113/1 3563/113/1 3566/73/1 3565/73/1
f 3563/113/115 3564/113/115 3567/73/115 3566/73/43
f 3564/113/602 3576/113/603 3577/447/604 3567/73/605
f 3565/73/1 3566/73/1 3569/73/606 3568/73/1
f 3566/73/43 3567/73/115 3570/73/43 3569/73/43
f 3567/73/605 3577/447/604 3578/448/1 3570/73/607
f 3561/113/1 3571/447/1 3574/447/1 3573/113/1
f 3571/447/1 3572/448/1 3575/448/1 3574/447/1
f 3572/448/608 3584/449/82 3585/450/609 3575/448/533
f 3573/113/1 3574/447/1 3577/447/604 3576/113/603
f 3574/447/1 3575/448/1 3578/448/1 3577/447/604
f 3575/448/533 3585/450/609 3586/451/7 3578/448/18
f 3562/452/43 3579/453/43 3582/454/610 3581/455/43
f 3579/453/82 3580/456/82 3583/450/611 3582/454/557
f 3580/456/1 3568/73/1 3569/73/606 3583/450/1
f 3581/455/43 3582/454/610 3585/450/610 3584/449/610
f 3582/454/557 3583/450/611 3586/451/7 3585/450/609
f 3583/450/1 3569/73/606 3570/73/607 3586/451/7
f 3570/73/607 3578/448/1 3586/451/7
f 3587/120/1 3590/120/1 3593/73/1 3592/73/1
f 3590/120/1 3591/120/1 3594/73/1 3593/73/1
f 3591/120/1 3603/120/1 3604/457/1 3594/73/1
f 3592/73/1 3593/73/1 3596/73/1 3595/73/1
f 3593/73/1 3594/73/1 3597/73/1 3596/73/1
f 3594/73/1 3604/457/1 3605/458/1 3597/73/1
f 3588/120/1 3598/459/1 3601/457/1 3600/120/1
f 3598/459/1 3599/460/1 3602/458/1 3601/457/1
f 3599/460/612 3611/461/613 3612/462/614 3602/458/614
f 3600/120/1 3601/457/1 3604/457/1 3603/120/1
f 3601/457/1 3602/458/1 3605/458/1 3604/457/1
f 3602/458/614 3612/462/614 3613/463/614 3605/458/614
f 3589/464/1 3606/465/1 3609/466/1 3608/467/1
f 3606/465/1 3607/468/1 3610/469/1 3609/466/1
f 3607/468/1 3595/73/1 3596/73/1 3610/469/1
f 3608/467/613 3609/466/613 3612/462/614 3611/461/613
f 3609/466/615 3610/469/615 3613/463/7 3612/462/615
f 3610/469/615 3596/73/616 3597/73/616 3613/463/7
f 3597/73/616 3605/458/617 3613/463/7
f 3614/125/1 3617/125/1 3620/73/1 3619/73/1
f 3617/125/96 3618/125/96 3621/73/96 3620/73/618
f 3618/125/619 3630/125/620 3631/470/621 3621/73/276
f 3619/73/1 3620/73/1 3623/73/63 3622/73/63
f 3620/73/618 3621/73/96 3624/73/622 3623/73/82
f 3621/73/276 3631/470/621 3632/471/1 3624/73/623
f 3615/125/1 3625/470/1 3628/470/1 3627/125/1
f 3625/470/1 3626/471/1 3629/471/1 3628/470/1
f 3626/471/624 3638/472/624 3639/473/625 3629/471/626
f 3627/125/1 3628/470/1 3631/470/621 3630/125/620
f 3628/470/1 3629/471/1 3632/471/1 3631/470/621
f 3629/471/626 3639/473/625 3640/474/627 3632/471/627
f 3616/475/63 3633/476/628 3636/477/1 3635/478/63
f 3633/476/628 3634/472/629 3637/479/43 3636/477/1
f 3634/472/629 3622/73/63 3623/73/63 3637/479/43
f 3635/478/82 3636/477/630 3639/473/630 3638/472/631
f 3636/477/632 3637/479/632 3640/474/632 3639/473/632
f 3637/479/82 3623/73/82 3624/73/622 3640/474/82
f 3624/73/622 3632/471/43 3640/474/82
f 3641/132/1 3644/132/1 3647/73/1 3646/73/1
f 3644/132/633 3645/132/633 3648/73/633 3647/73/633
f 3645/132/634 3657/132/635 3658/480/1 3648/73/636
f 3646/73/1 3647/73/1 3650/73/1 3649/73/1
f 3647/73/637 3648/73/637 3651/73/637 3650/73/637
f 3648/73/638 3658/480/638 3659/481/638 3651/73/638
f 3642/132/1 3652/480/1 3655/480/1 3654/132/1
f 3652/480/1 3653/481/1 3656/481/1 3655/480/1
f 3653/481/639 3665/482/639 3666/483/639 3656/481/640
f 3654/132/1 3655/480/1 3658/480/1 3657/132/635
f 3655/480/1 3656/481/1 3659/481/1 3658/480/1
f 3656/481/640 3666/483/639 3667/484/641 3659/481/641
f 3643/485/1 3660/486/1 3663/487/63 3662/486/1
f 3660/486/1 3661/482/63 3664/483/63 3663/487/63
f 3661/482/82 3649/73/642 3650/73/643 3664/483/643
f 3662/486/82 3663/487/644 3666/483/644 3665/482/645
f 3663/487/646 3664/483/646 3667/484/646 3666/483/646
f 3664/483/647 3650/73/647 3651/73/647 3667/484/647
f 3651/73/648 3659/481/648 3667/484/648
f 3668/139/1 3671/139/1 3674/73/1 3673/73/1
f 3671/139/1 3672/139/1 3675/73/649 3674/73/1
f 3672/139/650 3684/139/650 3685/488/650 3675/73/650
f 3673/73/1 3674/73/1 3677/73/651 3676/73/1
f 3674/73/1 3675/73/649 3678/73/652 3677/73/651
f 3675/73/649 3685/488/653 3686/489/654 3678/73/652
f 3669/139/1 3679/488/1 3682/488/1 3681/139/1
f 3679/488/1 3680/489/1 3683/489/539 3682/488/1
f 3680/489/1 3692/490/1 3693/491/1 3683/489/539
f 3681/139/1 3682/488/1 3685/488/653 3684/139/1
f 3682/488/1 3683/489/539 3686/489/654 3685/488/653
f 3683/489/539 3693/491/1 3694/492/7 3686/489/654
f 3670/493/1 3687/494/1 3690/495/583 3689/496/1
f 3687/494/1 3688/490/583 3691/491/1 3690/495/583
f 3688/490/583 3676/73/1 3677/73/651 3691/491/1
f 3689/496/82 3690/495/585 3693/491/585 3692/490/584
f 3690/495/583 3691/491/1 3694/492/7 3693/491/1
f 3691/491/1 3677/73/651 3678/73/652 3694/492/7
f 3678/73/82 3686/489/82 3694/492/82
f 3695/144/1 3698/144/570 3701/73/7 3700/73/1
f 3698/144/570 3699/144/1 3702/73/655 3701/73/7
f 3699/144/1 3711/144/568 3712/497/656 3702/73/655
f 3700/73/1 3701/73/7 3704/73/1 3703/73/1
f 3701/73/7 3702/73/655 3705/73/656 3704/73/1
f 3702/73/655 3712/497/656 3713/498/276 3705/73/656
f 3696/144/1 3706/497/1 3709/497/1 3708/144/1
f 3706/497/1 3707/498/657 3710/498/658 3709/497/1
f 3707/498/657 3719/499/557 3720/500/659 3710/498/658
f 3708/144/1 3709/497/1 3712/497/656 3711/144/568
f 3709/497/1 3710/498/658 3713/498/276 3712/497/656
f 3710/498/658 3720/500/659 3721/501/1 3713/498/276
f 3697/502/1 3714/503/1 3717/504/557 3716/503/1
f 3714/503/660 3715/499/660 3718/500/661 3717/504/660
f 3715/499/660 3703/73/661 3704/73/661 3718/500/661
f 3716/503/1 3717/504/557 3720/500/659 3719/499/557
f 3717/504/557 3718/500/662 3721/501/1 3720/500/659
f 3718/500/662 3704/73/1 3705/73/656 3721/501/1
f 3705/73/656 3713/498/276 3721/501/1
f 3722/150/1 3725/150/1 3728/73/1 3727/73/1
f 3725/150/1 3726/150/663 3729/73/664 3728/73/1
f 3726/150/663 3738/150/663 3739/505/665 3729/73/664
f 3727/73/1 3728/73/1 3731/73/1 3730/73/1
f 3728/73/1 3729/73/664 3732/73/1 3731/73/1
f 3729/73/666 3739/505/666 3740/506/666 3732/73/666
f 3723/150/1 3733/505/1 3736/505/1 3735/150/1
f 3733/505/1 3734/506/1 3737/506/1 3736/505/1
f 3734/506/667 3746/507/82 3747/508/139 3737/506/668
f 3735/150/1 3736/505/1 3739/505/665 3738/150/663
f 3736/505/1 3737/506/1 3740/506/1 3739/505/665
f 3737/506/668 3747/508/139 3748/509/96 3740/506/96
f 3724/510/1 3741/511/1 3744/512/1 3743/511/1
f 3741/511/82 3742/507/82 3745/508/669 3744/512/82
f 3742/507/82 3730/73/670 3731/73/671 3745/508/669
f 3743/511/1 3744/512/1 3747/508/1 3746/507/1
f 3744/512/1 3745/508/1 3748/509/1 3747/508/1
f 3745/508/669 3731/73/671 3732/73/1 3748/509/1
f 3732/73/276 3740/506/276 3748/509/276
f 3749/158/1 3752/158/550 3755/73/672 3754/73/1
f 3752/158/550 3753/158/549 3756/73/552 3755/73/672
f 3753/158/547 3765/158/547 3766/513/673 3756/73/547
f 3754/73/1 3755/73/672 3758/73/1 3757/73/1
f 3755/73/672 3756/73/552 3759/514/674 3758/73/1
f 3756/73/547 3766/513/673 3767/515/673 3759/514/673
f 3750/158/1 3760/513/1 3763/513/1 3762/158/1
f 3760/513/1 3761/515/1 3764/515/1 3763/513/1
f 3761/515/675 3773/516/82 3774/517/96 3764/515/595
f 3762/158/1 3763/513/1 3766/513/1 3765/158/1
f 3763/513/1 3764/515/1 3767/515/1 3766/513/1
f 3764/515/595 3774/517/96 3775/518/1 3767/515/1
f 3751/519/1 3768/520/1 3771/521/574 3770/520/1
f 3768/520/1 3769/516/1 3772/517/18 3771/521/574
f 3769/516/82 3757/73/676 3758/73/677 3772/517/678
f 3770/520/82 3771/521/82 3774/517/96 3773/516/82
f 3771/521/574 3772/517/18 3775/518/18 3774/517/18
f 3772/517/678 3758/73/677 3759/514/1 3775/518/1
f 3759/514/82 3767/515/82 3775/518/82
f 3776/164/1 3779/164/679 3782/73/629 3781/73/1
f 3779/164/679 3780/164/680 3783/73/681 3782/73/629
f 3780/164/682 3792/164/61 3793/522/1 3783/73/682
f 3781/73/1 3782/73/629 3785/73/1 3784/73/1
f 3782/73/587 3783/73/587 3786/73/587 3785/73/587
f 3783/73/683 3793/522/683 3794/523/683 3786/73/683
f 3777/164/1 3787/524/1 3790/524/1 3789/164/1
f 3787/524/1 3788/525/1 3791/525/1 3790/524/1
f 3788/525/82 3800/526/82 3801/527/1 3791/525/1
f 3789/164/1 3790/524/1 3793/522/1 3792/164/61
f 3790/524/51 3791/525/51 3794/523/51 3793/522/51
f 3791/525/684 3801/527/684 3802/528/684 3794/523/684
f 3778/529/1 3795/530/1 3798/531/685 3797/532/1
f 3795/530/82 3796/526/686 3799/527/82 3798/531/386
f 3796/526/686 3784/73/82 3785/73/82 3799/527/82
f 3797/532/1 3798/531/685 3801/527/61 3800/526/685
f 3798/531/685 3799/527/61 3802/528/7 3801/527/61
f 3799/527/61 3785/73/82 3786/73/82 3802/528/7
f 3786/73/687 3794/523/687 3802/528/687
f 3803/170/1 3806/170/1 3809/73/1 3808/73/1
f 3806/170/1 3807/170/643 3810/73/276 3809/73/1
f 3807/170/643 3819/170/643 3820/533/276 3810/73/276
f 3808/73/1 3809/73/1 3812/73/688 3811/73/689
f 3809/73/1 3810/73/276 3813/73/1 3812/73/688
f 3810/73/276 3820/533/276 3821/534/61 3813/73/1
f 3804/170/690 3814/535/691 3817/533/692 3816/170/693
f 3814/535/691 3815/536/694 3818/534/1 3817/533/692
f 3815/536/695 3827/537/1 3828/538/82 3818/534/82
f 3816/170/693 3817/533/692 3820/533/276 3819/170/643
f 3817/533/692 3818/534/1 3821/534/61 3820/533/276
f 3818/534/82 3828/538/82 3829/539/82 3821/534/82
f 3805/540/696 3822/541/696 3825/542/1 3824/543/696
f 3822/541/696 3823/544/1 3826/545/697 3825/542/1
f 3823/544/1 3811/73/689 3812/73/688 3826/545/697
f 3824/543/1 3825/542/1 3828/538/82 3827/537/1
f 3825/542/698 3826/545/698 3829/539/7 3828/538/698
f 3826/545/698 3812/73/1 3813/73/1 3829/539/7
f 3813/73/1 3821/534/1 3829/539/7
f 3830/176/1 3833/176/1 3836/73/699 3835/73/1
f 3833/176/700 3834/176/700 3837/73/700 3836/73/700
f 3834/176/701 3846/176/702 3847/546/1 3837/73/703
f 3835/73/1 3836/73/699 3839/73/1 3838/73/1
f 3836/73/699 3837/73/594 3840/73/594 3839/73/1
f 3837/73/704 3847/546/704 3848/547/704 3840/73/704
f 3831/176/1 3841/548/1 3844/548/1 3843/176/1
f 3841/548/1 3842/549/7 3845/549/7 3844/548/1
f 3842/549/7 3854/550/82 3855/551/82 3845/549/7
f 3843/176/1 3844/548/1 3847/546/1 3846/176/702
f 3844/548/50 3845/549/50 3848/547/50 3847/546/50
f 3845/549/705 3855/551/705 3856/552/705 3848/547/705
f 3832/553/82 3849/554/82 3852/555/706 3851/554/82
f 3849/554/61 3850/550/61 3853/551/1 3852/555/61
f 3850/550/61 3838/73/1 3839/73/1 3853/551/1
f 3851/554/82 3852/555/706 3855/551/386 3854/550/707
f 3852/555/706 3853/551/386 3856/552/7 3855/551/386
f 3853/551/386 3839/73/1 3840/73/1 3856/552/7
f 3840/73/708 3848/547/708 3856/552/708
f 3857/182/1 3860/182/1 3863/73/1 3862/73/1
f 3860/182/709 3861/182/709 3864/73/709 3863/73/710
f 3861/182/711 3873/182/712 3874/556/713 3864/73/714
f 3862/73/1 3863/73/1 3866/73/715 3865/73/716
f 3863/73/710 3864/73/709 3867/73/710 3866/73/710
f 3864/73/714 3874/556/713 3875/557/7 3867/73/717
f 3858/182/1 3868/556/1 3871/556/1 3870/182/1
f 3868/556/1 3869/557/718 3872/557/718 3871/556/1
f 3869/557/718 3881/558/1 3882/559/63 3872/557/718
f 3870/182/1 3871/556/1 3874/556/713 3873/182/712
f 3871/556/1 3872/557/718 3875/557/7 3874/556/713
f 3872/557/718 3882/559/63 3883/560/82 3875/557/7
f 3859/561/1 3876/562/1 3879/563/1 3878/562/1
f 3876/562/82 3877/558/82 3880/559/18 3879/563/719
f 3877/558/720 3865/73/716 3866/73/715 3880/559/720
f 3878/562/1 3879/563/1 3882/559/63 3881/558/1
f 3879/563/719 3880/559/18 3883/560/18 3882/559/18
f 3880/559/720 3866/73/715 3867/73/1 3883/560/1
f 3867/73/1 3875/557/1 3883/560/1
f 3884/191/1 3887/191/1 3890/73/1 3889/73/1
f 3887/191/1 3888/191/1 3891/73/721 3890/73/1
f 3888/191/722 3900/191/722 3901/564/722 3891/73/722
f 3889/73/1 3890/73/1 3893/73/723 3892/73/724
f 3890/73/1 3891/73/721 3894/73/725 3893/73/723
f 3891/73/721 3901/564/726 3902/565/727 3894/73/725
f 3885/191/1 3895/564/1 3898/564/1 3897/191/1
f 3895/564/1 3896/565/728 3899/565/729 3898/564/1
f 3896/565/728 3908/566/274 3909/567/728 3899/565/729
f 3897/191/1 3898/564/1 3901/564/726 3900/191/1
f 3898/564/1 3899/565/729 3902/565/727 3901/564/726
f 3899/565/729 3909/567/728 3910/568/7 3902/565/727
f 3886/569/1 3903/570/1 3906/571/1 3905/572/1
f 3903/570/1 3904/566/1 3907/567/724 3906/571/1
f 3904/566/1 3892/73/724 3893/73/723 3907/567/724
f 3905/572/82 3906/571/82 3909/567/82 3908/566/82
f 3906/571/1 3907/567/724 3910/568/7 3909/567/728
f 3907/567/724 3893/73/723 3894/73/725 3910/568/7
f 3894/73/55 3902/565/55 3910/568/55
f 3911/196/1 3914/196/730 3917/73/1 3916/73/1
f 3914/196/730 3915/196/1 3918/73/731 3917/73/1
f 3915/196/1 3927/196/732 3928/573/733 3918/73/731
f 3916/73/1 3917/73/1 3920/73/1 3919/73/1
f 3917/73/1 3918/73/731 3921/73/734 3920/73/1
f 3918/73/731 3928/573/733 3929/574/276 3921/73/734
f 3912/196/1 3922/573/1 3925/573/1 3924/196/1
f 3922/573/1 3923/574/728 3926/574/735 3925/573/1
f 3923/574/728 3935/575/629 3936/576/606 3926/574/735
f 3924/196/1 3925/573/1 3928/573/733 3927/196/732
f 3925/573/1 3926/574/735 3929/574/276 3928/573/733
f 3926/574/735 3936/576/606 3937/577/1 3929/574/276
f 3913/578/1 3930/579/1 3933/580/629 3932/579/1
f 3930/579/736 3931/581/736 3934/582/737 3933/580/736
f 3931/581/736 3919/73/737 3920/73/737 3934/582/737
f 3932/579/1 3933/580/629 3936/576/606 3935/575/629
f 3933/580/629 3934/582/662 3937/577/1 3936/576/606
f 3934/582/662 3920/73/1 3921/73/734 3937/577/1
f 3921/73/734 3929/574/276 3937/577/1
f 3938/201/1 3941/201/1 3944/73/1 3943/73/1
f 3941/201/1 3942/201/738 3945/73/739 3944/73/1
f 3942/201/738 3954/201/738 3955/583/740 3945/73/739
f 3943/73/1 3944/73/1 3947/73/1 3946/73/1
f 3944/73/1 3945/73/739 3948/73/1 3947/73/1
f 3945/73/741 3955/583/741 3956/584/741 3948/73/741
f 3939/201/1 3949/583/1 3952/583/1 3951/201/1
f 3949/583/1 3950/584/1 3953/584/1 3952/583/1
f 3950/584/82 3962/585/82 3963/586/82 3953/584/96
f 3951/201/1 3952/583/1 3955/583/740 3954/201/738
f 3952/583/1 3953/584/1 3956/584/1 3955/583/740
f 3953/584/96 3963/586/82 3964/587/43 3956/584/43
f 3940/588/1 3957/589/1 3960/590/610 3959/591/1
f 3957/589/82 3958/585/742 3961/586/82 3960/590/743
f 3958/585/742 3946/73/82 3947/73/744 3961/586/82
f 3959/591/1 3960/590/610 3963/586/1 3962/585/610
f 3960/590/610 3961/586/1 3964/587/1 3963/586/1
f 3961/586/82 3947/73/744 3948/73/745 3964/587/745
f 3948/73/1 3956/584/1 3964/587/1
f 3965/207/1 3968/207/746 3971/73/1 3970/73/1
f 3968/207/746 3969/207/747 3972/73/748 3971/73/1
f 3969/207/749 3981/207/749 3982/592/749 3972/73/749
f 3970/73/1 3971/73/1 3974/593/569 3973/593/569
f 3971/73/750 3972/73/750 3975/73/750 3974/593/750
f 3972/73/751 3982/592/751 3983/594/751 3975/73/751
f 3966/207/1 3976/592/1 3979/592/1 3978/207/1
f 3976/592/1 3977/594/1 3980/594/1 3979/592/1
f 3977/594/752 3989/595/752 3990/596/752 3980/594/753
f 3978/207/1 3979/592/1 3982/592/1 3981/207/1
f 3979/592/1 3980/594/1 3983/594/1 3982/592/1
f 3980/594/753 3990/596/752 3991/597/754 3983/594/754
f 3967/598/1 3984/599/1 3987/600/755 3986/599/1
f 3984/599/82 3985/601/756 3988/596/96 3987/600/96
f 3985/601/757 3973/593/569 3974/593/569 3988/596/757
f 3986/599/1 3987/600/755 3990/596/755 3989/595/755
f 3987/600/758 3988/596/758 3991/597/758 3990/596/758
f 3988/596/759 3974/593/759 3975/73/759 3991/597/759
f 3975/73/760 3983/594/760 3991/597/760
f 3992/213/1 3995/213/761 3998/73/762 3997/73/1
f 3995/213/761 3996/213/763 3999/73/63 3998/73/762
f 3996/213/55 4008/213/55 4009/602/764 3999/73/55
f 3997/73/1 3998/73/762 4001/73/1 4000/73/1
f 3998/73/762 3999/73/63 4002/73/765 4001/73/1
f 3999/73/55 4009/602/764 4010/603/764 4002/73/764
f 3993/213/1 4003/602/1 4006/602/1 4005/213/1
f 4003/602/1 4004/603/1 4007/603/1 4006/602/1
f 4004/603/766 4016/604/766 4017/605/767 4007/603/768
f 4005/213/1 4006/602/1 4009/602/1 4008/213/1
f 4006/602/1 4007/603/1 4010/603/1 4009/602/1
f 4007/603/768 4017/605/767 4018/606/769 4010/603/769
f 3994/607/82 4011/608/770 4014/609/82 4013/608/756
f 4011/608/770 4012/610/557 4015/611/43 4014/609/82
f 4012/610/557 4000/73/587 4001/73/43 4015/611/43
f 4013/608/771 4014/609/771 4017/605/771 4016/604/771
f 4014/609/772 4015/611/772 4018/606/772 4017/605/772
f 4015/611/1 4001/73/1 4002/73/765 4018/606/1
f 4002/73/765 4010/603/43 4018/606/1
f 4019/221/1 4022/221/1 4025/73/1 4024/73/1
f 4022/221/1 4023/221/1 4026/73/1 4025/73/1
f 4023/221/1 4035/221/1 4036/612/1 4026/73/1
f 4024/73/1 4025/73/1 4028/73/1 4027/73/1
f 4025/73/1 4026/73/1 4029/73/1 4028/73/1
f 4026/73/1 4036/612/1 4037/613/1 4029/73/1
f 4020/221/82 4030/614/82 4033/612/82 4032/221/82
f 4030/614/82 4031/615/82 4034/613/82 4033/612/82
f 4031/615/773 4043/616/774 4044/617/775 4034/613/775
f 4032/221/1 4033/612/1 4036/612/1 4035/221/1
f 4033/612/1 4034/613/1 4037/613/1 4036/612/1
f 4034/613/775 4044/617/775 4045/618/775 4037/613/775
f 4021/619/82 4038/620/82 4041/621/82 4040/622/82
f 4038/620/82 4039/623/82 4042/624/82 4041/621/82
f 4039/623/82 4027/73/82 4028/73/82 4042/624/82
f 4040/622/774 4041/621/774 4044/617/775 4043/616/774
f 4041/621/776 4042/624/776 4045/618/7 4044/617/776
f 4042/624/776 4028/73/777 4029/73/777 4045/618/7
f 4029/73/777 4037/613/778 4045/618/7
f 4046/227/1 4049/227/779 4052/73/63 4051/73/1
f 4049/227/779 4050/227/780 4053/73/352 4052/73/63
f 4050/227/781 4062/227/781 4063/625/743 4053/73/781
f 4051/73/1 4052/73/63 4055/73/1 4054/73/1
f 4052/73/63 4053/73/352 4056/73/43 4055/73/1
f 4053/73/781 4063/625/743 4064/626/7 4056/73/782
f 4047/227/1 4057/625/1 4060/625/1 4059/227/1
f 4057/625/1 4058/626/604 4061/626/783 4060/625/1
f 4058/626/604 4070/627/583 4071/628/784 4061/626/783
f 4059/227/1 4060/625/1 4063/625/1 4062/227/1
f 4060/625/1 4061/626/783 4064/626/276 4063/625/1
f 4061/626/783 4071/628/784 4072/629/7 4064/626/276
f 4048/630/82 4065/631/96 4068/632/585 4067/631/96
f 4065/631/1 4066/633/1 4069/628/785 4068/632/629
f 4066/633/82 4054/73/82 4055/73/786 4069/628/82
f 4067/631/96 4068/632/585 4071/628/585 4070/627/584
f 4068/632/629 4069/628/785 4072/629/7 4071/628/784
f 4069/628/82 4055/73/786 4056/73/782 4072/629/7
f 4056/73/782 4064/626/7 4072/629/7
f 4073/233/1 4076/233/730 4079/73/551 4078/73/1
f 4076/233/730 4077/233/787 4080/73/788 4079/73/551
f 4077/233/789 4089/233/789 4090/634/587 4080/73/790
f 4078/73/1 4079/73/551 4082/73/791 4081/73/656
f 4079/73/551 4080/73/788 4083/73/555 4082/73/791
f 4080/73/790 4090/634/587 4091/635/587 4083/73/587
f 4074/233/1 4084/634/1 4087/634/1 4086/233/1
f 4084/634/1 4085/635/1 4088/635/1 4087/634/1
f 4085/635/792 4097/636/586 4098/637/63 4088/635/793
f 4086/233/1 4087/634/1 4090/634/1 4089/233/1
f 4087/634/1 4088/635/1 4091/635/1 4090/634/1
f 4088/635/793 4098/637/63 4099/638/794 4091/635/794
f 4075/639/276 4092/640/276 4095/641/276 4094/640/276
f 4092/640/276 4093/636/276 4096/637/656 4095/641/276
f 4093/636/276 4081/73/656 4082/73/791 4096/637/656
f 4094/640/82 4095/641/587 4098/637/63 4097/636/586
f 4095/641/276 4096/637/656 4099/638/1 4098/637/1
f 4096/637/795 4082/73/795 4083/73/795 4099/638/795
f 4083/73/796 4091/635/796 4099/638/796
f 4100/239/1 4103/239/1 4106/73/1 4105/73/1
f 4103/239/1 4104/239/1 4107/73/797 4106/73/1
f 4104/239/798 4116/239/798 4117/642/798 4107/73/798
f 4105/73/1 4106/73/1 4109/73/799 4108/73/1
f 4106/73/1 4107/73/797 4110/73/800 4109/73/799
f 4107/73/797 4117/642/801 4118/643/802 4110/73/800
f 4101/239/1 4111/642/1 4114/642/1 4113/239/1
f 4111/642/1 4112/643/1 4115/643/643 4114/642/1
f 4112/643/1 4124/644/1 4125/645/1 4115/643/643
f 4113/239/1 4114/642/1 4117/642/801 4116/239/1
f 4114/642/1 4115/643/643 4118/643/802 4117/642/801
f 4115/643/643 4125/645/1 4126/646/7 4118/643/802
f 4102/647/1 4119/648/1 4122/649/610 4121/648/1
f 4119/648/1 4120/644/610 4123/645/1 4122/649/610
f 4120/644/610 4108/73/1 4109/73/799 4123/645/1
f 4121/648/82 4122/649/743 4125/645/743 4124/644/742
f 4122/649/610 4123/645/1 4126/646/7 4125/645/1
f 4123/645/1 4109/73/799 4110/73/800 4126/646/7
f 4110/73/82 4118/643/82 4126/646/82
f 4127/246/1 4130/246/732 4133/73/7 4132/73/1
f 4130/246/732 4131/246/1 4134/73/803 4133/73/7
f 4131/246/1 4143/246/730 4144/650/804 4134/73/803
f 4132/73/1 4133/73/7 4136/73/1 4135/73/1
f 4133/73/7 4134/73/803 4137/73/804 4136/73/1
f 4134/73/803 4144/650/804 4145/651/63 4137/73/804
f 4128/246/1 4138/650/1 4141/650/1 4140/246/1
f 4138/650/1 4139/651/805 4142/651/806 4141/650/1
f 4139/651/805 4151/652/719 4152/653/807 4142/651/806
f 4140/246/1 4141/650/1 4144/650/804 4143/246/730
f 4141/650/1 4142/651/806 4145/651/63 4144/650/804
f 4142/651/806 4152/653/807 4153/654/1 4145/651/63
f 4129/655/1 4146/656/1 4149/657/719 4148/656/1
f 4146/656/808 4147/658/808 4150/659/809 4149/657/808
f 4147/658/808 4135/73/809 4136/73/809 4150/659/809
f 4148/656/1 4149/657/719 4152/653/807 4151/652/719
f 4149/657/719 4150/659/578 4153/654/1 4152/653/807
f 4150/659/578 4136/73/1 4137/73/804 4153/654/1
f 4137/73/804 4145/651/63 4153/654/1
f 4154/254/1 4157/254/1 4160/73/1 4159/73/1
f 4157/254/1 4158/254/810 4161/73/811 4160/73/1
f 4158/254/810 4170/254/810 4171/660/812 4161/73/811
f 4159/73/1 4160/73/1 4163/73/1 4162/73/1
f 4160/73/1 4161/73/811 4164/73/1 4163/73/1
f 4161/73/813 4171/660/813 4172/661/813 4164/73/813
f 4155/254/1 4165/660/1 4168/660/1 4167/254/1
f 4165/660/1 4166/661/1 4169/661/1 4168/660/1
f 4166/661/814 4178/662/82 4179/663/386 4169/661/815
f 4167/254/1 4168/660/1 4171/660/812 4170/254/810
f 4168/660/1 4169/661/1 4172/661/1 4171/660/812
f 4169/661/815 4179/663/386 4180/664/55 4172/661/55
f 4156/665/1 4173/666/1 4176/667/1 4175/668/1
f 4173/666/82 4174/662/82 4177/663/816 4176/667/82
f 4174/662/82 4162/73/817 4163/73/818 4177/663/816
f 4175/668/1 4176/667/1 4179/663/1 4178/662/1
f 4176/667/1 4177/663/1 4180/664/1 4179/663/1
f 4177/663/816 4163/73/818 4164/73/1 4180/664/1
f 4164/73/63 4172/661/63 4180/664/63
f 4181/259/1 4184/259/712 4187/73/819 4186/73/1
f 4184/259/712 4185/259/711 4188/73/714 4187/73/819
f 4185/259/709 4197/259/709 4198/669/589 4188/73/709
f 4186/73/1 4187/73/819 4190/73/1 4189/73/1
f 4187/73/819 4188/73/714 4191/73/820 4190/73/1
f 4188/73/709 4198/669/589 4199/670/589 4191/73/589
f 4182/259/1 4192/669/1 4195/669/1 4194/259/1
f 4192/669/1 4193/670/1 4196/670/1 4195/669/1
f 4193/670/821 4205/671/82 4206/672/55 4196/670/822
f 4194/259/1 4195/669/1 4198/669/1 4197/259/1
f 4195/669/1 4196/670/1 4199/670/1 4198/669/1
f 4196/670/822 4206/672/55 4207/673/1 4199/670/1
f 4183/674/1 4200/675/1 4203/676/629 4202/675/1
f 4200/675/1 4201/671/1 4204/672/43 4203/676/629
f 4201/671/82 4189/73/823 4190/73/824 4204/672/825
f 4202/675/82 4203/676/82 4206/672/55 4205/671/82
f 4203/676/629 4204/672/43 4207/673/43 4206/672/43
f 4204/672/825 4190/73/824 4191/73/1 4207/673/1
f 4191/73/82 4199/670/82 4207/673/82
f 4208/266/1 4211/266/826 4214/73/574 4213/73/1
f 4211/266/826 4212/266/827 4215/677/828 4214/73/574
f 4212/266/829 4224/266/274 4225/678/1 4215/677/829
f 4213/73/1 4214/73/574 4217/73/1 4216/73/1
f 4214/73/745 4215/677/745 4218/73/745 4217/73/745
f 4215/677/830 4225/678/830 4226/679/830 4218/73/830
f 4209/266/1 4219/680/1 4222/680/1 4221/266/1
f 4219/680/1 4220/681/1 4223/681/1 4222/680/1
f 4220/681/82 4232/682/82 4233/683/1 4223/681/1
f 4221/266/1 4222/680/1 4225/678/1 4224/266/274
f 4222/680/50 4223/681/50 4226/679/50 4225/678/50
f 4223/681/831 4233/683/831 4234/684/831 4226/679/831
f 4210/685/1 4227/686/1 4230/687/832 4229/686/1
f 4227/686/82 4228/682/833 4231/683/82 4230/687/139
f 4228/682/833 4216/73/82 4217/73/82 4231/683/82
f 4229/686/1 4230/687/832 4233/683/274 4232/682/832
f 4230/687/832 4231/683/274 4234/684/7 4233/683/274
f 4231/683/274 4217/73/82 4218/73/82 4234/684/7
f 4218/73/834 4226/679/834 4234/684/834
f 4469/688/835 4472/689/836 4475/690/837 4474/691/838
f 4472/689/836 4473/692/839 4476/693/840 4475/690/837
f 4473/692/839 4485/694/841 4486/695/842 4476/693/840
f 4474/691/838 4475/690/837 4478/696/843 4477/697/844
f 4475/690/837 4476/693/840 4479/698/845 4478/696/843
f 4476/693/840 4486/695/842 4487/699/846 4479/698/845
f 4470/700/847 4480/701/848 4483/702/849 4482/703/850
f 4480/701/848 4481/704/851 4484/705/852 4483/702/849
f 4481/704/851 4493/706/853 4494/707/854 4484/705/852
f 4482/703/850 4483/702/849 4486/695/842 4485/694/841
f 4483/702/849 4484/705/852 4487/699/846 4486/695/842
f 4484/705/852 4494/707/854 4495/708/855 4487/699/846
f 4471/709/856 4488/710/857 4491/711/858 4490/712/859
f 4488/710/857 4489/713/860 4492/714/861 4491/711/858
f 4489/713/860 4477/697/844 4478/696/843 4492/714/861
f 4490/712/859 4491/711/858 4494/707/854 4493/706/853
f 4491/711/858 4492/714/861 4495/708/855 4494/707/854
f 4492/714/861 4478/696/843 4479/698/845 4495/708/855
f 4479/698/845 4487/699/846 4495/708/855
f 4502/715/862 4505/716/863 4508/717/864 4507/718/865
f 4505/716/863 4506/719/866 4509/720/867 4508/717/864
f 4506/719/866 4518/721/868 4519/722/869 4509/720/867
f 4507/718/865 4508/717/864 4511/723/870 4510/724/871
f 4508/717/864 4509/720/867 4512/725/872 4511/723/870
f 4509/720/867 4519/722/869 4520/726/873 4512/725/872
f 4503/727/874 4513/728/875 4516/729/876 4515/730/877
f 4513/728/875 4514/731/878 4517/732/879 4516/729/876
f 4514/731/878 4526/733/880 4527/734/881 4517/732/879
f 4515/730/877 4516/729/876 4519/722/869 4518/721/868
f 4516/729/876 4517/732/879 4520/726/873 4519/722/869
f 4517/732/879 4527/734/881 4528/735/882 4520/726/873
f 4504/736/883 4521/737/884 4524/738/885 4523/739/886
f 4521/737/884 4522/740/887 4525/741/888 4524/738/885
f 4522/740/887 4510/724/871 4511/723/870 4525/741/888
f 4523/739/886 4524/738/885 4527/734/881 4526/733/880
f 4524/738/885 4525/741/888 4528/735/882 4527/734/881
f 4525/741/888 4511/723/870 4512/725/872 4528/735/882
f 4512/725/872 4520/726/873 4528/735/882
f 4529/284/889 4532/742/890 4535/743/891 4534/744/892
f 4532/742/890 4533/745/893 4536/746/894 4535/743/891
f 4533/745/893 4545/747/895 4546/748/896 4536/746/894
f 4534/744/892 4535/743/891 4538/749/897 4537/750/898
f 4535/743/891 4536/746/894 4539/751/899 4538/749/897
f 4536/746/894 4546/748/896 4547/752/900 4539/751/899
f 4530/753/901 4540/754/902 4543/755/903 4542/756/904
f 4540/754/902 4541/757/905 4544/758/906 4543/755/903
f 4541/757/905 4553/759/907 4554/760/908 4544/758/906
f 4542/756/904 4543/755/903 4546/748/896 4545/747/895
f 4543/755/903 4544/758/906 4547/752/900 4546/748/896
f 4544/758/906 4554/760/908 4555/761/909 4547/752/900
f 4531/762/910 4548/763/911 4551/764/912 4550/765/913
f 4548/763/911 4549/766/914 4552/767/915 4551/764/912
f 4549/766/914 4537/750/898 4538/749/897 4552/767/915
f 4550/765/913 4551/764/912 4554/760/908 4553/759/907
f 4551/764/912 4552/767/915 4555/761/909 4554/760/908
f 4552/767/915 4538/749/897 4539/751/899 4555/761/909
f 4539/751/899 4547/752/900 4555/761/909
f 4562/768/916 4565/769/917 4568/770/918 4567/771/919
f 4565/769/917 4566/772/920 4569/773/921 4568/770/918
f 4566/772/920 4578/774/922 4579/775/923 4569/773/921
f 4567/771/919 4568/770/918 4571/776/924 4570/777/925
f 4568/770/918 4569/773/921 4572/778/926 4571/776/924
f 4569/773/921 4579/775/923 4580/779/927 4572/778/926
f 4563/780/928 4573/781/929 4576/782/930 4575/783/931
f 4573/781/929 4574/784/932 4577/785/933 4576/782/930
f 4574/784/932 4586/786/934 4587/787/935 4577/785/933
f 4575/783/931 4576/782/930 4579/775/923 4578/774/922
f 4576/782/930 4577/785/933 4580/779/927 4579/775/923
f 4577/785/933 4587/787/935 4588/788/936 4580/779/927
f 4564/311/937 4581/789/938 4584/790/939 4583/791/940
f 4581/789/938 4582/792/941 4585/793/942 4584/790/939
f 4582/792/941 4570/777/925 4571/776/924 4585/793/942
f 4583/791/940 4584/790/939 4587/787/935 4586/786/934
f 4584/790/939 4585/793/942 4588/788/936 4587/787/935
f 4585/793/942 4571/776/924 4572/778/926 4588/788/936
f 4572/778/926 4580/779/927 4588/788/936
f 3373/387/82 3398/390/82 3403/393/535 3390/388/82
f 3390/388/82 3403/393/535 3406/397/82 3391/384/82
f 3391/384/82 3406/397/82 3418/402/544 3379/73/82
f 3379/73/82 3418/402/544 3417/401/541 3376/73/82
f 3376/73/82 3417/401/541 3400/74/540 3371/67/82
f 3427/408/82 3373/387/82 3392/388/82 3444/409/82
f 3444/409/82 3392/388/82 3395/384/533 3445/411/82
f 3445/411/82 3395/384/533 3383/383/82 3433/73/82
f 3433/73/82 3383/383/82 3382/382/82 3430/73/82
f 3430/73/82 3382/382/82 3372/67/82 3425/80/82
f 3454/417/82 3427/408/82 3446/409/82 3471/418/82
f 3471/418/82 3446/409/82 3449/405/82 3472/414/82
f 3472/414/82 3449/405/82 3437/404/82 3460/73/82
f 3460/73/82 3437/404/82 3436/403/82 3457/73/82
f 3457/73/82 3436/403/82 3426/80/82 3452/87/82
f 3481/425/82 3454/417/82 3473/418/82 3498/426/82
f 3498/426/82 3473/418/82 3476/414/82 3499/428/82
f 3499/428/82 3476/414/82 3464/413/82 3487/73/82
f 3487/73/82 3464/413/82 3463/412/82 3484/73/82
f 3484/73/82 3463/412/82 3453/87/82 3479/93/82
f 3508/434/82 3481/425/82 3500/426/82 3525/435/82
f 3525/435/82 3500/426/82 3503/422/82 3526/431/584
f 3526/431/584 3503/422/82 3491/421/82 3514/73/82
f 3514/73/82 3491/421/82 3490/420/82 3511/73/82
f 3511/73/82 3490/420/82 3480/93/82 3506/99/82
f 3535/443/82 3508/434/82 3527/437/82 3552/444/597
f 3552/444/597 3527/437/82 3530/431/82 3553/440/597
f 3553/440/597 3530/431/82 3518/430/82 3541/73/599
f 3541/73/599 3518/430/82 3517/429/82 3538/73/82
f 3538/73/82 3517/429/82 3507/99/82 3533/106/82
f 3562/452/82 3535/443/82 3554/446/597 3579/453/82
f 3579/453/82 3554/446/597 3557/440/82 3580/456/82
f 3580/456/82 3557/440/82 3545/439/82 3568/73/82
f 3568/73/82 3545/439/82 3544/438/82 3565/73/82
f 3565/73/82 3544/438/82 3534/106/82 3560/113/82
f 3589/464/82 3562/452/82 3581/455/82 3606/465/82
f 3606/465/82 3581/455/82 3584/449/82 3607/468/82
f 3607/468/82 3584/449/82 3572/448/608 3595/73/82
f 3595/73/82 3572/448/608 3571/447/82 3592/73/82
f 3592/73/82 3571/447/82 3561/113/82 3587/120/82
f 3616/475/82 3589/464/82 3608/467/82 3633/476/82
f 3633/476/82 3608/467/82 3611/461/82 3634/472/82
f 3634/472/82 3611/461/82 3599/460/82 3622/73/82
f 3622/73/82 3599/460/82 3598/459/82 3619/73/82
f 3619/73/82 3598/459/82 3588/120/557 3614/125/557
f 3643/485/82 3616/475/82 3635/478/82 3660/486/82
f 3660/486/82 3635/478/82 3638/472/631 3661/482/82
f 3661/482/82 3638/472/631 3626/471/82 3649/73/642
f 3649/73/642 3626/471/82 3625/470/82 3646/73/82
f 3646/73/82 3625/470/82 3615/125/82 3641/132/82
f 3670/493/82 3643/485/82 3662/486/82 3687/494/82
f 3687/494/82 3662/486/82 3665/482/645 3688/490/82
f 3688/490/82 3665/482/645 3653/481/82 3676/73/82
f 3676/73/82 3653/481/82 3652/480/82 3673/73/82
f 3673/73/82 3652/480/82 3642/132/82 3668/139/82
f 3697/502/82 3670/493/82 3689/496/82 3714/503/82
f 3714/503/82 3689/496/82 3692/490/584 3715/499/82
f 3715/499/82 3692/490/584 3680/489/82 3703/73/82
f 3703/73/82 3680/489/82 3679/488/82 3700/73/82
f 3700/73/82 3679/488/82 3669/139/82 3695/144/82
f 3724/510/82 3697/502/82 3716/503/82 3741/511/82
f 3741/511/82 3716/503/82 3719/499/82 3742/507/82
f 3742/507/82 3719/499/82 3707/498/82 3730/73/670
f 3730/73/670 3707/498/82 3706/497/82 3727/73/82
f 3727/73/82 3706/497/82 3696/144/82 3722/150/82
f 3751/519/82 3724/510/82 3743/511/82 3768/520/82
f 3768/520/82 3743/511/82 3746/507/82 3769/516/82
f 3769/516/82 3746/507/82 3734/506/667 3757/73/676
f 3757/73/676 3734/506/667 3733/505/82 3754/73/82
f 3754/73/82 3733/505/82 3723/150/82 3749/158/82
f 3778/529/82 3751/519/82 3770/520/82 3795/530/82
f 3795/530/82 3770/520/82 3773/516/82 3796/526/686
f 3796/526/686 3773/516/82 3761/515/675 3784/73/82
f 3784/73/82 3761/515/675 3760/513/82 3781/73/82
f 3781/73/82 3760/513/82 3750/158/82 3776/164/82
f 3805/540/82 3778/529/82 3797/532/82 3822/541/82
f 3822/541/82 3797/532/82 3800/526/82 3823/544/82
f 3823/544/82 3800/526/82 3788/525/82 3811/73/82
f 3811/73/82 3788/525/82 3787/524/82 3808/73/82
f 3808/73/82 3787/524/82 3777/164/82 3803/170/82
f 3832/553/82 3805/540/82 3824/543/82 3849/554/82
f 3849/554/82 3824/543/82 3827/537/82 3850/550/82
f 3850/550/82 3827/537/82 3815/536/82 3838/73/82
f 3838/73/82 3815/536/82 3814/535/82 3835/73/82
f 3835/73/82 3814/535/82 3804/170/82 3830/176/82
f 3859/561/82 3832/553/82 3851/554/82 3876/562/82
f 3876/562/82 3851/554/82 3854/550/707 3877/558/82
f 3877/558/82 3854/550/707 3842/549/82 3865/73/82
f 3865/73/82 3842/549/82 3841/548/82 3862/73/82
f 3862/73/82 3841/548/82 3831/176/82 3857/182/82
f 3886/569/82 3859/561/82 3878/562/82 3903/570/82
f 3903/570/82 3878/562/82 3881/558/82 3904/566/82
f 3904/566/82 3881/558/82 3869/557/82 3892/73/82
f 3892/73/82 3869/557/82 3868/556/82 3889/73/82
f 3889/73/82 3868/556/82 3858/182/82 3884/191/82
f 3913/578/82 3886/569/82 3905/572/82 3930/579/82
f 3930/579/82 3905/572/82 3908/566/82 3931/581/82
f 3931/581/82 3908/566/82 3896/565/82 3919/73/82
f 3919/73/82 3896/565/82 3895/564/82 3916/73/82
f 3916/73/82 3895/564/82 3885/191/82 3911/196/82
f 3940/588/82 3913/578/82 3932/579/82 3957/589/82
f 3957/589/82 3932/579/82 3935/575/82 3958/585/742
f 3958/585/742 3935/575/82 3923/574/82 3946/73/82
f 3946/73/82 3923/574/82 3922/573/82 3943/73/82
f 3943/73/82 3922/573/82 3912/196/82 3938/201/82
f 3967/598/82 3940/588/82 3959/591/82 3984/599/82
f 3984/599/82 3959/591/82 3962/585/82 3985/601/756
f 3985/601/756 3962/585/82 3950/584/82 3973/593/82
f 3973/593/82 3950/584/82 3949/583/82 3970/73/82
f 3970/73/82 3949/583/82 3939/201/82 3965/207/82
f 3994/607/82 3967/598/82 3986/599/82 4011/608/770
f 4011/608/770 3986/599/82 3989/595/82 4012/610/557
f 4012/610/557 3989/595/82 3977/594/82 4000/73/587
f 4000/73/587 3977/594/82 3976/592/82 3997/73/82
f 3997/73/82 3976/592/82 3966/207/82 3992/213/82
f 4021/619/82 3994/607/82 4013/608/756 4038/620/82
f 4038/620/82 4013/608/756 4016/604/82 4039/623/82
f 4039/623/82 4016/604/82 4004/603/82 4027/73/82
f 4027/73/82 4004/603/82 4003/602/82 4024/73/82
f 4024/73/82 4003/602/82 3993/213/82 4019/221/82
f 4048/630/82 4021/619/82 4040/622/82 4065/631/96
f 4065/631/96 4040/622/82 4043/616/82 4066/633/82
f 4066/633/82 4043/616/82 4031/615/82 4054/73/82
f 4054/73/82 4031/615/82 4030/614/82 4051/73/82
f 4051/73/82 4030/614/82 4020/221/82 4046/227/719
f 4075/639/82 4048/630/82 4067/631/96 4092/640/82
f 4092/640/82 4067/631/96 4070/627/584 4093/636/82
f 4093/636/82 4070/627/584 4058/626/82 4081/73/82
f 4081/73/82 4058/626/82 4057/625/82 4078/73/82
f 4078/73/82 4057/625/82 4047/227/82 4073/233/82
f 4102/647/82 4075/639/82 4094/640/82 4119/648/82
f 4119/648/82 4094/640/82 4097/636/586 4120/644/82
f 4120/644/82 4097/636/586 4085/635/792 4108/73/82
f 4108/73/82 4085/635/792 4084/634/82 4105/73/82
f 4105/73/82 4084/634/82 4074/233/82 4100/239/82
f 4129/655/82 4102/647/82 4121/648/82 4146/656/82
f 4146/656/82 4121/648/82 4124/644/742 4147/658/82
f 4147/658/82 4124/644/742 4112/643/82 4135/73/82
f 4135/73/82 4112/643/82 4111/642/82 4132/73/82
f 4132/73/82 4111/642/82 4101/239/82 4127/246/82
f 4156/665/82 4129/655/82 4148/656/82 4173/666/82
f 4173/666/82 4148/656/82 4151/652/82 4174/662/82
f 4174/662/82 4151/652/82 4139/651/82 4162/73/817
f 4162/73/817 4139/651/82 4138/650/82 4159/73/82
f 4159/73/82 4138/650/82 4128/246/82 4154/254/82
f 4183/674/82 4156/665/82 4175/668/82 4200/675/82
f 4200/675/82 4175/668/82 4178/662/82 4201/671/82
f 4201/671/82 4178/662/82 4166/661/814 4189/73/823
f 4189/73/823 4166/661/814 4165/660/82 4186/73/82
f 4186/73/82 4165/660/82 4155/254/82 4181/259/82
f 4210/685/82 4183/674/82 4202/675/82 4227/686/82
f 4227/686/82 4202/675/82 4205/671/82 4228/682/833
f 4228/682/833 4205/671/82 4193/670/821 4216/73/82
f 4216/73/82 4193/670/821 4192/669/82 4213/73/82
f 4213/73/82 4192/669/82 4182/259/82 4208/266/82
f 3398/390/82 4210/685/82 4229/686/82 3401/391/535
f 3401/391/535 4229/686/82 4232/682/82 3402/394/82
f 3402/394/82 4232/682/82 4220/681/82 3414/73/537
f 3414/73/537 4220/681/82 4219/680/82 3411/73/82
f 3411/73/82 4219/680/82 4209/266/82 3399/74/82
f 871/67/1519 896/74/1519 901/75/1519 888/73/1519
f 888/73/1519 901/75/1519 904/76/1519 889/73/1519
f 889/73/1519 904/76/1519 916/79/1519 877/67/1519
f 877/67/1519 916/79/1519 915/74/1519 874/67/1519
f 874/67/1519 915/74/1519 898/78/1520 869/66/1521
f 925/80/1522 870/67/1522 882/71/1522 942/73/1522
f 942/73/1522 882/71/1522 885/68/1522 943/73/1522
f 943/73/1522 885/68/1522 873/67/1522 931/80/1522
f 931/80/1522 873/67/1522 872/67/1522 928/80/41
f 928/80/41 872/67/1522 869/66/1521 923/80/39
f 952/87/1523 924/80/1523 936/85/1523 969/73/1523
f 969/73/1523 936/85/1523 939/81/1523 970/73/1523
f 970/73/1523 939/81/1523 927/80/1523 958/90/62
f 958/90/62 927/80/1523 926/80/40 955/87/60
f 955/87/60 926/80/40 923/80/39 950/87/1524
f 979/93/1525 951/87/1525 963/91/1525 996/73/1525
f 996/73/1525 963/91/1525 966/89/1525 997/73/1525
f 997/73/1525 966/89/1525 954/87/1525 985/93/1525
f 985/93/1525 954/87/1525 953/87/1525 982/93/1525
f 982/93/1525 953/87/1525 950/87/1524 977/92/1526
f 1006/99/1527 978/93/1527 990/97/1527 1023/73/1527
f 1023/73/1527 990/97/1527 993/94/1527 1024/73/1527
f 1024/73/1527 993/94/1527 981/93/1527 1012/99/1527
f 1012/99/1527 981/93/1527 980/93/1527 1009/99/1527
f 1009/99/1527 980/93/1527 977/92/1526 1004/99/1528
f 1033/106/104 1005/99/104 1017/104/104 1050/73/104
f 1050/73/104 1017/104/104 1020/102/104 1051/73/103
f 1051/73/103 1020/102/104 1008/101/104 1039/106/104
f 1039/106/104 1008/101/104 1007/99/104 1036/106/104
f 1036/106/104 1007/99/104 1004/99/1528 1031/105/1529
f 1060/113/1530 1032/106/1530 1044/110/1530 1077/73/1530
f 1077/73/1530 1044/110/1530 1047/108/1530 1078/73/1530
f 1078/73/1530 1047/108/1530 1035/106/1530 1066/113/1530
f 1066/113/1530 1035/106/1530 1034/105/1530 1063/113/1530
f 1063/113/1530 1034/105/1530 1031/105/1529 1058/112/1531
f 1087/120/1532 1059/113/1532 1071/116/1532 1104/73/1532
f 1104/73/1532 1071/116/1532 1074/114/1532 1105/73/136
f 1105/73/136 1074/114/1532 1062/113/1532 1093/120/126
f 1093/120/126 1062/113/1532 1061/113/1532 1090/119/1532
f 1090/119/1532 1061/113/1532 1058/112/1531 1085/118/1533
f 1114/125/145 1086/120/145 1098/124/145 1131/73/145
f 1131/73/145 1098/124/145 1101/122/145 1132/73/145
f 1132/73/145 1101/122/145 1089/120/145 1120/125/147
f 1120/125/147 1089/120/145 1088/119/145 1117/125/145
f 1117/125/145 1088/119/145 1085/118/1533 1112/125/1534
f 1141/132/1535 1113/125/1535 1125/129/1535 1158/73/1535
f 1158/73/1535 1125/129/1535 1128/127/1535 1159/73/1535
f 1159/73/1535 1128/127/1535 1116/126/1535 1147/132/1535
f 1147/132/1535 1116/126/1535 1115/125/1535 1144/132/1535
f 1144/132/1535 1115/125/1535 1112/125/1534 1139/131/1536
f 1168/139/171 1140/132/171 1152/137/171 1185/73/171
f 1185/73/171 1152/137/171 1155/133/171 1186/73/171
f 1186/73/171 1155/133/171 1143/132/171 1174/142/173
f 1174/142/173 1143/132/171 1142/132/171 1171/139/171
f 1171/139/171 1142/132/171 1139/131/1536 1166/139/1537
f 1195/144/1538 1167/139/1538 1179/143/1538 1212/73/1538
f 1212/73/1538 1179/143/1538 1182/141/1538 1213/73/1538
f 1213/73/1538 1182/141/1538 1170/140/1538 1201/144/1538
f 1201/144/1538 1170/140/1538 1169/139/1538 1198/144/1538
f 1198/144/1538 1169/139/1538 1166/139/1537 1193/144/1539
f 1222/150/1540 1194/144/1540 1206/148/1540 1239/73/1540
f 1239/73/1540 1206/148/1540 1209/145/1540 1240/73/1540
f 1240/73/1540 1209/145/1540 1197/144/1540 1228/155/1540
f 1228/155/1540 1197/144/1540 1196/144/1540 1225/152/1540
f 1225/152/1540 1196/144/1540 1193/144/1539 1220/150/1541
f 1249/158/1542 1221/150/1542 1233/157/1542 1266/73/1542
f 1266/73/1542 1233/157/1542 1236/154/1542 1267/73/1542
f 1267/73/1542 1236/154/1542 1224/150/1542 1255/158/1542
f 1255/158/1542 1224/150/1542 1223/151/1542 1252/158/1542
f 1252/158/1542 1223/151/1542 1220/150/1541 1247/158/1543
f 1276/164/1544 1248/158/1544 1260/161/1544 1293/73/1544
f 1293/73/1544 1260/161/1544 1263/159/1544 1294/73/1544
f 1294/73/1544 1263/159/1544 1251/158/1544 1282/164/1544
f 1282/164/1544 1251/158/1544 1250/158/1544 1279/164/1544
f 1279/164/1544 1250/158/1544 1247/158/1543 1274/163/1545
f 1303/170/1546 1275/164/1546 1287/168/1546 1320/73/1546
f 1320/73/1546 1287/168/1546 1290/166/1546 1321/73/240
f 1321/73/240 1290/166/1546 1278/165/1546 1309/170/230
f 1309/170/230 1278/165/1546 1277/164/1546 1306/172/1546
f 1306/172/1546 1277/164/1546 1274/163/1545 1301/170/1547
f 1330/176/1548 1302/170/1548 1314/174/1548 1347/73/1548
f 1347/73/1548 1314/174/1548 1317/173/1548 1348/73/1548
f 1348/73/1548 1317/173/1548 1305/171/1548 1336/178/1548
f 1336/178/1548 1305/171/1548 1304/171/1548 1333/176/1548
f 1333/176/1548 1304/171/1548 1301/170/1547 1328/175/1549
f 1357/182/1550 1329/176/1550 1341/180/1550 1374/73/1550
f 1374/73/1550 1341/180/1550 1344/177/1550 1375/73/1550
f 1375/73/1550 1344/177/1550 1332/176/1550 1363/182/1550
f 1363/182/1550 1332/176/1550 1331/176/1550 1360/182/260
f 1360/182/260 1331/176/1550 1328/175/1549 1355/182/258
f 1384/191/1551 1356/182/1551 1368/188/1551 1401/73/1551
f 1401/73/1551 1368/188/1551 1371/185/1551 1402/73/1551
f 1402/73/1551 1371/185/1551 1359/183/1551 1390/193/275
f 1390/193/275 1359/183/1551 1358/182/259 1387/191/273
f 1387/191/273 1358/182/259 1355/182/258 1382/190/1552
f 1411/196/1553 1383/191/1553 1395/194/1553 1428/73/1553
f 1428/73/1553 1395/194/1553 1398/192/1553 1429/73/1553
f 1429/73/1553 1398/192/1553 1386/191/1553 1417/196/1553
f 1417/196/1553 1386/191/1553 1385/191/1553 1414/196/1553
f 1414/196/1553 1385/191/1553 1382/190/1552 1409/195/1554
f 1438/201/1555 1410/196/1555 1422/199/1555 1455/73/1555
f 1455/73/1555 1422/199/1555 1425/197/1555 1456/73/1555
f 1456/73/1555 1425/197/1555 1413/196/1555 1444/201/1555
f 1444/201/1555 1413/196/1555 1412/196/1555 1441/201/1555
f 1441/201/1555 1412/196/1555 1409/195/1554 1436/201/1556
f 1465/207/1557 1437/201/1557 1449/205/1557 1482/73/1557
f 1482/73/1557 1449/205/1557 1452/203/1557 1483/73/1557
f 1483/73/1557 1452/203/1557 1440/202/1557 1471/207/1557
f 1471/207/1557 1440/202/1557 1439/201/1557 1468/207/1557
f 1468/207/1557 1439/201/1557 1436/201/1556 1463/206/1558
f 1492/213/1559 1464/207/1559 1476/211/1559 1509/73/1559
f 1509/73/1559 1476/211/1559 1479/208/1559 1510/73/1559
f 1510/73/1559 1479/208/1559 1467/207/1559 1498/213/1559
f 1498/213/1559 1467/207/1559 1466/206/1559 1495/213/308
f 1495/213/308 1466/206/1559 1463/206/1558 1490/213/306
f 1519/221/1560 1491/213/1560 1503/218/1560 1536/73/1560
f 1536/73/1560 1503/218/1560 1506/215/1560 1537/73/340
f 1537/73/340 1506/215/1560 1494/214/1560 1525/221/330
f 1525/221/330 1494/214/1560 1493/213/307 1522/221/1560
f 1522/221/1560 1493/213/307 1490/213/306 1517/220/1561
f 1546/227/1562 1518/221/1562 1530/225/1562 1563/73/1562
f 1563/73/1562 1530/225/1562 1533/223/1562 1564/73/1562
f 1564/73/1562 1533/223/1562 1521/221/1562 1552/227/1562
f 1552/227/1562 1521/221/1562 1520/221/1562 1549/227/1562
f 1549/227/1562 1520/221/1562 1517/220/1561 1544/226/1563
f 1573/233/1564 1545/227/1564 1557/230/1564 1590/73/1564
f 1590/73/1564 1557/230/1564 1560/228/1564 1591/73/1564
f 1591/73/1564 1560/228/1564 1548/227/1564 1579/233/1564
f 1579/233/1564 1548/227/1564 1547/227/1564 1576/233/1564
f 1576/233/1564 1547/227/1564 1544/226/1563 1571/232/1565
f 1600/239/369 1572/233/369 1584/237/369 1617/73/369
f 1617/73/369 1584/237/369 1587/235/369 1618/73/369
f 1618/73/369 1587/235/369 1575/233/369 1606/239/371
f 1606/239/371 1575/233/369 1574/233/369 1603/241/369
f 1603/241/369 1574/233/369 1571/232/1565 1598/239/1566
f 1627/246/1567 1599/239/1567 1611/244/1567 1644/73/1567
f 1644/73/1567 1611/244/1567 1614/243/1567 1645/73/1567
f 1645/73/1567 1614/243/1567 1602/242/1567 1633/246/1567
f 1633/246/1567 1602/242/1567 1601/239/1567 1630/246/1567
f 1630/246/1567 1601/239/1567 1598/239/1566 1625/245/1568
f 1654/254/1569 1626/246/1569 1638/251/1569 1671/73/1569
f 1671/73/1569 1638/251/1569 1641/247/1569 1672/73/1569
f 1672/73/1569 1641/247/1569 1629/246/1569 1660/254/1569
f 1660/254/1569 1629/246/1569 1628/246/1569 1657/254/1569
f 1657/254/1569 1628/246/1569 1625/245/1568 1652/253/1570
f 1681/259/1571 1653/254/1571 1665/258/1571 1698/73/1571
f 1698/73/1571 1665/258/1571 1668/256/1571 1699/73/1571
f 1699/73/1571 1668/256/1571 1656/254/1571 1687/259/1571
f 1687/259/1571 1656/254/1571 1655/254/1571 1684/259/1571
f 1684/259/1571 1655/254/1571 1652/253/1570 1679/259/1572
f 1708/266/1573 1680/259/1573 1692/263/1573 1725/73/1573
f 1725/73/1573 1692/263/1573 1695/261/1573 1726/73/1573
f 1726/73/1573 1695/261/1573 1683/260/1573 1714/268/1573
f 1714/268/1573 1683/260/1573 1682/259/1573 1711/266/1573
f 1711/266/1573 1682/259/1573 1679/259/1572 1706/265/1574
f 897/74/1575 1707/266/1575 1719/270/1575 907/73/1575
f 907/73/1575 1719/270/1575 1722/267/1575 908/77/25
f 908/77/25 1722/267/1575 1710/266/1575 920/74/26
f 920/74/26 1710/266/1575 1709/266/1575 917/74/1575
f 917/74/1575 1709/266/1575 1706/265/1574 898/78/1520
f 4046/227/1 1546/227/1 1565/227/1 4049/227/779
f 4049/227/779 1565/227/1 1568/227/1 4050/227/780
f 4050/227/780 1568/227/1 1556/227/1 4062/227/1
f 4062/227/1 1556/227/1 1555/227/1 4059/227/1
f 4059/227/1 1555/227/1 1545/227/1 4047/227/1
f 1572/233/1 4074/233/1 4086/233/1 1582/233/1
f 1582/233/1 4086/233/1 4089/233/1 1583/233/1
f 1583/233/1 4089/233/1 4077/233/787 1595/233/1
f 1595/233/1 4077/233/787 4076/233/730 1592/233/1
f 1592/233/1 4076/233/730 4073/233/1 1573/233/1
f 3695/144/1 1195/144/1 1214/144/1 3698/144/570
f 3698/144/570 1214/144/1 1217/144/1 3699/144/1
f 3699/144/1 1217/144/1 1205/144/1 3711/144/568
f 3711/144/568 1205/144/1 1204/144/1 3708/144/1
f 3708/144/1 1204/144/1 1194/144/1 3696/144/1
f 1221/150/1 3723/150/1 3735/150/1 1231/150/1
f 1231/150/1 3735/150/1 3738/150/663 1232/150/1
f 1232/150/1 3738/150/663 3726/150/663 1244/150/1
f 1244/150/1 3726/150/663 3725/150/1 1241/150/1
f 1241/150/1 3725/150/1 3722/150/1 1222/150/1
f 1599/239/1 4101/239/1 4113/239/1 1609/239/1
f 1609/239/1 4113/239/1 4116/239/1 1610/239/1
f 1610/239/1 4116/239/1 4104/239/1 1622/239/1
f 1622/239/1 4104/239/1 4103/239/1 1619/239/1
f 1619/239/1 4103/239/1 4100/239/1 1600/239/1
f 1248/158/1 3750/158/1 3762/158/1 1258/158/1
f 1258/158/1 3762/158/1 3765/158/1 1259/158/1
f 1259/158/1 3765/158/1 3753/158/549 1271/158/1
f 1271/158/1 3753/158/549 3752/158/550 1268/158/1
f 1268/158/1 3752/158/550 3749/158/1 1249/158/1
f 3399/74/1 897/74/1 909/74/1 3409/74/1
f 3409/74/1 909/74/1 912/74/1 3410/74/539
f 3410/74/539 912/74/1 900/74/1 3422/74/539
f 3422/74/539 900/74/1 899/74/1 3419/74/1
f 3419/74/1 899/74/1 896/74/1 3400/74/1
f 870/67/1 3372/67/1 3384/67/1 880/67/1
f 880/67/1 3384/67/1 3387/67/527 881/67/1
f 881/67/1 3387/67/527 3375/67/526 893/67/1
f 893/67/1 3375/67/526 3374/67/1 890/67/1
f 890/67/1 3374/67/1 3371/67/1 871/67/1
f 1626/246/1 4128/246/1 4140/246/1 1636/246/1
f 1636/246/1 4140/246/1 4143/246/730 1637/246/1
f 1637/246/1 4143/246/730 4131/246/1 1649/246/1
f 1649/246/1 4131/246/1 4130/246/732 1646/246/1
f 1646/246/1 4130/246/732 4127/246/1 1627/246/1
f 1275/164/1 3777/164/1 3789/164/1 1285/164/1
f 1285/164/1 3789/164/1 3792/164/1 1286/164/1
f 1286/164/1 3792/164/1 3780/164/680 1298/164/1
f 1298/164/1 3780/164/680 3779/164/679 1295/164/1
f 1295/164/1 3779/164/679 3776/164/1 1276/164/1
f 924/80/1 3426/80/1 3438/80/1 934/80/1
f 934/80/1 3438/80/1 3441/80/550 935/80/1
f 935/80/1 3441/80/550 3429/80/549 947/80/1
f 947/80/1 3429/80/549 3428/80/1 944/80/1
f 944/80/1 3428/80/1 3425/80/1 925/80/1
f 1653/254/1 4155/254/1 4167/254/1 1663/254/1
f 1663/254/1 4167/254/1 4170/254/810 1664/254/1
f 1664/254/1 4170/254/810 4158/254/810 1676/254/1
f 1676/254/1 4158/254/810 4157/254/1 1673/254/1
f 1673/254/1 4157/254/1 4154/254/1 1654/254/1
f 1302/170/1 3804/170/690 3816/170/693 1312/170/1
f 1312/170/1 3816/170/693 3819/170/643 1313/170/1
f 1313/170/1 3819/170/643 3807/170/643 1325/170/1
f 1325/170/1 3807/170/643 3806/170/1 1322/170/1
f 1322/170/1 3806/170/1 3803/170/1 1303/170/1
f 951/87/1 3453/87/1 3465/87/1 961/87/1
f 961/87/1 3465/87/1 3468/87/1 962/87/1
f 962/87/1 3468/87/1 3456/87/1 974/87/1
f 974/87/1 3456/87/1 3455/87/1 971/87/1
f 971/87/1 3455/87/1 3452/87/1 952/87/1
f 1680/259/1 4182/259/1 4194/259/1 1690/259/1
f 1690/259/1 4194/259/1 4197/259/1 1691/259/1
f 1691/259/1 4197/259/1 4185/259/711 1703/259/1
f 1703/259/1 4185/259/711 4184/259/712 1700/259/1
f 1700/259/1 4184/259/712 4181/259/1 1681/259/1
f 1329/176/1 3831/176/1 3843/176/1 1339/176/1
f 1339/176/1 3843/176/1 3846/176/702 1340/176/1
f 1340/176/1 3846/176/702 3834/176/701 1352/176/1
f 1352/176/1 3834/176/701 3833/176/1 1349/176/1
f 1349/176/1 3833/176/1 3830/176/1 1330/176/1
f 978/93/1 3480/93/1 3492/93/1 988/93/1
f 988/93/1 3492/93/1 3495/93/570 989/93/1
f 989/93/1 3495/93/570 3483/93/1 1001/93/1
f 1001/93/1 3483/93/1 3482/93/568 998/93/1
f 998/93/1 3482/93/568 3479/93/1 979/93/1
f 1707/266/1 4209/266/1 4221/266/1 1717/266/1
f 1717/266/1 4221/266/1 4224/266/1 1718/266/1
f 1718/266/1 4224/266/1 4212/266/827 1730/266/1
f 1730/266/1 4212/266/827 4211/266/826 1727/266/1
f 1727/266/1 4211/266/826 4208/266/1 1708/266/1
f 1356/182/1 3858/182/1 3870/182/1 1366/182/1
f 1366/182/1 3870/182/1 3873/182/712 1367/182/1
f 1367/182/1 3873/182/712 3861/182/711 1379/182/1
f 1379/182/1 3861/182/711 3860/182/1 1376/182/1
f 1376/182/1 3860/182/1 3857/182/1 1357/182/1
f 1005/99/1 3507/99/1 3519/99/1 1015/99/1
f 1015/99/1 3519/99/1 3522/99/579 1016/99/1
f 1016/99/1 3522/99/579 3510/99/579 1028/99/1
f 1028/99/1 3510/99/579 3509/99/1 1025/99/1
f 1025/99/1 3509/99/1 3506/99/1 1006/99/1
f 1383/191/1 3885/191/1 3897/191/1 1393/191/1
f 1393/191/1 3897/191/1 3900/191/1 1394/191/1
f 1394/191/1 3900/191/1 3888/191/1 1406/191/1
f 1406/191/1 3888/191/1 3887/191/1 1403/191/1
f 1403/191/1 3887/191/1 3884/191/1 1384/191/1
f 1032/106/1 3534/106/1 3546/106/1 1042/106/1
f 1042/106/1 3546/106/1 3549/106/568 1043/106/1
f 1043/106/1 3549/106/568 3537/106/590 1055/106/1
f 1055/106/1 3537/106/590 3536/106/1 1052/106/1
f 1052/106/1 3536/106/1 3533/106/1 1033/106/1
f 1410/196/1 3912/196/1 3924/196/1 1420/196/1
f 1420/196/1 3924/196/1 3927/196/732 1421/196/1
f 1421/196/1 3927/196/732 3915/196/1 1433/196/1
f 1433/196/1 3915/196/1 3914/196/730 1430/196/1
f 1430/196/1 3914/196/730 3911/196/1 1411/196/1
f 1059/113/1 3561/113/1 3573/113/1 1069/113/1
f 1069/113/1 3573/113/1 3576/113/603 1070/113/1
f 1070/113/1 3576/113/603 3564/113/602 1082/113/1
f 1082/113/1 3564/113/602 3563/113/1 1079/113/1
f 1079/113/1 3563/113/1 3560/113/1 1060/113/1
f 1437/201/1 3939/201/1 3951/201/1 1447/201/1
f 1447/201/1 3951/201/1 3954/201/738 1448/201/1
f 1448/201/1 3954/201/738 3942/201/738 1460/201/1
f 1460/201/1 3942/201/738 3941/201/1 1457/201/1
f 1457/201/1 3941/201/1 3938/201/1 1438/201/1
f 1086/120/1 3588/120/1 3600/120/1 1096/120/1
f 1096/120/1 3600/120/1 3603/120/1 1097/120/1
f 1097/120/1 3603/120/1 3591/120/1 1109/120/1
f 1109/120/1 3591/120/1 3590/120/1 1106/120/1
f 1106/120/1 3590/120/1 3587/120/1 1087/120/1
f 1464/207/1 3966/207/1 3978/207/1 1474/207/1
f 1474/207/1 3978/207/1 3981/207/1 1475/207/1
f 1475/207/1 3981/207/1 3969/207/747 1487/207/1
f 1487/207/1 3969/207/747 3968/207/746 1484/207/1
f 1484/207/1 3968/207/746 3965/207/1 1465/207/1
f 1113/125/1 3615/125/1 3627/125/1 1123/125/1
f 1123/125/1 3627/125/1 3630/125/620 1124/125/1
f 1124/125/1 3630/125/620 3618/125/619 1136/125/1
f 1136/125/1 3618/125/619 3617/125/1 1133/125/1
f 1133/125/1 3617/125/1 3614/125/1 1114/125/1
f 1491/213/1 3993/213/1 4005/213/1 1501/213/1
f 1501/213/1 4005/213/1 4008/213/1 1502/213/1
f 1502/213/1 4008/213/1 3996/213/763 1514/213/1
f 1514/213/1 3996/213/763 3995/213/761 1511/213/1
f 1511/213/1 3995/213/761 3992/213/1 1492/213/1
f 1140/132/1 3642/132/1 3654/132/1 1150/132/1
f 1150/132/1 3654/132/1 3657/132/635 1151/132/1
f 1151/132/1 3657/132/635 3645/132/634 1163/132/1
f 1163/132/1 3645/132/634 3644/132/1 1160/132/1
f 1160/132/1 3644/132/1 3641/132/1 1141/132/1
f 1518/221/1 4020/221/1 4032/221/1 1528/221/1
f 1528/221/1 4032/221/1 4035/221/1 1529/221/1
f 1529/221/1 4035/221/1 4023/221/1 1541/221/1
f 1541/221/1 4023/221/1 4022/221/1 1538/221/1
f 1538/221/1 4022/221/1 4019/221/1 1519/221/1
f 1167/139/1 3669/139/1 3681/139/1 1177/139/1
f 1177/139/1 3681/139/1 3684/139/1 1178/139/1
f 1178/139/1 3684/139/1 3672/139/1 1190/139/1
f 1190/139/1 3672/139/1 3671/139/1 1187/139/1
f 1187/139/1 3671/139/1 3668/139/1 1168/139/1
f 1734/67/1576 1739/74/1577 1741/1066/1578 1738/1067/1579
f 1738/1067/1579 1741/1066/1578 1742/1068/1580 1737/1069/1581
f 1737/1069/1581 1742/1068/1580 1743/1068/1582 1736/1070/1583
f 1736/1070/1583 1743/1068/1582 1744/74/1584 1735/1071/1585
f 1735/1071/1585 1744/74/1584 1740/74/1586 1733/67/1587
f 1746/80/1588 1734/67/1576 1738/1067/1579 1750/1072/1589
f 1750/1072/1589 1738/1067/1579 1737/1069/1581 1749/1073/1590
f 1749/1073/1590 1737/1069/1581 1736/1070/1583 1748/1074/1591
f 1748/1074/1591 1736/1070/1583 1735/1071/1585 1747/1075/1592
f 1747/1075/1592 1735/1071/1585 1733/67/1587 1745/80/1593
f 1752/87/1594 1746/80/1588 1750/1072/1589 1756/1076/1595
f 1756/1076/1595 1750/1072/1589 1749/1073/1590 1755/1077/1596
f 1755/1077/1596 1749/1073/1590 1748/1074/1591 1754/1078/1597
f 1754/1078/1597 1748/1074/1591 1747/1075/1592 1753/1079/1598
f 1753/1079/1598 1747/1075/1592 1745/80/1593 1751/90/1599
f 1758/93/1600 1752/87/1594 1756/1076/1595 1762/1080/1601
f 1762/1080/1601 1756/1076/1595 1755/1077/1596 1761/1081/1602
f 1761/1081/1602 1755/1077/1596 1754/1078/1597 1760/1082/1603
f 1760/1082/1603 1754/1078/1597 1753/1079/1598 1759/95/1604
f 1759/95/1604 1753/1079/1598 1751/90/1599 1757/95/1605
f 1764/99/1606 1758/93/1600 1762/1080/1601 1768/103/1607
f 1768/103/1607 1762/1080/1601 1761/1081/1602 1767/1083/1608
f 1767/1083/1608 1761/1081/1602 1760/1082/1603 1766/1084/1609
f 1766/1084/1609 1760/1082/1603 1759/95/1604 1765/1085/1610
f 1765/1085/1610 1759/95/1604 1757/95/1605 1763/99/1611
f 1770/105/1612 1764/99/1606 1768/103/1607 1774/106/1613
f 1774/106/1613 1768/103/1607 1767/1083/1608 1773/1086/1614
f 1773/1086/1614 1767/1083/1608 1766/1084/1609 1772/1086/1615
f 1772/1086/1615 1766/1084/1609 1765/1085/1610 1771/106/1616
f 1771/106/1616 1765/1085/1610 1763/99/1611 1769/106/1617
f 1776/113/1618 1770/105/1612 1774/106/1613 1780/1087/1619
f 1780/1087/1619 1774/106/1613 1773/1086/1614 1779/1088/1620
f 1779/1088/1620 1773/1086/1614 1772/1086/1615 1778/1089/1621
f 1778/1089/1621 1772/1086/1615 1771/106/1616 1777/113/1622
f 1777/113/1622 1771/106/1616 1769/106/1617 1775/113/1623
f 1782/119/1624 1776/113/1618 1780/1087/1619 1786/120/1625
f 1786/120/1625 1780/1087/1619 1779/1088/1620 1785/118/1626
f 1785/118/1626 1779/1088/1620 1778/1089/1621 1784/120/1627
f 1784/120/1627 1778/1089/1621 1777/113/1622 1783/123/1628
f 1783/123/1628 1777/113/1622 1775/113/1623 1781/120/1629
f 1788/125/1630 1782/119/1624 1786/120/1625 1792/125/1631
f 1792/125/1631 1786/120/1625 1785/118/1626 1791/1090/1632
f 1791/1090/1632 1785/118/1626 1784/120/1627 1790/1091/1633
f 1790/1091/1633 1784/120/1627 1783/123/1628 1789/1092/1634
f 1789/1092/1634 1783/123/1628 1781/120/1629 1787/125/1635
f 1794/132/1636 1788/125/1630 1792/125/1631 1798/132/1637
f 1798/132/1637 1792/125/1631 1791/1090/1632 1797/1093/1638
f 1797/1093/1638 1791/1090/1632 1790/1091/1633 1796/1094/1639
f 1796/1094/1639 1790/1091/1633 1789/1092/1634 1795/1093/1640
f 1795/1093/1640 1789/1092/1634 1787/125/1635 1793/132/1641
f 1800/139/1642 1794/132/1636 1798/132/1637 1804/142/1643
f 1804/142/1643 1798/132/1637 1797/1093/1638 1803/1095/1644
f 1803/1095/1644 1797/1093/1638 1796/1094/1639 1802/1096/1645
f 1802/1096/1645 1796/1094/1639 1795/1093/1640 1801/1097/1646
f 1801/1097/1646 1795/1093/1640 1793/132/1641 1799/1098/1647
f 1806/144/1648 1800/139/1642 1804/142/1643 1810/1099/1649
f 1810/1099/1649 1804/142/1643 1803/1095/1644 1809/1100/1650
f 1809/1100/1650 1803/1095/1644 1802/1096/1645 1808/1100/1651
f 1808/1100/1651 1802/1096/1645 1801/1097/1646 1807/1101/1652
f 1807/1101/1652 1801/1097/1646 1799/1098/1647 1805/146/1653
f 1812/150/1654 1806/144/1648 1810/1099/1649 1816/1102/1655
f 1816/1102/1655 1810/1099/1649 1809/1100/1650 1815/1103/1656
f 1815/1103/1656 1809/1100/1650 1808/1100/1651 1814/1104/1657
f 1814/1104/1657 1808/1100/1651 1807/1101/1652 1813/155/1658
f 1813/155/1658 1807/1101/1652 1805/146/1653 1811/156/1659
f 1818/158/1660 1812/150/1654 1816/1102/1655 1822/158/1661
f 1822/158/1661 1816/1102/1655 1815/1103/1656 1821/1105/1662
f 1821/1105/1662 1815/1103/1656 1814/1104/1657 1820/1106/1663
f 1820/1106/1663 1814/1104/1657 1813/155/1658 1819/1107/1664
f 1819/1107/1664 1813/155/1658 1811/156/1659 1817/158/1665
f 1824/1108/1666 1818/158/1660 1822/158/1661 1828/1108/1667
f 1828/1108/1667 1822/158/1661 1821/1105/1662 1827/1109/1668
f 1827/1109/1668 1821/1105/1662 1820/1106/1663 1826/1110/1669
f 1826/1110/1669 1820/1106/1663 1819/1107/1664 1825/1108/1670
f 1825/1108/1670 1819/1107/1664 1817/158/1665 1823/1108/1671
f 1830/170/1672 1824/1108/1666 1828/1108/1667 1834/170/1673
f 1834/170/1673 1828/1108/1667 1827/1109/1668 1833/1111/1674
f 1833/1111/1674 1827/1109/1668 1826/1110/1669 1832/1112/1675
f 1832/1112/1675 1826/1110/1669 1825/1108/1670 1831/1113/1676
f 1831/1113/1676 1825/1108/1670 1823/1108/1671 1829/170/1677
f 1836/176/1678 1830/170/1672 1834/170/1673 1840/178/1679
f 1840/178/1679 1834/170/1673 1833/1111/1674 1839/1114/1680
f 1839/1114/1680 1833/1111/1674 1832/1112/1675 1838/1115/1681
f 1838/1115/1681 1832/1112/1675 1831/1113/1676 1837/1116/1682
f 1837/1116/1682 1831/1113/1676 1829/170/1677 1835/178/1683
f 1842/182/1684 1836/176/1678 1840/178/1679 1846/182/1685
f 1846/182/1685 1840/178/1679 1839/1114/1680 1845/1117/1686
f 1845/1117/1686 1839/1114/1680 1838/1115/1681 1844/1118/1687
f 1844/1118/1687 1838/1115/1681 1837/1116/1682 1843/1119/1688
f 1843/1119/1688 1837/1116/1682 1835/178/1683 1841/182/1689
f 1848/191/1690 1842/182/1684 1846/182/1685 1852/1120/1691
f 1852/1120/1691 1846/182/1685 1845/1117/1686 1851/1121/1692
f 1851/1121/1692 1845/1117/1686 1844/1118/1687 1850/1122/1693
f 1850/1122/1693 1844/1118/1687 1843/1119/1688 1849/1123/1694
f 1849/1123/1694 1843/1119/1688 1841/182/1689 1847/191/1695
f 1854/196/1696 1848/191/1690 1852/1120/1691 1858/196/1697
f 1858/196/1697 1852/1120/1691 1851/1121/1692 1857/1124/1698
f 1857/1124/1698 1851/1121/1692 1850/1122/1693 1856/1125/1699
f 1856/1125/1699 1850/1122/1693 1849/1123/1694 1855/1126/1700
f 1855/1126/1700 1849/1123/1694 1847/191/1695 1853/196/1701
f 1860/201/1702 1854/196/1696 1858/196/1697 1864/1127/1703
f 1864/1127/1703 1858/196/1697 1857/1124/1698 1863/1128/1704
f 1863/1128/1704 1857/1124/1698 1856/1125/1699 1862/1129/1705
f 1862/1129/1705 1856/1125/1699 1855/1126/1700 1861/1129/1706
f 1861/1129/1706 1855/1126/1700 1853/196/1701 1859/202/1707
f 1866/207/1708 1860/201/1702 1864/1127/1703 1870/1130/1709
f 1870/1130/1709 1864/1127/1703 1863/1128/1704 1869/1131/1710
f 1869/1131/1710 1863/1128/1704 1862/1129/1705 1868/1131/1711
f 1868/1131/1711 1862/1129/1705 1861/1129/1706 1867/1132/1712
f 1867/1132/1712 1861/1129/1706 1859/202/1707 1865/206/1713
f 1872/213/1714 1866/207/1708 1870/1130/1709 1876/213/1715
f 1876/213/1715 1870/1130/1709 1869/1131/1710 1875/1133/1716
f 1875/1133/1716 1869/1131/1710 1868/1131/1711 1874/213/1717
f 1874/213/1717 1868/1131/1711 1867/1132/1712 1873/214/1718
f 1873/214/1718 1867/1132/1712 1865/206/1713 1871/213/1719
f 1878/1134/1720 1872/213/1714 1876/213/1715 1882/1134/1721
f 1882/1134/1721 1876/213/1715 1875/1133/1716 1881/220/1722
f 1881/220/1722 1875/1133/1716 1874/213/1717 1880/1135/1723
f 1880/1135/1723 1874/213/1717 1873/214/1718 1879/1136/1724
f 1879/1136/1724 1873/214/1718 1871/213/1719 1877/220/1725
f 1884/227/1726 1878/1134/1720 1882/1134/1721 1888/227/1727
f 1888/227/1727 1882/1134/1721 1881/220/1722 1887/1137/1728
f 1887/1137/1728 1881/220/1722 1880/1135/1723 1886/1138/1729
f 1886/1138/1729 1880/1135/1723 1879/1136/1724 1885/1139/1730
f 1885/1139/1730 1879/1136/1724 1877/220/1725 1883/227/1731
f 1890/233/1732 1884/227/1726 1888/227/1727 1894/233/1733
f 1894/233/1733 1888/227/1727 1887/1137/1728 1893/1140/1734
f 1893/1140/1734 1887/1137/1728 1886/1138/1729 1892/1141/1735
f 1892/1141/1735 1886/1138/1729 1885/1139/1730 1891/1142/1736
f 1891/1142/1736 1885/1139/1730 1883/227/1731 1889/232/1737
f 1896/239/1738 1890/233/1732 1894/233/1733 1900/1143/1739
f 1900/1143/1739 1894/233/1733 1893/1140/1734 1899/1144/1740
f 1899/1144/1740 1893/1140/1734 1892/1141/1735 1898/1144/1741
f 1898/1144/1741 1892/1141/1735 1891/1142/1736 1897/240/1742
f 1897/240/1742 1891/1142/1736 1889/232/1737 1895/239/1743
f 1902/246/1744 1896/239/1738 1900/1143/1739 1906/246/1745
f 1906/246/1745 1900/1143/1739 1899/1144/1740 1905/1145/1746
f 1905/1145/1746 1899/1144/1740 1898/1144/1741 1904/1146/1747
f 1904/1146/1747 1898/1144/1741 1897/240/1742 1903/249/1748
f 1903/249/1748 1897/240/1742 1895/239/1743 1901/246/1749
f 1908/254/1750 1902/246/1744 1906/246/1745 1912/255/1751
f 1912/255/1751 1906/246/1745 1905/1145/1746 1911/1147/1752
f 1911/1147/1752 1905/1145/1746 1904/1146/1747 1910/1147/1753
f 1910/1147/1753 1904/1146/1747 1903/249/1748 1909/253/1754
f 1909/253/1754 1903/249/1748 1901/246/1749 1907/254/1755
f 1914/259/1756 1908/254/1750 1912/255/1751 1918/1148/1757
f 1918/1148/1757 1912/255/1751 1911/1147/1752 1917/1149/1758
f 1917/1149/1758 1911/1147/1752 1910/1147/1753 1916/1150/1759
f 1916/1150/1759 1910/1147/1753 1909/253/1754 1915/260/1760
f 1915/260/1760 1909/253/1754 1907/254/1755 1913/259/1761
f 1920/266/1762 1914/259/1756 1918/1148/1757 1924/1151/1763
f 1924/1151/1763 1918/1148/1757 1917/1149/1758 1923/1152/1764
f 1923/1152/1764 1917/1149/1758 1916/1150/1759 1922/1153/1765
f 1922/1153/1765 1916/1150/1759 1915/260/1760 1921/1151/1766
f 1921/1151/1766 1915/260/1760 1913/259/1761 1919/266/1767
f 1739/74/1577 1920/266/1762 1924/1151/1763 1741/1066/1578
f 1741/1066/1578 1924/1151/1763 1923/1152/1764 1742/1068/1580
f 1742/1068/1580 1923/1152/1764 1922/1153/1765 1743/1068/1582
f 1743/1068/1582 1922/1153/1765 1921/1151/1766 1744/74/1584
f 1744/74/1584 1921/1151/1766 1919/266/1767 1740/74/1586
f 1926/67/1768 1931/79/1769 1933/1154/1770 1930/1155/1771
f 1930/1155/1771 1933/1154/1770 1934/1156/1772 1929/1157/1773
f 1929/1157/1773 1934/1156/1772 1935/74/1774 1928/67/1775
f 1928/67/1775 1935/74/1774 1936/74/1776 1927/67/1777
f 1927/67/1777 1936/74/1776 1932/74/1778 1925/67/1779
f 1938/80/1780 1926/67/1768 1930/1155/1771 1942/1158/1781
f 1942/1158/1781 1930/1155/1771 1929/1157/1773 1941/1159/1782
f 1941/1159/1782 1929/1157/1773 1928/67/1775 1940/80/1783
f 1940/80/1783 1928/67/1775 1927/67/1777 1939/80/1784
f 1939/80/1784 1927/67/1777 1925/67/1779 1937/80/1785
f 1944/90/1786 1938/80/1780 1942/1158/1781 1948/1079/1787
f 1948/1079/1787 1942/1158/1781 1941/1159/1782 1947/1160/1788
f 1947/1160/1788 1941/1159/1782 1940/80/1783 1946/87/1789
f 1946/87/1789 1940/80/1783 1939/80/1784 1945/87/1790
f 1945/87/1790 1939/80/1784 1937/80/1785 1943/87/1791
f 1950/95/1792 1944/90/1786 1948/1079/1787 1954/1161/1793
f 1954/1161/1793 1948/1079/1787 1947/1160/1788 1953/1162/1794
f 1953/1162/1794 1947/1160/1788 1946/87/1789 1952/1080/1795
f 1952/1080/1795 1946/87/1789 1945/87/1790 1951/93/1796
f 1951/93/1796 1945/87/1790 1943/87/1791 1949/93/1797
f 1956/99/1798 1950/95/1792 1954/1161/1793 1960/1163/1799
f 1960/1163/1799 1954/1161/1793 1953/1162/1794 1959/1164/1800
f 1959/1164/1800 1953/1162/1794 1952/1080/1795 1958/1163/1801
f 1958/1163/1801 1952/1080/1795 1951/93/1796 1957/99/1802
f 1957/99/1802 1951/93/1796 1949/93/1797 1955/99/1803
f 1962/106/1804 1956/99/1798 1960/1163/1799 1966/106/1805
f 1966/106/1805 1960/1163/1799 1959/1164/1800 1965/1165/1806
f 1965/1165/1806 1959/1164/1800 1958/1163/1801 1964/106/1807
f 1964/106/1807 1958/1163/1801 1957/99/1802 1963/106/1808
f 1963/106/1808 1957/99/1802 1955/99/1803 1961/105/1809
f 1968/113/1810 1962/106/1804 1966/106/1805 1972/113/1811
f 1972/113/1811 1966/106/1805 1965/1165/1806 1971/1166/1812
f 1971/1166/1812 1965/1165/1806 1964/106/1807 1970/113/1813
f 1970/113/1813 1964/106/1807 1963/106/1808 1969/113/1814
f 1969/113/1814 1963/106/1808 1961/105/1809 1967/113/1815
f 1974/120/1816 1968/113/1810 1972/113/1811 1978/119/1817
f 1978/119/1817 1972/113/1811 1971/1166/1812 1977/119/1818
f 1977/119/1818 1971/1166/1812 1970/113/1813 1976/119/1819
f 1976/119/1819 1970/113/1813 1969/113/1814 1975/120/1820
f 1975/120/1820 1969/113/1814 1967/113/1815 1973/119/1821
f 1980/125/1822 1974/120/1816 1978/119/1817 1984/1167/1823
f 1984/1167/1823 1978/119/1817 1977/119/1818 1983/1168/1824
f 1983/1168/1824 1977/119/1818 1976/119/1819 1982/125/1825
f 1982/125/1825 1976/119/1819 1975/120/1820 1981/125/1826
f 1981/125/1826 1975/120/1820 1973/119/1821 1979/125/1827
f 1986/132/1828 1980/125/1822 1984/1167/1823 1990/1169/1829
f 1990/1169/1829 1984/1167/1823 1983/1168/1824 1989/1170/1830
f 1989/1170/1830 1983/1168/1824 1982/125/1825 1988/132/1831
f 1988/132/1831 1982/125/1825 1981/125/1826 1987/132/1832
f 1987/132/1832 1981/125/1826 1979/125/1827 1985/132/1833
f 1992/1098/1834 1986/132/1828 1990/1169/1829 1996/1098/1835
f 1996/1098/1835 1990/1169/1829 1989/1170/1830 1995/1171/1836
f 1995/1171/1836 1989/1170/1830 1988/132/1831 1994/139/1837
f 1994/139/1837 1988/132/1831 1987/132/1832 1993/139/1838
f 1993/139/1838 1987/132/1832 1985/132/1833 1991/139/1839
f 1998/146/1840 1992/1098/1834 1996/1098/1835 2002/1172/1841
f 2002/1172/1841 1996/1098/1835 1995/1171/1836 2001/1173/1842
f 2001/1173/1842 1995/1171/1836 1994/139/1837 2000/1099/1843
f 2000/1099/1843 1994/139/1837 1993/139/1838 1999/144/1844
f 1999/144/1844 1993/139/1838 1991/139/1839 1997/144/1845
f 2004/155/1846 1998/146/1840 2002/1172/1841 2008/1174/1847
f 2008/1174/1847 2002/1172/1841 2001/1173/1842 2007/1175/1848
f 2007/1175/1848 2001/1173/1842 2000/1099/1843 2006/150/1849
f 2006/150/1849 2000/1099/1843 1999/144/1844 2005/1176/1850
f 2005/1176/1850 1999/144/1844 1997/144/1845 2003/151/1851
f 2010/158/1852 2004/155/1846 2008/1174/1847 2014/1177/1853
f 2014/1177/1853 2008/1174/1847 2007/1175/1848 2013/1178/1854
f 2013/1178/1854 2007/1175/1848 2006/150/1849 2012/158/1855
f 2012/158/1855 2006/150/1849 2005/1176/1850 2011/158/1856
f 2011/158/1856 2005/1176/1850 2003/151/1851 2009/158/1857
f 2016/1108/1858 2010/158/1852 2014/1177/1853 2020/1179/1859
f 2020/1179/1859 2014/1177/1853 2013/1178/1854 2019/1180/1860
f 2019/1180/1860 2013/1178/1854 2012/158/1855 2018/164/1861
f 2018/164/1861 2012/158/1855 2011/158/1856 2017/164/1862
f 2017/164/1862 2011/158/1856 2009/158/1857 2015/164/1863
f 2022/171/1864 2016/1108/1858 2020/1179/1859 2026/1181/1865
f 2026/1181/1865 2020/1179/1859 2019/1180/1860 2025/1182/1866
f 2025/1182/1866 2019/1180/1860 2018/164/1861 2024/170/1867
f 2024/170/1867 2018/164/1861 2017/164/1862 2023/170/1868
f 2023/170/1868 2017/164/1862 2015/164/1863 2021/170/1869
f 2028/178/1870 2022/171/1864 2026/1181/1865 2032/1183/1871
f 2032/1183/1871 2026/1181/1865 2025/1182/1866 2031/1184/1872
f 2031/1184/1872 2025/1182/1866 2024/170/1867 2030/176/1873
f 2030/176/1873 2024/170/1867 2023/170/1868 2029/176/1874
f 2029/176/1874 2023/170/1868 2021/170/1869 2027/176/1875
f 2034/182/1876 2028/178/1870 2032/1183/1871 2038/1185/1877
f 2038/1185/1877 2032/1183/1871 2031/1184/1872 2037/1186/1878
f 2037/1186/1878 2031/1184/1872 2030/176/1873 2036/182/1879
f 2036/182/1879 2030/176/1873 2029/176/1874 2035/182/1880
f 2035/182/1880 2029/176/1874 2027/176/1875 2033/182/1881
f 2040/193/1882 2034/182/1876 2038/1185/1877 2044/1187/1883
f 2044/1187/1883 2038/1185/1877 2037/1186/1878 2043/1188/1884
f 2043/1188/1884 2037/1186/1878 2036/182/1879 2042/191/1885
f 2042/191/1885 2036/182/1879 2035/182/1880 2041/193/1886
f 2041/193/1886 2035/182/1880 2033/182/1881 2039/1187/1887
f 2046/195/1888 2040/193/1882 2044/1187/1883 2050/1189/1889
f 2050/1189/1889 2044/1187/1883 2043/1188/1884 2049/1190/1890
f 2049/1190/1890 2043/1188/1884 2042/191/1885 2048/196/1891
f 2048/196/1891 2042/191/1885 2041/193/1886 2047/196/1892
f 2047/196/1892 2041/193/1886 2039/1187/1887 2045/196/1893
f 2052/202/1894 2046/195/1888 2050/1189/1889 2056/1191/1895
f 2056/1191/1895 2050/1189/1889 2049/1190/1890 2055/1192/1896
f 2055/1192/1896 2049/1190/1890 2048/196/1891 2054/201/1897
f 2054/201/1897 2048/196/1891 2047/196/1892 2053/201/1898
f 2053/201/1898 2047/196/1892 2045/196/1893 2051/201/1899
f 2058/207/1900 2052/202/1894 2056/1191/1895 2062/1193/1901
f 2062/1193/1901 2056/1191/1895 2055/1192/1896 2061/1194/1902
f 2061/1194/1902 2055/1192/1896 2054/201/1897 2060/207/1903
f 2060/207/1903 2054/201/1897 2053/201/1898 2059/207/1904
f 2059/207/1904 2053/201/1898 2051/201/1899 2057/207/1905
f 2064/213/1906 2058/207/1900 2062/1193/1901 2068/1195/1907
f 2068/1195/1907 2062/1193/1901 2061/1194/1902 2067/1196/1908
f 2067/1196/1908 2061/1194/1902 2060/207/1903 2066/213/1909
f 2066/213/1909 2060/207/1903 2059/207/1904 2065/213/1910
f 2065/213/1910 2059/207/1904 2057/207/1905 2063/213/1911
f 2070/220/1912 2064/213/1906 2068/1195/1907 2074/1134/1913
f 2074/1134/1913 2068/1195/1907 2067/1196/1908 2073/1197/1914
f 2073/1197/1914 2067/1196/1908 2066/213/1909 2072/220/1915
f 2072/220/1915 2066/213/1909 2065/213/1910 2071/221/1916
f 2071/221/1916 2065/213/1910 2063/213/1911 2069/221/1917
f 2076/227/1918 2070/220/1912 2074/1134/1913 2080/227/1919
f 2080/227/1919 2074/1134/1913 2073/1197/1914 2079/1198/1920
f 2079/1198/1920 2073/1197/1914 2072/220/1915 2078/227/1921
f 2078/227/1921 2072/220/1915 2071/221/1916 2077/227/1922
f 2077/227/1922 2071/221/1916 2069/221/1917 2075/227/1923
f 2082/233/1924 2076/227/1918 2080/227/1919 2086/1199/1925
f 2086/1199/1925 2080/227/1919 2079/1198/1920 2085/1200/1926
f 2085/1200/1926 2079/1198/1920 2078/227/1921 2084/233/1927
f 2084/233/1927 2078/227/1921 2077/227/1922 2083/233/1928
f 2083/233/1928 2077/227/1922 2075/227/1923 2081/232/1929
f 2088/239/1930 2082/233/1924 2086/1199/1925 2092/1201/1931
f 2092/1201/1931 2086/1199/1925 2085/1200/1926 2091/1202/1932
f 2091/1202/1932 2085/1200/1926 2084/233/1927 2090/240/1933
f 2090/240/1933 2084/233/1927 2083/233/1928 2089/239/1934
f 2089/239/1934 2083/233/1928 2081/232/1929 2087/239/1935
f 2094/249/1936 2088/239/1930 2092/1201/1931 2098/1203/1937
f 2098/1203/1937 2092/1201/1931 2091/1202/1932 2097/1204/1938
f 2097/1204/1938 2091/1202/1932 2090/240/1933 2096/246/1939
f 2096/246/1939 2090/240/1933 2089/239/1934 2095/246/1940
f 2095/246/1940 2089/239/1934 2087/239/1935 2093/246/1941
f 2100/254/1942 2094/249/1936 2098/1203/1937 2104/1205/1943
f 2104/1205/1943 2098/1203/1937 2097/1204/1938 2103/1206/1944
f 2103/1206/1944 2097/1204/1938 2096/246/1939 2102/254/1945
f 2102/254/1945 2096/246/1939 2095/246/1940 2101/254/1946
f 2101/254/1946 2095/246/1940 2093/246/1941 2099/1207/1947
f 2106/259/1948 2100/254/1942 2104/1205/1943 2110/1208/1949
f 2110/1208/1949 2104/1205/1943 2103/1206/1944 2109/1209/1950
f 2109/1209/1950 2103/1206/1944 2102/254/1945 2108/259/1951
f 2108/259/1951 2102/254/1945 2101/254/1946 2107/259/1952
f 2107/259/1952 2101/254/1946 2099/1207/1947 2105/259/1953
f 2112/266/1954 2106/259/1948 2110/1208/1949 2116/1210/1955
f 2116/1210/1955 2110/1208/1949 2109/1209/1950 2115/1211/1956
f 2115/1211/1956 2109/1209/1950 2108/259/1951 2114/266/1957
f 2114/266/1957 2108/259/1951 2107/259/1952 2113/266/1958
f 2113/266/1958 2107/259/1952 2105/259/1953 2111/268/1959
f 1931/79/1769 2112/266/1954 2116/1210/1955 1933/1154/1770
f 1933/1154/1770 2116/1210/1955 2115/1211/1956 1934/1156/1772
f 1934/1156/1772 2115/1211/1956 2114/266/1957 1935/74/1774
f 1935/74/1774 2114/266/1957 2113/266/1958 1936/74/1776
f 1936/74/1776 2113/266/1958 2111/268/1959 1932/74/1778
f 2118/67/1960 2123/74/1961 2125/74/1962 2122/67/1963
f 2122/67/1963 2125/74/1962 2126/74/1964 2121/67/1965
f 2121/67/1965 2126/74/1964 2127/1212/1966 2120/1213/1967
f 2120/1213/1967 2127/1212/1966 2128/1214/1968 2119/1067/1969
f 2119/1067/1969 2128/1214/1968 2124/74/1970 2117/67/1971
f 2130/80/1972 2118/67/1960 2122/67/1963 2134/80/1973
f 2134/80/1973 2122/67/1963 2121/67/1965 2133/80/1974
f 2133/80/1974 2121/67/1965 2120/1213/1967 2132/1215/1975
f 2132/1215/1975 2120/1213/1967 2119/1067/1969 2131/1216/1976
f 2131/1216/1976 2119/1067/1969 2117/67/1971 2129/80/1977
f 2136/87/1978 2130/80/1972 2134/80/1973 2140/87/1979
f 2140/87/1979 2134/80/1973 2133/80/1974 2139/87/1980
f 2139/87/1980 2133/80/1974 2132/1215/1975 2138/1217/1981
f 2138/1217/1981 2132/1215/1975 2131/1216/1976 2137/88/1982
f 2137/88/1982 2131/1216/1976 2129/80/1977 2135/1218/1983
f 2142/93/1984 2136/87/1978 2140/87/1979 2146/93/1985
f 2146/93/1985 2140/87/1979 2139/87/1980 2145/93/1986
f 2145/93/1986 2139/87/1980 2138/1217/1981 2144/1219/1987
f 2144/1219/1987 2138/1217/1981 2137/88/1982 2143/1220/1988
f 2143/1220/1988 2137/88/1982 2135/1218/1983 2141/93/1989
f 2148/99/1990 2142/93/1984 2146/93/1985 2152/99/1991
f 2152/99/1991 2146/93/1985 2145/93/1986 2151/99/1992
f 2151/99/1992 2145/93/1986 2144/1219/1987 2150/1221/1993
f 2150/1221/1993 2144/1219/1987 2143/1220/1988 2149/103/1994
f 2149/103/1994 2143/1220/1988 2141/93/1989 2147/99/1995
f 2154/106/1996 2148/99/1990 2152/99/1991 2158/106/1997
f 2158/106/1997 2152/99/1991 2151/99/1992 2157/106/1998
f 2157/106/1998 2151/99/1992 2150/1221/1993 2156/1222/1999
f 2156/1222/1999 2150/1221/1993 2149/103/1994 2155/106/2000
f 2155/106/2000 2149/103/1994 2147/99/1995 2153/106/2001
f 2160/113/2002 2154/106/1996 2158/106/1997 2164/113/2003
f 2164/113/2003 2158/106/1997 2157/106/1998 2163/113/2004
f 2163/113/2004 2157/106/1998 2156/1222/1999 2162/1088/2005
f 2162/1088/2005 2156/1222/1999 2155/106/2000 2161/1223/2006
f 2161/1223/2006 2155/106/2000 2153/106/2001 2159/113/2007
f 2166/120/2008 2160/113/2002 2164/113/2003 2170/118/2009
f 2170/118/2009 2164/113/2003 2163/113/2004 2169/120/2010
f 2169/120/2010 2163/113/2004 2162/1088/2005 2168/1224/2011
f 2168/1224/2011 2162/1088/2005 2161/1223/2006 2167/118/2012
f 2167/118/2012 2161/1223/2006 2159/113/2007 2165/120/2013
f 2172/125/2014 2166/120/2008 2170/118/2009 2176/125/2015
f 2176/125/2015 2170/118/2009 2169/120/2010 2175/125/2016
f 2175/125/2016 2169/120/2010 2168/1224/2011 2174/1225/2017
f 2174/1225/2017 2168/1224/2011 2167/118/2012 2173/1226/2018
f 2173/1226/2018 2167/118/2012 2165/120/2013 2171/125/2019
f 2178/132/2020 2172/125/2014 2176/125/2015 2182/132/2021
f 2182/132/2021 2176/125/2015 2175/125/2016 2181/1093/2022
f 2181/1093/2022 2175/125/2016 2174/1225/2017 2180/1227/2023
f 2180/1227/2023 2174/1225/2017 2173/1226/2018 2179/1093/2024
f 2179/1093/2024 2173/1226/2018 2171/125/2019 2177/132/2025
f 2184/1098/2026 2178/132/2020 2182/132/2021 2188/139/2027
f 2188/139/2027 2182/132/2021 2181/1093/2022 2187/139/2028
f 2187/139/2028 2181/1093/2022 2180/1227/2023 2186/1228/2029
f 2186/1228/2029 2180/1227/2023 2179/1093/2024 2185/142/2030
f 2185/142/2030 2179/1093/2024 2177/132/2025 2183/139/2031
f 2190/144/2032 2184/1098/2026 2188/139/2027 2194/144/2033
f 2194/144/2033 2188/139/2027 2187/139/2028 2193/144/2034
f 2193/144/2034 2187/139/2028 2186/1228/2029 2192/1229/2035
f 2192/1229/2035 2186/1228/2029 2185/142/2030 2191/1100/2036
f 2191/1100/2036 2185/142/2030 2183/139/2031 2189/144/2037
f 2196/151/2038 2190/144/2032 2194/144/2033 2200/150/2039
f 2200/150/2039 2194/144/2033 2193/144/2034 2199/150/2040
f 2199/150/2040 2193/144/2034 2192/1229/2035 2198/1230/2041
f 2198/1230/2041 2192/1229/2035 2191/1100/2036 2197/1102/2042
f 2197/1102/2042 2191/1100/2036 2189/144/2037 2195/150/2043
f 2202/158/2044 2196/151/2038 2200/150/2039 2206/158/2045
f 2206/158/2045 2200/150/2039 2199/150/2040 2205/158/2046
f 2205/158/2046 2199/150/2040 2198/1230/2041 2204/1231/2047
f 2204/1231/2047 2198/1230/2041 2197/1102/2042 2203/1232/2048
f 2203/1232/2048 2197/1102/2042 2195/150/2043 2201/158/2049
f 2208/164/2050 2202/158/2044 2206/158/2045 2212/164/2051
f 2212/164/2051 2206/158/2045 2205/158/2046 2211/164/2052
f 2211/164/2052 2205/158/2046 2204/1231/2047 2210/1233/2053
f 2210/1233/2053 2204/1231/2047 2203/1232/2048 2209/1108/2054
f 2209/1108/2054 2203/1232/2048 2201/158/2049 2207/164/2055
f 2214/170/2056 2208/164/2050 2212/164/2051 2218/170/2057
f 2218/170/2057 2212/164/2051 2211/164/2052 2217/170/2058
f 2217/170/2058 2211/164/2052 2210/1233/2053 2216/1234/2059
f 2216/1234/2059 2210/1233/2053 2209/1108/2054 2215/1113/2060
f 2215/1113/2060 2209/1108/2054 2207/164/2055 2213/170/2061
f 2220/176/2062 2214/170/2056 2218/170/2057 2224/176/2063
f 2224/176/2063 2218/170/2057 2217/170/2058 2223/176/2064
f 2223/176/2064 2217/170/2058 2216/1234/2059 2222/1235/2065
f 2222/1235/2065 2216/1234/2059 2215/1113/2060 2221/1236/2066
f 2221/1236/2066 2215/1113/2060 2213/170/2061 2219/176/2067
f 2226/182/2068 2220/176/2062 2224/176/2063 2230/182/2069
f 2230/182/2069 2224/176/2063 2223/176/2064 2229/182/2070
f 2229/182/2070 2223/176/2064 2222/1235/2065 2228/1237/2071
f 2228/1237/2071 2222/1235/2065 2221/1236/2066 2227/1117/2072
f 2227/1117/2072 2221/1236/2066 2219/176/2067 2225/182/2073
f 2232/1187/2074 2226/182/2068 2230/182/2069 2236/190/2075
f 2236/190/2075 2230/182/2069 2229/182/2070 2235/191/2076
f 2235/191/2076 2229/182/2070 2228/1237/2071 2234/1238/2077
f 2234/1238/2077 2228/1237/2071 2227/1117/2072 2233/1239/2078
f 2233/1239/2078 2227/1117/2072 2225/182/2073 2231/191/2079
f 2238/196/2080 2232/1187/2074 2236/190/2075 2242/196/2081
f 2242/196/2081 2236/190/2075 2235/191/2076 2241/196/2082
f 2241/196/2082 2235/191/2076 2234/1238/2077 2240/1240/2083
f 2240/1240/2083 2234/1238/2077 2233/1239/2078 2239/1125/2084
f 2239/1125/2084 2233/1239/2078 2231/191/2079 2237/1189/2085
f 2244/202/2086 2238/196/2080 2242/196/2081 2248/201/2087
f 2248/201/2087 2242/196/2081 2241/196/2082 2247/201/2088
f 2247/201/2088 2241/196/2082 2240/1240/2083 2246/1241/2089
f 2246/1241/2089 2240/1240/2083 2239/1125/2084 2245/1242/2090
f 2245/1242/2090 2239/1125/2084 2237/1189/2085 2243/201/2091
f 2250/207/2092 2244/202/2086 2248/201/2087 2254/207/2093
f 2254/207/2093 2248/201/2087 2247/201/2088 2253/1131/2094
f 2253/1131/2094 2247/201/2088 2246/1241/2089 2252/1243/2095
f 2252/1243/2095 2246/1241/2089 2245/1242/2090 2251/1131/2096
f 2251/1131/2096 2245/1242/2090 2243/201/2091 2249/207/2097
f 2256/213/2098 2250/207/2092 2254/207/2093 2260/213/2099
f 2260/213/2099 2254/207/2093 2253/1131/2094 2259/213/2100
f 2259/213/2100 2253/1131/2094 2252/1243/2095 2258/1244/2101
f 2258/1244/2101 2252/1243/2095 2251/1131/2096 2257/213/2102
f 2257/213/2102 2251/1131/2096 2249/207/2097 2255/213/2103
f 2262/221/2104 2256/213/2098 2260/213/2099 2266/221/2105
f 2266/221/2105 2260/213/2099 2259/213/2100 2265/221/2106
f 2265/221/2106 2259/213/2100 2258/1244/2101 2264/1245/2107
f 2264/1245/2107 2258/1244/2101 2257/213/2102 2263/1134/2108
f 2263/1134/2108 2257/213/2102 2255/213/2103 2261/221/2109
f 2268/227/2110 2262/221/2104 2266/221/2105 2272/227/2111
f 2272/227/2111 2266/221/2105 2265/221/2106 2271/227/2112
f 2271/227/2112 2265/221/2106 2264/1245/2107 2270/1139/2113
f 2270/1139/2113 2264/1245/2107 2263/1134/2108 2269/227/2114
f 2269/227/2114 2263/1134/2108 2261/221/2109 2267/227/2115
f 2274/233/2116 2268/227/2110 2272/227/2111 2278/233/2117
f 2278/233/2117 2272/227/2111 2271/227/2112 2277/233/2118
f 2277/233/2118 2271/227/2112 2270/1139/2113 2276/1246/2119
f 2276/1246/2119 2270/1139/2113 2269/227/2114 2275/1247/2120
f 2275/1247/2120 2269/227/2114 2267/227/2115 2273/233/2121
f 2280/239/2122 2274/233/2116 2278/233/2117 2284/239/2123
f 2284/239/2123 2278/233/2117 2277/233/2118 2283/239/2124
f 2283/239/2124 2277/233/2118 2276/1246/2119 2282/1248/2125
f 2282/1248/2125 2276/1246/2119 2275/1247/2120 2281/241/2126
f 2281/241/2126 2275/1247/2120 2273/233/2121 2279/239/2127
f 2286/246/2128 2280/239/2122 2284/239/2123 2290/246/2129
f 2290/246/2129 2284/239/2123 2283/239/2124 2289/246/2130
f 2289/246/2130 2283/239/2124 2282/1248/2125 2288/1249/2131
f 2288/1249/2131 2282/1248/2125 2281/241/2126 2287/1145/2132
f 2287/1145/2132 2281/241/2126 2279/239/2127 2285/1203/2133
f 2292/1207/2134 2286/246/2128 2290/246/2129 2296/253/2135
f 2296/253/2135 2290/246/2129 2289/246/2130 2295/254/2136
f 2295/254/2136 2289/246/2130 2288/1249/2131 2294/1250/2137
f 2294/1250/2137 2288/1249/2131 2287/1145/2132 2293/255/2138
f 2293/255/2138 2287/1145/2132 2285/1203/2133 2291/253/2139
f 2298/259/2140 2292/1207/2134 2296/253/2135 2302/259/2141
f 2302/259/2141 2296/253/2135 2295/254/2136 2301/259/2142
f 2301/259/2142 2295/254/2136 2294/1250/2137 2300/1251/2143
f 2300/1251/2143 2294/1250/2137 2293/255/2138 2299/1149/2144
f 2299/1149/2144 2293/255/2138 2291/253/2139 2297/259/2145
f 2304/268/2146 2298/259/2140 2302/259/2141 2308/266/2147
f 2308/266/2147 2302/259/2141 2301/259/2142 2307/266/2148
f 2307/266/2148 2301/259/2142 2300/1251/2143 2306/1252/2149
f 2306/1252/2149 2300/1251/2143 2299/1149/2144 2305/1253/2150
f 2305/1253/2150 2299/1149/2144 2297/259/2145 2303/266/2151
f 2123/74/1961 2304/268/2146 2308/266/2147 2125/74/1962
f 2125/74/1962 2308/266/2147 2307/266/2148 2126/74/1964
f 2126/74/1964 2307/266/2148 2306/1252/2149 2127/1212/1966
f 2127/1212/1966 2306/1252/2149 2305/1253/2150 2128/1214/1968
f 2128/1214/1968 2305/1253/2150 2303/266/2151 2124/74/1970
f 2310/67/2152 2315/79/2153 2317/1254/2154 2314/1255/2155
f 2314/1255/2155 2317/1254/2154 2318/1256/2156 2313/1157/2157
f 2313/1157/2157 2318/1256/2156 2319/74/2158 2312/67/2159
f 2312/67/2159 2319/74/2158 2320/74/2160 2311/67/2161
f 2311/67/2161 2320/74/2160 2316/74/2162 2309/67/2163
f 2322/80/2164 2310/67/2152 2314/1255/2155 2326/1257/2165
f 2326/1257/2165 2314/1255/2155 2313/1157/2157 2325/1258/2166
f 2325/1258/2166 2313/1157/2157 2312/67/2159 2324/80/2167
f 2324/80/2167 2312/67/2159 2311/67/2161 2323/80/2168
f 2323/80/2168 2311/67/2161 2309/67/2163 2321/80/2169
f 2328/90/2170 2322/80/2164 2326/1257/2165 2332/1079/2171
f 2332/1079/2171 2326/1257/2165 2325/1258/2166 2331/1259/2172
f 2331/1259/2172 2325/1258/2166 2324/80/2167 2330/87/2173
f 2330/87/2173 2324/80/2167 2323/80/2168 2329/87/2174
f 2329/87/2174 2323/80/2168 2321/80/2169 2327/87/2175
f 2334/93/2176 2328/90/2170 2332/1079/2171 2338/1260/2177
f 2338/1260/2177 2332/1079/2171 2331/1259/2172 2337/1261/2178
f 2337/1261/2178 2331/1259/2172 2330/87/2173 2336/93/2179
f 2336/93/2179 2330/87/2173 2329/87/2174 2335/93/2180
f 2335/93/2180 2329/87/2174 2327/87/2175 2333/95/2181
f 2340/99/2182 2334/93/2176 2338/1260/2177 2344/1163/2183
f 2344/1163/2183 2338/1260/2177 2337/1261/2178 2343/1164/2184
f 2343/1164/2184 2337/1261/2178 2336/93/2179 2342/99/2185
f 2342/99/2185 2336/93/2179 2335/93/2180 2341/1163/2186
f 2341/1163/2186 2335/93/2180 2333/95/2181 2339/99/2187
f 2346/106/2188 2340/99/2182 2344/1163/2183 2350/105/2189
f 2350/105/2189 2344/1163/2183 2343/1164/2184 2349/1262/2190
f 2349/1262/2190 2343/1164/2184 2342/99/2185 2348/106/2191
f 2348/106/2191 2342/99/2185 2341/1163/2186 2347/106/2192
f 2347/106/2192 2341/1163/2186 2339/99/2187 2345/106/2193
f 2352/113/2194 2346/106/2188 2350/105/2189 2356/1263/2195
f 2356/1263/2195 2350/105/2189 2349/1262/2190 2355/1166/2196
f 2355/1166/2196 2349/1262/2190 2348/106/2191 2354/113/2197
f 2354/113/2197 2348/106/2191 2347/106/2192 2353/113/2198
f 2353/113/2198 2347/106/2192 2345/106/2193 2351/1264/2199
f 2358/119/2200 2352/113/2194 2356/1263/2195 2362/119/805
f 2362/119/805 2356/1263/2195 2355/1166/2196 2361/1265/2201
f 2361/1265/2201 2355/1166/2196 2354/113/2197 2360/118/2202
f 2360/118/2202 2354/113/2197 2353/113/2198 2359/120/2203
f 2359/120/2203 2353/113/2198 2351/1264/2199 2357/120/2204
f 2364/125/2205 2358/119/2200 2362/119/805 2368/125/2206
f 2368/125/2206 2362/119/805 2361/1265/2201 2367/1266/2207
f 2367/1266/2207 2361/1265/2201 2360/118/2202 2366/125/2208
f 2366/125/2208 2360/118/2202 2359/120/2203 2365/125/2209
f 2365/125/2209 2359/120/2203 2357/120/2204 2363/1167/2210
f 2370/1093/2211 2364/125/2205 2368/125/2206 2374/131/2212
f 2374/131/2212 2368/125/2206 2367/1266/2207 2373/1170/2213
f 2373/1170/2213 2367/1266/2207 2366/125/2208 2372/132/2214
f 2372/132/2214 2366/125/2208 2365/125/2209 2371/132/2215
f 2371/132/2215 2365/125/2209 2363/1167/2210 2369/132/2216
f 2376/139/2217 2370/1093/2211 2374/131/2212 2380/1267/2218
f 2380/1267/2218 2374/131/2212 2373/1170/2213 2379/1171/2219
f 2379/1171/2219 2373/1170/2213 2372/132/2214 2378/139/2220
f 2378/139/2220 2372/132/2214 2371/132/2215 2377/139/2221
f 2377/139/2221 2371/132/2215 2369/132/2216 2375/142/2222
f 2382/144/2223 2376/139/2217 2380/1267/2218 2386/1268/2224
f 2386/1268/2224 2380/1267/2218 2379/1171/2219 2385/1269/2225
f 2385/1269/2225 2379/1171/2219 2378/139/2220 2384/144/2226
f 2384/144/2226 2378/139/2220 2377/139/2221 2383/144/2227
f 2383/144/2227 2377/139/2221 2375/142/2222 2381/146/2228
f 2388/150/2229 2382/144/2223 2386/1268/2224 2392/151/2230
f 2392/151/2230 2386/1268/2224 2385/1269/2225 2391/1270/2231
f 2391/1270/2231 2385/1269/2225 2384/144/2226 2390/151/2232
f 2390/151/2232 2384/144/2226 2383/144/2227 2389/150/2233
f 2389/150/2233 2383/144/2227 2381/146/2228 2387/150/2234
f 2394/158/2235 2388/150/2229 2392/151/2230 2398/1271/2236
f 2398/1271/2236 2392/151/2230 2391/1270/2231 2397/1272/2237
f 2397/1272/2237 2391/1270/2231 2390/151/2232 2396/158/2238
f 2396/158/2238 2390/151/2232 2389/150/2233 2395/158/2239
f 2395/158/2239 2389/150/2233 2387/150/2234 2393/158/2240
f 2400/165/2241 2394/158/2235 2398/1271/2236 2404/165/2242
f 2404/165/2242 2398/1271/2236 2397/1272/2237 2403/1180/2243
f 2403/1180/2243 2397/1272/2237 2396/158/2238 2402/165/2244
f 2402/165/2244 2396/158/2238 2395/158/2239 2401/164/2245
f 2401/164/2245 2395/158/2239 2393/158/2240 2399/164/2246
f 2406/171/2247 2400/165/2241 2404/165/2242 2410/1181/2248
f 2410/1181/2248 2404/165/2242 2403/1180/2243 2409/1273/2249
f 2409/1273/2249 2403/1180/2243 2402/165/2244 2408/170/2250
f 2408/170/2250 2402/165/2244 2401/164/2245 2407/170/2251
f 2407/170/2251 2401/164/2245 2399/164/2246 2405/170/2252
f 2412/176/2253 2406/171/2247 2410/1181/2248 2416/1183/2254
f 2416/1183/2254 2410/1181/2248 2409/1273/2249 2415/1274/2255
f 2415/1274/2255 2409/1273/2249 2408/170/2250 2414/1183/2256
f 2414/1183/2256 2408/170/2250 2407/170/2251 2413/176/2257
f 2413/176/2257 2407/170/2251 2405/170/2252 2411/176/2258
f 2418/182/2259 2412/176/2253 2416/1183/2254 2422/186/2260
f 2422/186/2260 2416/1183/2254 2415/1274/2255 2421/1275/2261
f 2421/1275/2261 2415/1274/2255 2414/1183/2256 2420/182/2262
f 2420/182/2262 2414/1183/2256 2413/176/2257 2419/182/2263
f 2419/182/2263 2413/176/2257 2411/176/2258 2417/182/2264
f 2424/191/2265 2418/182/2259 2422/186/2260 2428/1276/2266
f 2428/1276/2266 2422/186/2260 2421/1275/2261 2427/1277/2267
f 2427/1277/2267 2421/1275/2261 2420/182/2262 2426/1276/2268
f 2426/1276/2268 2420/182/2262 2419/182/2263 2425/191/2269
f 2425/191/2269 2419/182/2263 2417/182/2264 2423/191/2270
f 2430/195/2271 2424/191/2265 2428/1276/2266 2434/1278/2272
f 2434/1278/2272 2428/1276/2266 2427/1277/2267 2433/1279/2273
f 2433/1279/2273 2427/1277/2267 2426/1276/2268 2432/196/2274
f 2432/196/2274 2426/1276/2268 2425/191/2269 2431/196/2275
f 2431/196/2275 2425/191/2269 2423/191/2270 2429/196/2276
f 2436/201/2277 2430/195/2271 2434/1278/2272 2440/202/2278
f 2440/202/2278 2434/1278/2272 2433/1279/2273 2439/1280/2279
f 2439/1280/2279 2433/1279/2273 2432/196/2274 2438/201/2280
f 2438/201/2280 2432/196/2274 2431/196/2275 2437/201/2281
f 2437/201/2281 2431/196/2275 2429/196/2276 2435/1242/2282
f 2442/207/2283 2436/201/2277 2440/202/2278 2446/1281/2284
f 2446/1281/2284 2440/202/2278 2439/1280/2279 2445/1282/2285
f 2445/1282/2285 2439/1280/2279 2438/201/2280 2444/207/2286
f 2444/207/2286 2438/201/2280 2437/201/2281 2443/207/2287
f 2443/207/2287 2437/201/2281 2435/1242/2282 2441/207/2288
f 2448/213/2289 2442/207/2283 2446/1281/2284 2452/213/2290
f 2452/213/2290 2446/1281/2284 2445/1282/2285 2451/1283/2291
f 2451/1283/2291 2445/1282/2285 2444/207/2286 2450/213/2292
f 2450/213/2292 2444/207/2286 2443/207/2287 2449/213/2293
f 2449/213/2293 2443/207/2287 2441/207/2288 2447/213/2294
f 2454/221/2295 2448/213/2289 2452/213/2290 2458/221/657
f 2458/221/657 2452/213/2290 2451/1283/2291 2457/1197/2296
f 2457/1197/2296 2451/1283/2291 2450/213/2292 2456/221/2297
f 2456/221/2297 2450/213/2292 2449/213/2293 2455/1134/2298
f 2455/1134/2298 2449/213/2293 2447/213/2294 2453/221/2299
f 2460/227/2300 2454/221/2295 2458/221/657 2464/227/2301
f 2464/227/2301 2458/221/657 2457/1197/2296 2463/1284/2302
f 2463/1284/2302 2457/1197/2296 2456/221/2297 2462/227/2303
f 2462/227/2303 2456/221/2297 2455/1134/2298 2461/227/2304
f 2461/227/2304 2455/1134/2298 2453/221/2299 2459/227/2305
f 2466/233/2306 2460/227/2300 2464/227/2301 2470/1285/2307
f 2470/1285/2307 2464/227/2301 2463/1284/2302 2469/1286/2308
f 2469/1286/2308 2463/1284/2302 2462/227/2303 2468/233/2309
f 2468/233/2309 2462/227/2303 2461/227/2304 2467/233/2310
f 2467/233/2310 2461/227/2304 2459/227/2305 2465/233/2311
f 2472/241/2312 2466/233/2306 2470/1285/2307 2476/240/2313
f 2476/240/2313 2470/1285/2307 2469/1286/2308 2475/1202/2314
f 2475/1202/2314 2469/1286/2308 2468/233/2309 2474/239/2315
f 2474/239/2315 2468/233/2309 2467/233/2310 2473/240/2316
f 2473/240/2316 2467/233/2310 2465/233/2311 2471/239/2317
f 2478/249/2318 2472/241/2312 2476/240/2313 2482/1287/2319
f 2482/1287/2319 2476/240/2313 2475/1202/2314 2481/1288/2320
f 2481/1288/2320 2475/1202/2314 2474/239/2315 2480/246/2321
f 2480/246/2321 2474/239/2315 2473/240/2316 2479/246/2322
f 2479/246/2322 2473/240/2316 2471/239/2317 2477/246/2323
f 2484/1207/2324 2478/249/2318 2482/1287/2319 2488/1289/2325
f 2488/1289/2325 2482/1287/2319 2481/1288/2320 2487/1290/2326
f 2487/1290/2326 2481/1288/2320 2480/246/2321 2486/254/2327
f 2486/254/2327 2480/246/2321 2479/246/2322 2485/254/2328
f 2485/254/2328 2479/246/2322 2477/246/2323 2483/254/2329
f 2490/259/2330 2484/1207/2324 2488/1289/2325 2494/1291/2331
f 2494/1291/2331 2488/1289/2325 2487/1290/2326 2493/1292/2332
f 2493/1292/2332 2487/1290/2326 2486/254/2327 2492/259/2333
f 2492/259/2333 2486/254/2327 2485/254/2328 2491/259/2334
f 2491/259/2334 2485/254/2328 2483/254/2329 2489/259/2335
f 2496/268/2336 2490/259/2330 2494/1291/2331 2500/1293/2337
f 2500/1293/2337 2494/1291/2331 2493/1292/2332 2499/1294/2338
f 2499/1294/2338 2493/1292/2332 2492/259/2333 2498/266/2339
f 2498/266/2339 2492/259/2333 2491/259/2334 2497/266/2340
f 2497/266/2340 2491/259/2334 2489/259/2335 2495/266/2341
f 2315/79/2153 2496/268/2336 2500/1293/2337 2317/1254/2154
f 2317/1254/2154 2500/1293/2337 2499/1294/2338 2318/1256/2156
f 2318/1256/2156 2499/1294/2338 2498/266/2339 2319/74/2158
f 2319/74/2158 2498/266/2339 2497/266/2340 2320/74/2160
f 2320/74/2160 2497/266/2340 2495/266/2341 2316/74/2162
f 2502/67/2342 2507/74/2343 2509/74/2344 2506/67/2345
f 2506/67/2345 2509/74/2344 2510/74/2346 2505/67/2347
f 2505/67/2347 2510/74/2346 2511/1295/2348 2504/1296/2349
f 2504/1296/2349 2511/1295/2348 2512/1297/2350 2503/1298/2351
f 2503/1298/2351 2512/1297/2350 2508/74/2352 2501/67/2353
f 2514/80/2354 2502/67/2342 2506/67/2345 2518/80/2355
f 2518/80/2355 2506/67/2345 2505/67/2347 2517/80/2356
f 2517/80/2356 2505/67/2347 2504/1296/2349 2516/1299/2357
f 2516/1299/2357 2504/1296/2349 2503/1298/2351 2515/1300/2358
f 2515/1300/2358 2503/1298/2351 2501/67/2353 2513/80/2359
f 2520/90/2360 2514/80/2354 2518/80/2355 2524/87/2361
f 2524/87/2361 2518/80/2355 2517/80/2356 2523/1076/2362
f 2523/1076/2362 2517/80/2356 2516/1299/2357 2522/1301/2363
f 2522/1301/2363 2516/1299/2357 2515/1300/2358 2521/1302/2364
f 2521/1302/2364 2515/1300/2358 2513/80/2359 2519/87/2365
f 2526/95/2366 2520/90/2360 2524/87/2361 2530/95/2367
f 2530/95/2367 2524/87/2361 2523/1076/2362 2529/93/2368
f 2529/93/2368 2523/1076/2362 2522/1301/2363 2528/1303/2369
f 2528/1303/2369 2522/1301/2363 2521/1302/2364 2527/1220/2370
f 2527/1220/2370 2521/1302/2364 2519/87/2365 2525/93/2371
f 2532/99/2372 2526/95/2366 2530/95/2367 2536/99/2373
f 2536/99/2373 2530/95/2367 2529/93/2368 2535/103/2374
f 2535/103/2374 2529/93/2368 2528/1303/2369 2534/1304/2375
f 2534/1304/2375 2528/1303/2369 2527/1220/2370 2533/103/2376
f 2533/103/2376 2527/1220/2370 2525/93/2371 2531/99/2377
f 2538/106/2378 2532/99/2372 2536/99/2373 2542/106/2379
f 2542/106/2379 2536/99/2373 2535/103/2374 2541/106/2380
f 2541/106/2380 2535/103/2374 2534/1304/2375 2540/1305/2381
f 2540/1305/2381 2534/1304/2375 2533/103/2376 2539/1306/2382
f 2539/1306/2382 2533/103/2376 2531/99/2377 2537/107/2383
f 2544/113/2384 2538/106/2378 2542/106/2379 2548/113/2385
f 2548/113/2385 2542/106/2379 2541/106/2380 2547/113/2386
f 2547/113/2386 2541/106/2380 2540/1305/2381 2546/1089/2387
f 2546/1089/2387 2540/1305/2381 2539/1306/2382 2545/1223/2388
f 2545/1223/2388 2539/1306/2382 2537/107/2383 2543/113/2389
f 2550/120/2390 2544/113/2384 2548/113/2385 2554/120/2391
f 2554/120/2391 2548/113/2385 2547/113/2386 2553/118/2392
f 2553/118/2392 2547/113/2386 2546/1089/2387 2552/1307/2393
f 2552/1307/2393 2546/1089/2387 2545/1223/2388 2551/118/2394
f 2551/118/2394 2545/1223/2388 2543/113/2389 2549/120/2395
f 2556/125/2396 2550/120/2390 2554/120/2391 2560/125/2397
f 2560/125/2397 2554/120/2391 2553/118/2392 2559/125/2398
f 2559/125/2398 2553/118/2392 2552/1307/2393 2558/1225/2399
f 2558/1225/2399 2552/1307/2393 2551/118/2394 2557/1308/2400
f 2557/1308/2400 2551/118/2394 2549/120/2395 2555/125/2401
f 2562/132/2402 2556/125/2396 2560/125/2397 2566/132/2403
f 2566/132/2403 2560/125/2397 2559/125/2398 2565/132/2404
f 2565/132/2404 2559/125/2398 2558/1225/2399 2564/1309/2405
f 2564/1309/2405 2558/1225/2399 2557/1308/2400 2563/1094/2406
f 2563/1094/2406 2557/1308/2400 2555/125/2401 2561/1310/2407
f 2568/142/2408 2562/132/2402 2566/132/2403 2572/139/2409
f 2572/139/2409 2566/132/2403 2565/132/2404 2571/139/2410
f 2571/139/2410 2565/132/2404 2564/1309/2405 2570/1311/2411
f 2570/1311/2411 2564/1309/2405 2563/1094/2406 2569/142/2412
f 2569/142/2412 2563/1094/2406 2561/1310/2407 2567/139/2413
f 2574/146/2414 2568/142/2408 2572/139/2409 2578/146/2415
f 2578/146/2415 2572/139/2409 2571/139/2410 2577/144/2416
f 2577/144/2416 2571/139/2410 2570/1311/2411 2576/1312/2417
f 2576/1312/2417 2570/1311/2411 2569/142/2412 2575/1100/2418
f 2575/1100/2418 2569/142/2412 2567/139/2413 2573/144/2419
f 2580/156/2420 2574/146/2414 2578/146/2415 2584/150/2421
f 2584/150/2421 2578/146/2415 2577/144/2416 2583/150/2422
f 2583/150/2422 2577/144/2416 2576/1312/2417 2582/1313/2423
f 2582/1313/2423 2576/1312/2417 2575/1100/2418 2581/1314/2424
f 2581/1314/2424 2575/1100/2418 2573/144/2419 2579/151/2425
f 2586/158/2426 2580/156/2420 2584/150/2421 2590/158/2427
f 2590/158/2427 2584/150/2421 2583/150/2422 2589/158/2428
f 2589/158/2428 2583/150/2422 2582/1313/2423 2588/1315/2429
f 2588/1315/2429 2582/1313/2423 2581/1314/2424 2587/1105/2430
f 2587/1105/2430 2581/1314/2424 2579/151/2425 2585/158/2431
f 2592/164/2432 2586/158/2426 2590/158/2427 2596/164/2433
f 2596/164/2433 2590/158/2427 2589/158/2428 2595/1108/2434
f 2595/1108/2434 2589/158/2428 2588/1315/2429 2594/1316/2435
f 2594/1316/2435 2588/1315/2429 2587/1105/2430 2593/1109/2436
f 2593/1109/2436 2587/1105/2430 2585/158/2431 2591/164/2437
f 2598/170/2438 2592/164/2432 2596/164/2433 2602/170/2439
f 2602/170/2439 2596/164/2433 2595/1108/2434 2601/170/2440
f 2601/170/2440 2595/1108/2434 2594/1316/2435 2600/1317/2441
f 2600/1317/2441 2594/1316/2435 2593/1109/2436 2599/1113/2442
f 2599/1113/2442 2593/1109/2436 2591/164/2437 2597/170/2443
f 2604/176/2444 2598/170/2438 2602/170/2439 2608/176/2445
f 2608/176/2445 2602/170/2439 2601/170/2440 2607/178/2446
f 2607/178/2446 2601/170/2440 2600/1317/2441 2606/1318/2447
f 2606/1318/2447 2600/1317/2441 2599/1113/2442 2605/1319/2448
f 2605/1319/2448 2599/1113/2442 2597/170/2443 2603/176/2449
f 2610/182/2450 2604/176/2444 2608/176/2445 2614/182/2451
f 2614/182/2451 2608/176/2445 2607/178/2446 2613/182/2452
f 2613/182/2452 2607/178/2446 2606/1318/2447 2612/1320/2453
f 2612/1320/2453 2606/1318/2447 2605/1319/2448 2611/1321/2454
f 2611/1321/2454 2605/1319/2448 2603/176/2449 2609/182/2455
f 2616/191/2456 2610/182/2450 2614/182/2451 2620/191/2457
f 2620/191/2457 2614/182/2451 2613/182/2452 2619/191/2458
f 2619/191/2458 2613/182/2452 2612/1320/2453 2618/1238/2459
f 2618/1238/2459 2612/1320/2453 2611/1321/2454 2617/1121/2460
f 2617/1121/2460 2611/1321/2454 2609/182/2455 2615/191/2461
f 2622/196/2462 2616/191/2456 2620/191/2457 2626/196/2463
f 2626/196/2463 2620/191/2457 2619/191/2458 2625/195/2464
f 2625/195/2464 2619/191/2458 2618/1238/2459 2624/1322/2465
f 2624/1322/2465 2618/1238/2459 2617/1121/2460 2623/1124/2466
f 2623/1124/2466 2617/1121/2460 2615/191/2461 2621/196/2467
f 2628/1242/2468 2622/196/2462 2626/196/2463 2632/201/2469
f 2632/201/2469 2626/196/2463 2625/195/2464 2631/201/2470
f 2631/201/2470 2625/195/2464 2624/1322/2465 2630/1323/2471
f 2630/1323/2471 2624/1322/2465 2623/1124/2466 2629/1324/2472
f 2629/1324/2472 2623/1124/2466 2621/196/2467 2627/201/2473
f 2634/207/2474 2628/1242/2468 2632/201/2469 2638/207/2475
f 2638/207/2475 2632/201/2469 2631/201/2470 2637/207/2476
f 2637/207/2476 2631/201/2470 2630/1323/2471 2636/1325/2477
f 2636/1325/2477 2630/1323/2471 2629/1324/2472 2635/209/2478
f 2635/209/2478 2629/1324/2472 2627/201/2473 2633/207/2479
f 2640/213/2480 2634/207/2474 2638/207/2475 2644/213/2481
f 2644/213/2481 2638/207/2475 2637/207/2476 2643/213/2482
f 2643/213/2482 2637/207/2476 2636/1325/2477 2642/1326/2483
f 2642/1326/2483 2636/1325/2477 2635/209/2478 2641/1327/2484
f 2641/1327/2484 2635/209/2478 2633/207/2479 2639/213/2485
f 2646/220/2486 2640/213/2480 2644/213/2481 2650/221/2487
f 2650/221/2487 2644/213/2481 2643/213/2482 2649/221/2488
f 2649/221/2488 2643/213/2482 2642/1326/2483 2648/1328/2489
f 2648/1328/2489 2642/1326/2483 2641/1327/2484 2647/220/2490
f 2647/220/2490 2641/1327/2484 2639/213/2485 2645/221/2491
f 2652/227/2492 2646/220/2486 2650/221/2487 2656/227/2493
f 2656/227/2493 2650/221/2487 2649/221/2488 2655/227/2494
f 2655/227/2494 2649/221/2488 2648/1328/2489 2654/1329/2495
f 2654/1329/2495 2648/1328/2489 2647/220/2490 2653/227/2496
f 2653/227/2496 2647/220/2490 2645/221/2491 2651/227/2497
f 2658/233/2498 2652/227/2492 2656/227/2493 2662/233/2499
f 2662/233/2499 2656/227/2493 2655/227/2494 2661/233/2500
f 2661/233/2500 2655/227/2494 2654/1329/2495 2660/1330/2501
f 2660/1330/2501 2654/1329/2495 2653/227/2496 2659/1331/2502
f 2659/1331/2502 2653/227/2496 2651/227/2497 2657/233/2503
f 2664/239/2504 2658/233/2498 2662/233/2499 2668/239/2505
f 2668/239/2505 2662/233/2499 2661/233/2500 2667/239/2506
f 2667/239/2506 2661/233/2500 2660/1330/2501 2666/1332/2507
f 2666/1332/2507 2660/1330/2501 2659/1331/2502 2665/241/2508
f 2665/241/2508 2659/1331/2502 2657/233/2503 2663/239/2509
f 2670/246/2510 2664/239/2504 2668/239/2505 2674/246/2511
f 2674/246/2511 2668/239/2505 2667/239/2506 2673/249/2512
f 2673/249/2512 2667/239/2506 2666/1332/2507 2672/1333/2513
f 2672/1333/2513 2666/1332/2507 2665/241/2508 2671/1334/2514
f 2671/1334/2514 2665/241/2508 2663/239/2509 2669/246/2515
f 2676/254/2516 2670/246/2510 2674/246/2511 2680/254/2517
f 2680/254/2517 2674/246/2511 2673/249/2512 2679/254/2518
f 2679/254/2518 2673/249/2512 2672/1333/2513 2678/1335/2519
f 2678/1335/2519 2672/1333/2513 2671/1334/2514 2677/1336/2520
f 2677/1336/2520 2671/1334/2514 2669/246/2515 2675/254/2521
f 2682/259/2522 2676/254/2516 2680/254/2517 2686/259/2523
f 2686/259/2523 2680/254/2517 2679/254/2518 2685/259/2524
f 2685/259/2524 2679/254/2518 2678/1335/2519 2684/1337/2525
f 2684/1337/2525 2678/1335/2519 2677/1336/2520 2683/1149/2526
f 2683/1149/2526 2677/1336/2520 2675/254/2521 2681/259/2527
f 2688/266/2528 2682/259/2522 2686/259/2523 2692/266/2529
f 2692/266/2529 2686/259/2523 2685/259/2524 2691/266/2530
f 2691/266/2530 2685/259/2524 2684/1337/2525 2690/1338/2531
f 2690/1338/2531 2684/1337/2525 2683/1149/2526 2689/1339/2532
f 2689/1339/2532 2683/1149/2526 2681/259/2527 2687/266/2533
f 2507/74/2343 2688/266/2528 2692/266/2529 2509/74/2344
f 2509/74/2344 2692/266/2529 2691/266/2530 2510/74/2346
f 2510/74/2346 2691/266/2530 2690/1338/2531 2511/1295/2348
f 2511/1295/2348 2690/1338/2531 2689/1339/2532 2512/1297/2350
f 2512/1297/2350 2689/1339/2532 2687/266/2533 2508/74/2352
f 2694/67/2534 2699/74/2535 2701/1254/2536 2698/1340/2537
f 2698/1340/2537 2701/1254/2536 2702/1341/2538 2697/1342/2539
f 2697/1342/2539 2702/1341/2538 2703/74/2540 2696/67/2541
f 2696/67/2541 2703/74/2540 2704/74/2542 2695/67/2543
f 2695/67/2543 2704/74/2542 2700/74/2544 2693/67/2545
f 2706/80/2546 2694/67/2534 2698/1340/2537 2710/1343/2547
f 2710/1343/2547 2698/1340/2537 2697/1342/2539 2709/1344/2548
f 2709/1344/2548 2697/1342/2539 2696/67/2541 2708/80/2549
f 2708/80/2549 2696/67/2541 2695/67/2543 2707/80/2550
f 2707/80/2550 2695/67/2543 2693/67/2545 2705/80/2551
f 2712/87/2552 2706/80/2546 2710/1343/2547 2716/1345/2553
f 2716/1345/2553 2710/1343/2547 2709/1344/2548 2715/1346/2554
f 2715/1346/2554 2709/1344/2548 2708/80/2549 2714/87/2555
f 2714/87/2555 2708/80/2549 2707/80/2550 2713/87/2556
f 2713/87/2556 2707/80/2550 2705/80/2551 2711/87/2557
f 2718/93/2558 2712/87/2552 2716/1345/2553 2722/1347/2559
f 2722/1347/2559 2716/1345/2553 2715/1346/2554 2721/1348/2560
f 2721/1348/2560 2715/1346/2554 2714/87/2555 2720/93/2561
f 2720/93/2561 2714/87/2555 2713/87/2556 2719/93/2562
f 2719/93/2562 2713/87/2556 2711/87/2557 2717/93/2563
f 2724/99/2564 2718/93/2558 2722/1347/2559 2728/1163/2565
f 2728/1163/2565 2722/1347/2559 2721/1348/2560 2727/1349/2566
f 2727/1349/2566 2721/1348/2560 2720/93/2561 2726/99/2567
f 2726/99/2567 2720/93/2561 2719/93/2562 2725/99/2568
f 2725/99/2568 2719/93/2562 2717/93/2563 2723/99/2569
f 2730/107/2570 2724/99/2564 2728/1163/2565 2734/106/2571
f 2734/106/2571 2728/1163/2565 2727/1349/2566 2733/1350/2572
f 2733/1350/2572 2727/1349/2566 2726/99/2567 2732/106/2573
f 2732/106/2573 2726/99/2567 2725/99/2568 2731/106/2574
f 2731/106/2574 2725/99/2568 2723/99/2569 2729/106/2575
f 2736/113/2576 2730/107/2570 2734/106/2571 2740/113/2577
f 2740/113/2577 2734/106/2571 2733/1350/2572 2739/1166/2578
f 2739/1166/2578 2733/1350/2572 2732/106/2573 2738/113/2579
f 2738/113/2579 2732/106/2573 2731/106/2574 2737/113/2580
f 2737/113/2580 2731/106/2574 2729/106/2575 2735/113/2581
f 2742/120/2582 2736/113/2576 2740/113/2577 2746/119/2583
f 2746/119/2583 2740/113/2577 2739/1166/2578 2745/1351/2584
f 2745/1351/2584 2739/1166/2578 2738/113/2579 2744/120/2585
f 2744/120/2585 2738/113/2579 2737/113/2580 2743/119/2586
f 2743/119/2586 2737/113/2580 2735/113/2581 2741/119/2587
f 2748/125/2588 2742/120/2582 2746/119/2583 2752/126/2589
f 2752/126/2589 2746/119/2583 2745/1351/2584 2751/1352/2590
f 2751/1352/2590 2745/1351/2584 2744/120/2585 2750/125/2591
f 2750/125/2591 2744/120/2585 2743/119/2586 2749/125/2592
f 2749/125/2592 2743/119/2586 2741/119/2587 2747/125/2593
f 2754/132/2594 2748/125/2588 2752/126/2589 2758/1169/2595
f 2758/1169/2595 2752/126/2589 2751/1352/2590 2757/1353/2596
f 2757/1353/2596 2751/1352/2590 2750/125/2591 2756/1093/2597
f 2756/1093/2597 2750/125/2591 2749/125/2592 2755/132/2598
f 2755/132/2598 2749/125/2592 2747/125/2593 2753/132/2599
f 2760/139/2600 2754/132/2594 2758/1169/2595 2764/1098/2601
f 2764/1098/2601 2758/1169/2595 2757/1353/2596 2763/1354/2602
f 2763/1354/2602 2757/1353/2596 2756/1093/2597 2762/139/2603
f 2762/139/2603 2756/1093/2597 2755/132/2598 2761/139/2604
f 2761/139/2604 2755/132/2598 2753/132/2599 2759/139/2605
f 2766/144/2606 2760/139/2600 2764/1098/2601 2770/1355/2607
f 2770/1355/2607 2764/1098/2601 2763/1354/2602 2769/1356/2608
f 2769/1356/2608 2763/1354/2602 2762/139/2603 2768/144/2609
f 2768/144/2609 2762/139/2603 2761/139/2604 2767/144/2610
f 2767/144/2610 2761/139/2604 2759/139/2605 2765/144/2611
f 2772/150/2612 2766/144/2606 2770/1355/2607 2776/1174/2613
f 2776/1174/2613 2770/1355/2607 2769/1356/2608 2775/1357/2614
f 2775/1357/2614 2769/1356/2608 2768/144/2609 2774/150/2615
f 2774/150/2615 2768/144/2609 2767/144/2610 2773/150/2616
f 2773/150/2616 2767/144/2610 2765/144/2611 2771/150/2617
f 2778/158/2618 2772/150/2612 2776/1174/2613 2782/1177/2619
f 2782/1177/2619 2776/1174/2613 2775/1357/2614 2781/1358/2620
f 2781/1358/2620 2775/1357/2614 2774/150/2615 2780/158/2621
f 2780/158/2621 2774/150/2615 2773/150/2616 2779/158/2622
f 2779/158/2622 2773/150/2616 2771/150/2617 2777/158/2623
f 2784/165/2624 2778/158/2618 2782/1177/2619 2788/1359/2625
f 2788/1359/2625 2782/1177/2619 2781/1358/2620 2787/1360/2626
f 2787/1360/2626 2781/1358/2620 2780/158/2621 2786/164/2627
f 2786/164/2627 2780/158/2621 2779/158/2622 2785/165/2628
f 2785/165/2628 2779/158/2622 2777/158/2623 2783/164/2629
f 2790/170/2630 2784/165/2624 2788/1359/2625 2794/1181/2631
f 2794/1181/2631 2788/1359/2625 2787/1360/2626 2793/1361/2632
f 2793/1361/2632 2787/1360/2626 2786/164/2627 2792/170/2633
f 2792/170/2633 2786/164/2627 2785/165/2628 2791/170/2634
f 2791/170/2634 2785/165/2628 2783/164/2629 2789/170/2635
f 2796/176/2636 2790/170/2630 2794/1181/2631 2800/1362/2637
f 2800/1362/2637 2794/1181/2631 2793/1361/2632 2799/1363/2638
f 2799/1363/2638 2793/1361/2632 2792/170/2633 2798/176/2639
f 2798/176/2639 2792/170/2633 2791/170/2634 2797/176/2640
f 2797/176/2640 2791/170/2634 2789/170/2635 2795/176/2641
f 2802/182/2642 2796/176/2636 2800/1362/2637 2806/1364/2643
f 2806/1364/2643 2800/1362/2637 2799/1363/2638 2805/1365/2644
f 2805/1365/2644 2799/1363/2638 2798/176/2639 2804/182/2645
f 2804/182/2645 2798/176/2639 2797/176/2640 2803/182/2646
f 2803/182/2646 2797/176/2640 2795/176/2641 2801/182/2647
f 2808/190/2648 2802/182/2642 2806/1364/2643 2812/1366/2649
f 2812/1366/2649 2806/1364/2643 2805/1365/2644 2811/1367/2650
f 2811/1367/2650 2805/1365/2644 2804/182/2645 2810/191/2651
f 2810/191/2651 2804/182/2645 2803/182/2646 2809/191/2652
f 2809/191/2652 2803/182/2646 2801/182/2647 2807/1368/2653
f 2814/196/2654 2808/190/2648 2812/1366/2649 2818/1369/2655
f 2818/1369/2655 2812/1366/2649 2811/1367/2650 2817/1370/2656
f 2817/1370/2656 2811/1367/2650 2810/191/2651 2816/196/2657
f 2816/196/2657 2810/191/2651 2809/191/2652 2815/196/2658
f 2815/196/2658 2809/191/2652 2807/1368/2653 2813/196/2659
f 2820/201/2660 2814/196/2654 2818/1369/2655 2824/1192/2661
f 2824/1192/2661 2818/1369/2655 2817/1370/2656 2823/1280/2662
f 2823/1280/2662 2817/1370/2656 2816/196/2657 2822/201/2663
f 2822/201/2663 2816/196/2657 2815/196/2658 2821/201/2664
f 2821/201/2664 2815/196/2658 2813/196/2659 2819/201/2665
f 2826/207/2666 2820/201/2660 2824/1192/2661 2830/1193/2667
f 2830/1193/2667 2824/1192/2661 2823/1280/2662 2829/1371/2668
f 2829/1371/2668 2823/1280/2662 2822/201/2663 2828/1131/2669
f 2828/1131/2669 2822/201/2663 2821/201/2664 2827/207/2670
f 2827/207/2670 2821/201/2664 2819/201/2665 2825/207/2671
f 2832/213/2672 2826/207/2666 2830/1193/2667 2836/213/2673
f 2836/213/2673 2830/1193/2667 2829/1371/2668 2835/1283/2674
f 2835/1283/2674 2829/1371/2668 2828/1131/2669 2834/213/2675
f 2834/213/2675 2828/1131/2669 2827/207/2670 2833/213/2676
f 2833/213/2676 2827/207/2670 2825/207/2671 2831/213/2677
f 2838/221/2678 2832/213/2672 2836/213/2673 2842/1134/2679
f 2842/1134/2679 2836/213/2673 2835/1283/2674 2841/1197/2680
f 2841/1197/2680 2835/1283/2674 2834/213/2675 2840/221/2681
f 2840/221/2681 2834/213/2675 2833/213/2676 2839/220/2682
f 2839/220/2682 2833/213/2676 2831/213/2677 2837/221/2683
f 2844/227/2684 2838/221/2678 2842/1134/2679 2848/1372/2685
f 2848/1372/2685 2842/1134/2679 2841/1197/2680 2847/1373/2686
f 2847/1373/2686 2841/1197/2680 2840/221/2681 2846/227/2687
f 2846/227/2687 2840/221/2681 2839/220/2682 2845/227/2688
f 2845/227/2688 2839/220/2682 2837/221/2683 2843/227/2689
f 2850/233/2690 2844/227/2684 2848/1372/2685 2854/233/2691
f 2854/233/2691 2848/1372/2685 2847/1373/2686 2853/1374/2692
f 2853/1374/2692 2847/1373/2686 2846/227/2687 2852/233/2693
f 2852/233/2693 2846/227/2687 2845/227/2688 2851/233/2694
f 2851/233/2694 2845/227/2688 2843/227/2689 2849/233/2695
f 2856/239/2696 2850/233/2690 2854/233/2691 2860/240/2697
f 2860/240/2697 2854/233/2691 2853/1374/2692 2859/1375/2698
f 2859/1375/2698 2853/1374/2692 2852/233/2693 2858/239/2699
f 2858/239/2699 2852/233/2693 2851/233/2694 2857/239/2700
f 2857/239/2700 2851/233/2694 2849/233/2695 2855/239/2701
f 2862/246/2702 2856/239/2696 2860/240/2697 2866/1287/2703
f 2866/1287/2703 2860/240/2697 2859/1375/2698 2865/1376/2704
f 2865/1376/2704 2859/1375/2698 2858/239/2699 2864/246/2705
f 2864/246/2705 2858/239/2699 2857/239/2700 2863/246/2706
f 2863/246/2706 2857/239/2700 2855/239/2701 2861/246/2707
f 2868/254/2708 2862/246/2702 2866/1287/2703 2872/1377/2709
f 2872/1377/2709 2866/1287/2703 2865/1376/2704 2871/1378/2710
f 2871/1378/2710 2865/1376/2704 2864/246/2705 2870/254/2711
f 2870/254/2711 2864/246/2705 2863/246/2706 2869/254/2712
f 2869/254/2712 2863/246/2706 2861/246/2707 2867/1207/2713
f 2874/259/2714 2868/254/2708 2872/1377/2709 2878/1379/2715
f 2878/1379/2715 2872/1377/2709 2871/1378/2710 2877/1380/2716
f 2877/1380/2716 2871/1378/2710 2870/254/2711 2876/259/2717
f 2876/259/2717 2870/254/2711 2869/254/2712 2875/259/2718
f 2875/259/2718 2869/254/2712 2867/1207/2713 2873/259/2719
f 2880/266/2720 2874/259/2714 2878/1379/2715 2884/1381/2721
f 2884/1381/2721 2878/1379/2715 2877/1380/2716 2883/1382/2722
f 2883/1382/2722 2877/1380/2716 2876/259/2717 2882/266/2723
f 2882/266/2723 2876/259/2717 2875/259/2718 2881/266/2724
f 2881/266/2724 2875/259/2718 2873/259/2719 2879/266/2725
f 2699/74/2535 2880/266/2720 2884/1381/2721 2701/1254/2536
f 2701/1254/2536 2884/1381/2721 2883/1382/2722 2702/1341/2538
f 2702/1341/2538 2883/1382/2722 2882/266/2723 2703/74/2540
f 2703/74/2540 2882/266/2723 2881/266/2724 2704/74/2542
f 2704/74/2542 2881/266/2724 2879/266/2725 2700/74/2544
f 2886/67/2726 2891/74/2727 2893/74/2728 2890/67/2729
f 2890/67/2729 2893/74/2728 2894/74/2730 2889/67/2731
f 2889/67/2731 2894/74/2730 2895/1383/2732 2888/1384/2733
f 2888/1384/2733 2895/1383/2732 2896/1385/2734 2887/1071/2735
f 2887/1071/2735 2896/1385/2734 2892/74/2736 2885/67/2737
f 2898/80/2738 2886/67/2726 2890/67/2729 2902/80/2739
f 2902/80/2739 2890/67/2729 2889/67/2731 2901/80/2740
f 2901/80/2740 2889/67/2731 2888/1384/2733 2900/1386/2741
f 2900/1386/2741 2888/1384/2733 2887/1071/2735 2899/1300/2742
f 2899/1300/2742 2887/1071/2735 2885/67/2737 2897/80/2743
f 2904/87/2744 2898/80/2738 2902/80/2739 2908/87/2745
f 2908/87/2745 2902/80/2739 2901/80/2740 2907/87/2746
f 2907/87/2746 2901/80/2740 2900/1386/2741 2906/1387/2747
f 2906/1387/2747 2900/1386/2741 2899/1300/2742 2905/1388/2748
f 2905/1388/2748 2899/1300/2742 2897/80/2743 2903/87/2749
f 2910/93/2750 2904/87/2744 2908/87/2745 2914/93/2751
f 2914/93/2751 2908/87/2745 2907/87/2746 2913/93/2752
f 2913/93/2752 2907/87/2746 2906/1387/2747 2912/1219/2753
f 2912/1219/2753 2906/1387/2747 2905/1388/2748 2911/1389/2754
f 2911/1389/2754 2905/1388/2748 2903/87/2749 2909/93/2755
f 2916/99/2756 2910/93/2750 2914/93/2751 2920/99/2757
f 2920/99/2757 2914/93/2751 2913/93/2752 2919/99/2758
f 2919/99/2758 2913/93/2752 2912/1219/2753 2918/1390/2759
f 2918/1390/2759 2912/1219/2753 2911/1389/2754 2917/103/2760
f 2917/103/2760 2911/1389/2754 2909/93/2755 2915/99/2761
f 2922/106/2762 2916/99/2756 2920/99/2757 2926/106/2763
f 2926/106/2763 2920/99/2757 2919/99/2758 2925/106/2764
f 2925/106/2764 2919/99/2758 2918/1390/2759 2924/1391/2765
f 2924/1391/2765 2918/1390/2759 2917/103/2760 2923/106/2766
f 2923/106/2766 2917/103/2760 2915/99/2761 2921/106/2767
f 2928/113/2768 2922/106/2762 2926/106/2763 2932/113/2769
f 2932/113/2769 2926/106/2763 2925/106/2764 2931/113/2770
f 2931/113/2770 2925/106/2764 2924/1391/2765 2930/1392/2771
f 2930/1392/2771 2924/1391/2765 2923/106/2766 2929/113/2772
f 2929/113/2772 2923/106/2766 2921/106/2767 2927/1223/2773
f 2934/119/2774 2928/113/2768 2932/113/2769 2938/120/2775
f 2938/120/2775 2932/113/2769 2931/113/2770 2937/118/2776
f 2937/118/2776 2931/113/2770 2930/1392/2771 2936/1307/2777
f 2936/1307/2777 2930/1392/2771 2929/113/2772 2935/123/2778
f 2935/123/2778 2929/113/2772 2927/1223/2773 2933/120/2779
f 2940/125/2780 2934/119/2774 2938/120/2775 2944/125/2781
f 2944/125/2781 2938/120/2775 2937/118/2776 2943/125/2782
f 2943/125/2782 2937/118/2776 2936/1307/2777 2942/1090/2783
f 2942/1090/2783 2936/1307/2777 2935/123/2778 2941/1092/2784
f 2941/1092/2784 2935/123/2778 2933/120/2779 2939/125/2785
f 2946/132/2786 2940/125/2780 2944/125/2781 2950/132/2787
f 2950/132/2787 2944/125/2781 2943/125/2782 2949/1093/2788
f 2949/1093/2788 2943/125/2782 2942/1090/2783 2948/1309/2789
f 2948/1309/2789 2942/1090/2783 2941/1092/2784 2947/1093/2790
f 2947/1093/2790 2941/1092/2784 2939/125/2785 2945/131/2791
f 2952/139/2792 2946/132/2786 2950/132/2787 2956/139/2793
f 2956/139/2793 2950/132/2787 2949/1093/2788 2955/139/2794
f 2955/139/2794 2949/1093/2788 2948/1309/2789 2954/1311/2795
f 2954/1311/2795 2948/1309/2789 2947/1093/2790 2953/142/2796
f 2953/142/2796 2947/1093/2790 2945/131/2791 2951/1393/2797
f 2958/144/2798 2952/139/2792 2956/139/2793 2962/144/2799
f 2962/144/2799 2956/139/2793 2955/139/2794 2961/144/2800
f 2961/144/2800 2955/139/2794 2954/1311/2795 2960/1394/2801
f 2960/1394/2801 2954/1311/2795 2953/142/2796 2959/1100/2802
f 2959/1100/2802 2953/142/2796 2951/1393/2797 2957/144/2803
f 2964/150/2804 2958/144/2798 2962/144/2799 2968/150/2805
f 2968/150/2805 2962/144/2799 2961/144/2800 2967/150/2806
f 2967/150/2806 2961/144/2800 2960/1394/2801 2966/1395/2807
f 2966/1395/2807 2960/1394/2801 2959/1100/2802 2965/1314/2808
f 2965/1314/2808 2959/1100/2802 2957/144/2803 2963/151/2809
f 2970/158/2810 2964/150/2804 2968/150/2805 2974/158/2811
f 2974/158/2811 2968/150/2805 2967/150/2806 2973/158/2812
f 2973/158/2812 2967/150/2806 2966/1395/2807 2972/1396/2813
f 2972/1396/2813 2966/1395/2807 2965/1314/2808 2971/1397/2814
f 2971/1397/2814 2965/1314/2808 2963/151/2809 2969/158/2815
f 2976/164/2816 2970/158/2810 2974/158/2811 2980/164/2817
f 2980/164/2817 2974/158/2811 2973/158/2812 2979/164/2818
f 2979/164/2818 2973/158/2812 2972/1396/2813 2978/1398/2819
f 2978/1398/2819 2972/1396/2813 2971/1397/2814 2977/1399/2820
f 2977/1399/2820 2971/1397/2814 2969/158/2815 2975/164/2821
f 2982/170/2822 2976/164/2816 2980/164/2817 2986/170/2823
f 2986/170/2823 2980/164/2817 2979/164/2818 2985/170/2824
f 2985/170/2824 2979/164/2818 2978/1398/2819 2984/1400/2825
f 2984/1400/2825 2978/1398/2819 2977/1399/2820 2983/1112/2826
f 2983/1112/2826 2977/1399/2820 2975/164/2821 2981/170/2827
f 2988/176/2828 2982/170/2822 2986/170/2823 2992/176/2829
f 2992/176/2829 2986/170/2823 2985/170/2824 2991/176/2830
f 2991/176/2830 2985/170/2824 2984/1400/2825 2990/1401/2831
f 2990/1401/2831 2984/1400/2825 2983/1112/2826 2989/1114/2832
f 2989/1114/2832 2983/1112/2826 2981/170/2827 2987/176/2833
f 2994/182/2834 2988/176/2828 2992/176/2829 2998/182/2835
f 2998/182/2835 2992/176/2829 2991/176/2830 2997/182/2836
f 2997/182/2836 2991/176/2830 2990/1401/2831 2996/1402/2837
f 2996/1402/2837 2990/1401/2831 2989/1114/2832 2995/1403/2838
f 2995/1403/2838 2989/1114/2832 2987/176/2833 2993/182/2839
f 3000/1368/2840 2994/182/2834 2998/182/2835 3004/191/2841
f 3004/191/2841 2998/182/2835 2997/182/2836 3003/1368/2842
f 3003/1368/2842 2997/182/2836 2996/1402/2837 3002/1238/2843
f 3002/1238/2843 2996/1402/2837 2995/1403/2838 3001/1121/2844
f 3001/1121/2844 2995/1403/2838 2993/182/2839 2999/191/2845
f 3006/196/2846 3000/1368/2840 3004/191/2841 3010/1189/2847
f 3010/1189/2847 3004/191/2841 3003/1368/2842 3009/195/2848
f 3009/195/2848 3003/1368/2842 3002/1238/2843 3008/1404/2849
f 3008/1404/2849 3002/1238/2843 3001/1121/2844 3007/1124/2850
f 3007/1124/2850 3001/1121/2844 2999/191/2845 3005/196/2851
f 3012/201/2852 3006/196/2846 3010/1189/2847 3016/201/2853
f 3016/201/2853 3010/1189/2847 3009/195/2848 3015/201/2854
f 3015/201/2854 3009/195/2848 3008/1404/2849 3014/1323/2855
f 3014/1323/2855 3008/1404/2849 3007/1124/2850 3013/1324/2856
f 3013/1324/2856 3007/1124/2850 3005/196/2851 3011/201/2857
f 3018/207/2858 3012/201/2852 3016/201/2853 3022/207/2859
f 3022/207/2859 3016/201/2853 3015/201/2854 3021/1131/2860
f 3021/1131/2860 3015/201/2854 3014/1323/2855 3020/1243/2861
f 3020/1243/2861 3014/1323/2855 3013/1324/2856 3019/1131/2862
f 3019/1131/2862 3013/1324/2856 3011/201/2857 3017/207/2863
f 3024/213/2864 3018/207/2858 3022/207/2859 3028/213/2865
f 3028/213/2865 3022/207/2859 3021/1131/2860 3027/213/2866
f 3027/213/2866 3021/1131/2860 3020/1243/2861 3026/1405/2867
f 3026/1405/2867 3020/1243/2861 3019/1131/2862 3025/1133/2868
f 3025/1133/2868 3019/1131/2862 3017/207/2863 3023/213/2869
f 3030/221/2870 3024/213/2864 3028/213/2865 3034/221/2871
f 3034/221/2871 3028/213/2865 3027/213/2866 3033/220/2872
f 3033/220/2872 3027/213/2866 3026/1405/2867 3032/1135/2873
f 3032/1135/2873 3026/1405/2867 3025/1133/2868 3031/1406/2874
f 3031/1406/2874 3025/1133/2868 3023/213/2869 3029/221/2875
f 3036/227/2876 3030/221/2870 3034/221/2871 3040/227/2877
f 3040/227/2877 3034/221/2871 3033/220/2872 3039/227/2878
f 3039/227/2878 3033/220/2872 3032/1135/2873 3038/1407/2879
f 3038/1407/2879 3032/1135/2873 3031/1406/2874 3037/227/2880
f 3037/227/2880 3031/1406/2874 3029/221/2875 3035/227/2881
f 3042/233/2882 3036/227/2876 3040/227/2877 3046/233/2883
f 3046/233/2883 3040/227/2877 3039/227/2878 3045/233/2884
f 3045/233/2884 3039/227/2878 3038/1407/2879 3044/1330/2885
f 3044/1330/2885 3038/1407/2879 3037/227/2880 3043/233/2886
f 3043/233/2886 3037/227/2880 3035/227/2881 3041/232/2887
f 3048/239/2888 3042/233/2882 3046/233/2883 3052/239/2889
f 3052/239/2889 3046/233/2883 3045/233/2884 3051/239/2890
f 3051/239/2890 3045/233/2884 3044/1330/2885 3050/1408/2891
f 3050/1408/2891 3044/1330/2885 3043/233/2886 3049/1409/2892
f 3049/1409/2892 3043/233/2886 3041/232/2887 3047/239/2893
f 3054/246/2894 3048/239/2888 3052/239/2889 3058/1203/2895
f 3058/1203/2895 3052/239/2889 3051/239/2890 3057/249/2896
f 3057/249/2896 3051/239/2890 3050/1408/2891 3056/1249/2897
f 3056/1249/2897 3050/1408/2891 3049/1409/2892 3055/1145/2898
f 3055/1145/2898 3049/1409/2892 3047/239/2893 3053/246/2899
f 3060/1207/2900 3054/246/2894 3058/1203/2895 3064/254/2901
f 3064/254/2901 3058/1203/2895 3057/249/2896 3063/1207/2902
f 3063/1207/2902 3057/249/2896 3056/1249/2897 3062/1410/2903
f 3062/1410/2903 3056/1249/2897 3055/1145/2898 3061/1411/2904
f 3061/1411/2904 3055/1145/2898 3053/246/2899 3059/254/2905
f 3066/259/2906 3060/1207/2900 3064/254/2901 3070/259/2907
f 3070/259/2907 3064/254/2901 3063/1207/2902 3069/259/2908
f 3069/259/2908 3063/1207/2902 3062/1410/2903 3068/1412/2909
f 3068/1412/2909 3062/1410/2903 3061/1411/2904 3067/1413/2910
f 3067/1413/2910 3061/1411/2904 3059/254/2905 3065/259/2911
f 3072/266/2912 3066/259/2906 3070/259/2907 3076/266/2913
f 3076/266/2913 3070/259/2907 3069/259/2908 3075/266/2914
f 3075/266/2914 3069/259/2908 3068/1412/2909 3074/1338/2915
f 3074/1338/2915 3068/1412/2909 3067/1413/2910 3073/1152/2916
f 3073/1152/2916 3067/1413/2910 3065/259/2911 3071/266/2917
f 2891/74/2727 3072/266/2912 3076/266/2913 2893/74/2728
f 2893/74/2728 3076/266/2913 3075/266/2914 2894/74/2730
f 2894/74/2730 3075/266/2914 3074/1338/2915 2895/1383/2732
f 2895/1383/2732 3074/1338/2915 3073/1152/2916 2896/1385/2734
f 2896/1385/2734 3073/1152/2916 3071/266/2917 2892/74/2736
f 3138/67/2918 3143/74/2919 3145/1254/2920 3142/1414/2921
f 3142/1414/2921 3145/1254/2920 3146/1415/2922 3141/1416/2923
f 3141/1416/2923 3146/1415/2922 3147/1417/2924 3140/1418/2925
f 3140/1418/2925 3147/1417/2924 3148/1419/2926 3139/1420/2927
f 3139/1420/2927 3148/1419/2926 3144/1421/2928 3137/1422/2929
f 3150/80/2930 3138/67/2918 3142/1414/2921 3154/1257/2931
f 3154/1257/2931 3142/1414/2921 3141/1416/2923 3153/1423/2932
f 3153/1423/2932 3141/1416/2923 3140/1418/2925 3152/1424/2933
f 3152/1424/2933 3140/1418/2925 3139/1420/2927 3151/1425/2934
f 3151/1425/2934 3139/1420/2927 3137/1422/2929 3149/1426/2935
f 3156/87/2936 3150/80/2930 3154/1257/2931 3160/1345/2937
f 3160/1345/2937 3154/1257/2931 3153/1423/2932 3159/1427/2938
f 3159/1427/2938 3153/1423/2932 3152/1424/2933 3158/1428/2939
f 3158/1428/2939 3152/1424/2933 3151/1425/2934 3157/1429/2940
f 3157/1429/2940 3151/1425/2934 3149/1426/2935 3155/1430/2941
f 3162/95/2942 3156/87/2936 3160/1345/2937 3166/1260/2943
f 3166/1260/2943 3160/1345/2937 3159/1427/2938 3165/1431/2944
f 3165/1431/2944 3159/1427/2938 3158/1428/2939 3164/1432/2945
f 3164/1432/2945 3158/1428/2939 3157/1429/2940 3163/1433/2946
f 3163/1433/2946 3157/1429/2940 3155/1430/2941 3161/1434/2947
f 3168/99/2948 3162/95/2942 3166/1260/2943 3172/1163/2949
f 3172/1163/2949 3166/1260/2943 3165/1431/2944 3171/1435/2950
f 3171/1435/2950 3165/1431/2944 3164/1432/2945 3170/1436/2951
f 3170/1436/2951 3164/1432/2945 3163/1433/2946 3169/1437/2952
f 3169/1437/2952 3163/1433/2946 3161/1434/2947 3167/1438/2953
f 3174/106/2954 3168/99/2948 3172/1163/2949 3178/106/2955
f 3178/106/2955 3172/1163/2949 3171/1435/2950 3177/1350/2956
f 3177/1350/2956 3171/1435/2950 3170/1436/2951 3176/1439/2957
f 3176/1439/2957 3170/1436/2951 3169/1437/2952 3175/1440/2958
f 3175/1440/2958 3169/1437/2952 3167/1438/2953 3173/1441/2959
f 3180/113/2960 3174/106/2954 3178/106/2955 3184/113/2961
f 3184/113/2961 3178/106/2955 3177/1350/2956 3183/1442/2962
f 3183/1442/2962 3177/1350/2956 3176/1439/2957 3182/1443/2963
f 3182/1443/2963 3176/1439/2957 3175/1440/2958 3181/1444/2964
f 3181/1444/2964 3175/1440/2958 3173/1441/2959 3179/1445/2965
f 3186/120/2966 3180/113/2960 3184/113/2961 3190/121/2967
f 3190/121/2967 3184/113/2961 3183/1442/2962 3189/1351/2968
f 3189/1351/2968 3183/1442/2962 3182/1443/2963 3188/467/2969
f 3188/467/2969 3182/1443/2963 3181/1444/2964 3187/1446/2970
f 3187/1446/2970 3181/1444/2964 3179/1445/2965 3185/1447/2971
f 3192/125/2972 3186/120/2966 3190/121/2967 3196/1167/2973
f 3196/1167/2973 3190/121/2967 3189/1351/2968 3195/1352/2974
f 3195/1352/2974 3189/1351/2968 3188/467/2969 3194/1448/2975
f 3194/1448/2975 3188/467/2969 3187/1446/2970 3193/1449/2976
f 3193/1449/2976 3187/1446/2970 3185/1447/2971 3191/1450/2977
f 3198/132/2978 3192/125/2972 3196/1167/2973 3202/1169/2979
f 3202/1169/2979 3196/1167/2973 3195/1352/2974 3201/1170/2980
f 3201/1170/2980 3195/1352/2974 3194/1448/2975 3200/1451/2981
f 3200/1451/2981 3194/1448/2975 3193/1449/2976 3199/1452/2982
f 3199/1452/2982 3193/1449/2976 3191/1450/2977 3197/1453/2983
f 3204/1098/2984 3198/132/2978 3202/1169/2979 3208/1098/2985
f 3208/1098/2985 3202/1169/2979 3201/1170/2980 3207/1354/2986
f 3207/1354/2986 3201/1170/2980 3200/1451/2981 3206/1454/2987
f 3206/1454/2987 3200/1451/2981 3199/1452/2982 3205/1455/2988
f 3205/1455/2988 3199/1452/2982 3197/1453/2983 3203/1456/2989
f 3210/144/2990 3204/1098/2984 3208/1098/2985 3214/1355/2991
f 3214/1355/2991 3208/1098/2985 3207/1354/2986 3213/1457/2992
f 3213/1457/2992 3207/1354/2986 3206/1454/2987 3212/1458/2993
f 3212/1458/2993 3206/1454/2987 3205/1455/2988 3211/1459/2994
f 3211/1459/2994 3205/1455/2988 3203/1456/2989 3209/1460/2995
f 3216/150/2996 3210/144/2990 3214/1355/2991 3220/1461/2997
f 3220/1461/2997 3214/1355/2991 3213/1457/2992 3219/1462/2998
f 3219/1462/2998 3213/1457/2992 3212/1458/2993 3218/1463/2999
f 3218/1463/2999 3212/1458/2993 3211/1459/2994 3217/1464/3000
f 3217/1464/3000 3211/1459/2994 3209/1460/2995 3215/1465/3001
f 4434/158/3002 3216/150/2996 3220/1461/2997 4438/1177/3003
f 4438/1177/3003 3220/1461/2997 3219/1462/2998 4437/1466/3004
f 4437/1466/3004 3219/1462/2998 3218/1463/2999 4436/1467/3005
f 4436/1467/3005 3218/1463/2999 3217/1464/3000 4435/1468/3006
f 4435/1468/3006 3217/1464/3000 3215/1465/3001 4433/1469/3007
f 4428/164/3008 4434/158/3002 4438/1177/3003 4432/1359/3009
f 4432/1359/3009 4438/1177/3003 4437/1466/3004 4431/1470/3010
f 4431/1470/3010 4437/1466/3004 4436/1467/3005 4430/1471/3011
f 4430/1471/3011 4436/1467/3005 4435/1468/3006 4429/1472/3012
f 4429/1472/3012 4435/1468/3006 4433/1469/3007 4427/1473/3013
f 4440/170/3014 4428/164/3008 4432/1359/3009 4444/1181/3015
f 4444/1181/3015 4432/1359/3009 4431/1470/3010 4443/1361/3016
f 4443/1361/3016 4431/1470/3010 4430/1471/3011 4442/543/3017
f 4442/543/3017 4430/1471/3011 4429/1472/3012 4441/1474/3018
f 4441/1474/3018 4429/1472/3012 4427/1473/3013 4439/1475/3019
f 4446/176/3020 4440/170/3014 4444/1181/3015 4450/1362/3021
f 4450/1362/3021 4444/1181/3015 4443/1361/3016 4449/1476/3022
f 4449/1476/3022 4443/1361/3016 4442/543/3017 4448/1477/3023
f 4448/1477/3023 4442/543/3017 4441/1474/3018 4447/1478/3024
f 4447/1478/3024 4441/1474/3018 4439/1475/3019 4445/1479/3025
f 4452/182/3026 4446/176/3020 4450/1362/3021 4456/1185/3027
f 4456/1185/3027 4450/1362/3021 4449/1476/3022 4455/1480/3028
f 4455/1480/3028 4449/1476/3022 4448/1477/3023 4454/1481/3029
f 4454/1481/3029 4448/1477/3023 4447/1478/3024 4453/1482/3030
f 4453/1482/3030 4447/1478/3024 4445/1479/3025 4451/1483/3031
f 3282/1484/3032 4452/182/3026 4456/1185/3027 3286/1485/3033
f 3286/1485/3033 4456/1185/3027 4455/1480/3028 3285/1486/3034
f 3285/1486/3034 4455/1480/3028 4454/1481/3029 3284/1487/3035
f 3284/1487/3035 4454/1481/3029 4453/1482/3030 3283/1488/3036
f 3283/1488/3036 4453/1482/3030 4451/1483/3031 3281/1489/3037
f 3288/196/3038 3282/1484/3032 3286/1485/3033 3292/1369/3039
f 3292/1369/3039 3286/1485/3033 3285/1486/3034 3291/1370/3040
f 3291/1370/3040 3285/1486/3034 3284/1487/3035 3290/1490/3041
f 3290/1490/3041 3284/1487/3035 3283/1488/3036 3289/1491/3042
f 3289/1491/3042 3283/1488/3036 3281/1489/3037 3287/1492/3043
f 3294/201/3044 3288/196/3038 3292/1369/3039 3298/1493/3045
f 3298/1493/3045 3292/1369/3039 3291/1370/3040 3297/1494/3046
f 3297/1494/3046 3291/1370/3040 3290/1490/3041 3296/1495/3047
f 3296/1495/3047 3290/1490/3041 3289/1491/3042 3295/1496/3048
f 3295/1496/3048 3289/1491/3042 3287/1492/3043 3293/1497/3049
f 3300/207/3050 3294/201/3044 3298/1493/3045 3304/1193/3051
f 3304/1193/3051 3298/1493/3045 3297/1494/3046 3303/1282/3052
f 3303/1282/3052 3297/1494/3046 3296/1495/3047 3302/1498/3053
f 3302/1498/3053 3296/1495/3047 3295/1496/3048 3301/1499/3054
f 3301/1499/3054 3295/1496/3048 3293/1497/3049 3299/1500/3055
f 3306/213/3056 3300/207/3050 3304/1193/3051 3310/213/3057
f 3310/213/3057 3304/1193/3051 3303/1282/3052 3309/1283/3058
f 3309/1283/3058 3303/1282/3052 3302/1498/3053 3308/1501/3059
f 3308/1501/3059 3302/1498/3053 3301/1499/3054 3307/1502/3060
f 3307/1502/3060 3301/1499/3054 3299/1500/3055 3305/1503/3061
f 3312/221/3062 3306/213/3056 3310/213/3057 3316/1134/3063
f 3316/1134/3063 3310/213/3057 3309/1283/3058 3315/1134/3064
f 3315/1134/3064 3309/1283/3058 3308/1501/3059 3314/1504/3065
f 3314/1504/3065 3308/1501/3059 3307/1502/3060 3313/1505/3066
f 3313/1505/3066 3307/1502/3060 3305/1503/3061 3311/1506/3067
f 3318/227/3068 3312/221/3062 3316/1134/3063 3322/227/3069
f 3322/227/3069 3316/1134/3063 3315/1134/3064 3321/1373/3070
f 3321/1373/3070 3315/1134/3064 3314/1504/3065 3320/1507/3071
f 3320/1507/3071 3314/1504/3065 3313/1505/3066 3319/1508/3072
f 3319/1508/3072 3313/1505/3066 3311/1506/3067 3317/1509/3073
f 3324/234/3074 3318/227/3068 3322/227/3069 3328/234/3075
f 3328/234/3075 3322/227/3069 3321/1373/3070 3327/1510/3076
f 3327/1510/3076 3321/1373/3070 3320/1507/3071 3326/1511/3077
f 3326/1511/3077 3320/1507/3071 3319/1508/3072 3325/1512/3078
f 3325/1512/3078 3319/1508/3072 3317/1509/3073 3323/1513/3079
f 3330/239/3080 3324/234/3074 3328/234/3075 3334/240/3081
f 3334/240/3081 3328/234/3075 3327/1510/3076 3333/1375/3082
f 3333/1375/3082 3327/1510/3076 3326/1511/3077 3332/1514/3083
f 3332/1514/3083 3326/1511/3077 3325/1512/3078 3331/1515/3084
f 3331/1515/3084 3325/1512/3078 3323/1513/3079 3329/1516/3085
f 3336/1203/3086 3330/239/3080 3334/240/3081 3340/1287/3087
f 3340/1287/3087 3334/240/3081 3333/1375/3082 3339/1288/3088
f 3339/1288/3088 3333/1375/3082 3332/1514/3083 3338/1517/3089
f 3338/1517/3089 3332/1514/3083 3331/1515/3084 3337/1518/3090
f 3337/1518/3090 3331/1515/3084 3329/1516/3085 3335/1519/3091
f 3342/253/3092 3336/1203/3086 3340/1287/3087 3346/1377/3093
f 3346/1377/3093 3340/1287/3087 3339/1288/3088 3345/1520/3094
f 3345/1520/3094 3339/1288/3088 3338/1517/3089 3344/1521/3095
f 3344/1521/3095 3338/1517/3089 3337/1518/3090 3343/1522/3096
f 3343/1522/3096 3337/1518/3090 3335/1519/3091 3341/1523/3097
f 3348/259/3098 3342/253/3092 3346/1377/3093 3352/1291/3099
f 3352/1291/3099 3346/1377/3093 3345/1520/3094 3351/1380/3100
f 3351/1380/3100 3345/1520/3094 3344/1521/3095 3350/1524/3101
f 3350/1524/3101 3344/1521/3095 3343/1522/3096 3349/1525/3102
f 3349/1525/3102 3343/1522/3096 3341/1523/3097 3347/1526/3103
f 3354/266/3104 3348/259/3098 3352/1291/3099 3358/1527/3105
f 3358/1527/3105 3352/1291/3099 3351/1380/3100 3357/1528/3106
f 3357/1528/3106 3351/1380/3100 3350/1524/3101 3356/1529/3107
f 3356/1529/3107 3350/1524/3101 3349/1525/3102 3355/1530/3108
f 3355/1530/3108 3349/1525/3102 3347/1526/3103 3353/1531/3109
f 3143/74/2919 3354/266/3104 3358/1527/3105 3145/1254/2920
f 3145/1254/2920 3358/1527/3105 3357/1528/3106 3146/1415/2922
f 3146/1415/2922 3357/1528/3106 3356/1529/3107 3147/1417/2924
f 3147/1417/2924 3356/1529/3107 3355/1530/3108 3148/1419/2926
f 3148/1419/2926 3355/1530/3108 3353/1531/3109 3144/1421/2928
f 3223/347/489 4470/700/847 4482/703/850 3240/348/490
f 3240/348/490 4482/703/850 4485/694/841 3241/351/3110
f 3241/351/3110 4485/694/841 4473/692/839 3229/335/3111
f 3229/335/3111 4473/692/839 4472/689/836 3226/329/471
f 3226/329/471 4472/689/836 4469/688/835 3221/326/468
f 3360/1532/3112 3223/347/489 3242/350/492 3364/1533/3113
f 3364/1533/3113 3242/350/492 3245/344/495 3363/1534/3114
f 3363/1534/3114 3245/344/495 3233/342/484 3362/1535/3115
f 3362/1535/3115 3233/342/484 3232/339/481 3361/1536/3116
f 3361/1536/3116 3232/339/481 3222/338/480 3359/1537/3117
f 3366/1538/3118 3255/365/508 3267/368/511 3370/1539/3119
f 3370/1539/3119 3267/368/511 3270/359/502 3369/1540/3120
f 3369/1540/3120 3270/359/502 3258/357/500 3368/1541/3121
f 3368/1541/3121 3258/357/500 3257/354/497 3367/1542/3122
f 3367/1542/3122 3257/354/497 3254/353/496 3365/1543/3123
f 3079/293/435 3360/1532/3112 3364/1533/3113 3096/294/436
f 3096/294/436 3364/1533/3113 3363/1534/3114 3097/297/439
f 3097/297/439 3363/1534/3114 3362/1535/3115 3085/281/423
f 3085/281/423 3362/1535/3115 3361/1536/3116 3082/275/417
f 3082/275/417 3361/1536/3116 3359/1537/3117 3077/272/414
f 3078/284/426 4529/284/889 4534/744/892 3088/285/427
f 3088/285/427 4534/744/892 4537/750/898 3089/288/430
f 3089/288/430 4537/750/898 4549/766/914 3101/290/432
f 3101/290/432 4549/766/914 4548/763/911 3098/296/438
f 3098/296/438 4548/763/911 4531/762/910 3079/293/435
f 3112/320/462 3366/1538/3118 3370/1539/3119 3129/321/463
f 3129/321/463 3370/1539/3119 3369/1540/3120 3130/324/466
f 3130/324/466 3369/1540/3120 3368/1541/3121 3118/308/450
f 3118/308/450 3368/1541/3121 3367/1542/3122 3115/302/444
f 3115/302/444 3367/1542/3122 3365/1543/3123 3110/299/441
f 4236/1544/3124 4241/1545/3125 4243/1546/3126 4240/1547/3127
f 4240/1547/3127 4243/1546/3126 4244/1548/3128 4239/1549/3129
f 4239/1549/3129 4244/1548/3128 4245/1550/3130 4238/1551/3131
f 4238/1551/3131 4245/1550/3130 4246/1552/3132 4237/1553/3133
f 4237/1553/3133 4246/1552/3132 4242/1554/3134 4235/1555/3135
f 4248/1556/3136 4236/1544/3124 4240/1547/3127 4252/1557/3137
f 4252/1557/3137 4240/1547/3127 4239/1549/3129 4251/1558/3138
f 4251/1558/3138 4239/1549/3129 4238/1551/3131 4250/1559/3139
f 4250/1559/3139 4238/1551/3131 4237/1553/3133 4249/1560/3140
f 4249/1560/3140 4237/1553/3133 4235/1555/3135 4247/1561/3141
f 4254/1562/3142 4248/1556/3136 4252/1557/3137 4258/1563/3143
f 4258/1563/3143 4252/1557/3137 4251/1558/3138 4257/1564/3144
f 4257/1564/3144 4251/1558/3138 4250/1559/3139 4256/1565/3145
f 4256/1565/3145 4250/1559/3139 4249/1560/3140 4255/1566/3146
f 4255/1566/3146 4249/1560/3140 4247/1561/3141 4253/1567/3147
f 4260/1568/3148 4254/1562/3142 4258/1563/3143 4264/1569/3149
f 4264/1569/3149 4258/1563/3143 4257/1564/3144 4263/1570/3150
f 4263/1570/3150 4257/1564/3144 4256/1565/3145 4262/1571/3151
f 4262/1571/3151 4256/1565/3145 4255/1566/3146 4261/1572/3152
f 4261/1572/3152 4255/1566/3146 4253/1567/3147 4259/1573/3153
f 4266/1574/3154 4260/1568/3148 4264/1569/3149 4270/1575/3155
f 4270/1575/3155 4264/1569/3149 4263/1570/3150 4269/1576/3156
f 4269/1576/3156 4263/1570/3150 4262/1571/3151 4268/1577/3157
f 4268/1577/3157 4262/1571/3151 4261/1572/3152 4267/1578/3158
f 4267/1578/3158 4261/1572/3152 4259/1573/3153 4265/1579/3159
f 4272/1580/3160 4266/1574/3154 4270/1575/3155 4276/1581/3161
f 4276/1581/3161 4270/1575/3155 4269/1576/3156 4275/1582/3162
f 4275/1582/3162 4269/1576/3156 4268/1577/3157 4274/1583/3163
f 4274/1583/3163 4268/1577/3157 4267/1578/3158 4273/1584/3164
f 4273/1584/3164 4267/1578/3158 4265/1579/3159 4271/1585/3165
f 4278/1586/3166 4272/1580/3160 4276/1581/3161 4282/1587/3167
f 4282/1587/3167 4276/1581/3161 4275/1582/3162 4281/1588/3168
f 4281/1588/3168 4275/1582/3162 4274/1583/3163 4280/1589/3169
f 4280/1589/3169 4274/1583/3163 4273/1584/3164 4279/1590/3170
f 4279/1590/3170 4273/1584/3164 4271/1585/3165 4277/1591/3171
f 4284/1592/3172 4278/1586/3166 4282/1587/3167 4288/1593/3173
f 4288/1593/3173 4282/1587/3167 4281/1588/3168 4287/1594/3174
f 4287/1594/3174 4281/1588/3168 4280/1589/3169 4286/1595/3175
f 4286/1595/3175 4280/1589/3169 4279/1590/3170 4285/1596/3176
f 4285/1596/3176 4279/1590/3170 4277/1591/3171 4283/1597/3177
f 4290/1598/3178 4284/1592/3172 4288/1593/3173 4294/1599/3179
f 4294/1599/3179 4288/1593/3173 4287/1594/3174 4293/1600/3180
f 4293/1600/3180 4287/1594/3174 4286/1595/3175 4292/1601/3181
f 4292/1601/3181 4286/1595/3175 4285/1596/3176 4291/1602/3182
f 4291/1602/3182 4285/1596/3176 4283/1597/3177 4289/1603/3183
f 4296/1604/3184 4290/1598/3178 4294/1599/3179 4300/1605/3185
f 4300/1605/3185 4294/1599/3179 4293/1600/3180 4299/1606/3186
f 4299/1606/3186 4293/1600/3180 4292/1601/3181 4298/1607/3187
f 4298/1607/3187 4292/1601/3181 4291/1602/3182 4297/1608/3188
f 4297/1608/3188 4291/1602/3182 4289/1603/3183 4295/1609/3189
f 4302/1610/3190 4296/1604/3184 4300/1605/3185 4306/1611/3191
f 4306/1611/3191 4300/1605/3185 4299/1606/3186 4305/1612/3192
f 4305/1612/3192 4299/1606/3186 4298/1607/3187 4304/1613/3193
f 4304/1613/3193 4298/1607/3187 4297/1608/3188 4303/1614/3194
f 4303/1614/3194 4297/1608/3188 4295/1609/3189 4301/1615/3195
f 4308/1616/3196 4302/1610/3190 4306/1611/3191 4312/1617/3197
f 4312/1617/3197 4306/1611/3191 4305/1612/3192 4311/1618/3198
f 4311/1618/3198 4305/1612/3192 4304/1613/3193 4310/1619/3199
f 4310/1619/3199 4304/1613/3193 4303/1614/3194 4309/1620/3200
f 4309/1620/3200 4303/1614/3194 4301/1615/3195 4307/1621/3201
f 4314/1622/3202 4308/1616/3196 4312/1617/3197 4318/1623/3203
f 4318/1623/3203 4312/1617/3197 4311/1618/3198 4317/1624/3204
f 4317/1624/3204 4311/1618/3198 4310/1619/3199 4316/1625/3205
f 4316/1625/3205 4310/1619/3199 4309/1620/3200 4315/1626/3206
f 4315/1626/3206 4309/1620/3200 4307/1621/3201 4313/1627/3207
f 4320/1628/3208 4314/1622/3202 4318/1623/3203 4324/1629/3209
f 4324/1629/3209 4318/1623/3203 4317/1624/3204 4323/1630/3210
f 4323/1630/3210 4317/1624/3204 4316/1625/3205 4322/1631/3211
f 4322/1631/3211 4316/1625/3205 4315/1626/3206 4321/1632/3212
f 4321/1632/3212 4315/1626/3206 4313/1627/3207 4319/1633/3213
f 4326/1634/3214 4320/1628/3208 4324/1629/3209 4330/1635/3215
f 4330/1635/3215 4324/1629/3209 4323/1630/3210 4329/1636/3216
f 4329/1636/3216 4323/1630/3210 4322/1631/3211 4328/1637/3217
f 4328/1637/3217 4322/1631/3211 4321/1632/3212 4327/1638/3218
f 4327/1638/3218 4321/1632/3212 4319/1633/3213 4325/1639/3219
f 4332/1640/3220 4326/1634/3214 4330/1635/3215 4336/1641/3221
f 4336/1641/3221 4330/1635/3215 4329/1636/3216 4335/1642/3222
f 4335/1642/3222 4329/1636/3216 4328/1637/3217 4334/1643/3223
f 4334/1643/3223 4328/1637/3217 4327/1638/3218 4333/1644/3224
f 4333/1644/3224 4327/1638/3218 4325/1639/3219 4331/1645/3225
f 4338/1646/3226 4332/1640/3220 4336/1641/3221 4342/1647/3227
f 4342/1647/3227 4336/1641/3221 4335/1642/3222 4341/1648/3228
f 4341/1648/3228 4335/1642/3222 4334/1643/3223 4340/1649/3229
f 4340/1649/3229 4334/1643/3223 4333/1644/3224 4339/1650/3230
f 4339/1650/3230 4333/1644/3224 4331/1645/3225 4337/1651/3231
f 4344/1652/3232 4338/1646/3226 4342/1647/3227 4348/1653/3233
f 4348/1653/3233 4342/1647/3227 4341/1648/3228 4347/1654/3234
f 4347/1654/3234 4341/1648/3228 4340/1649/3229 4346/1655/3235
f 4346/1655/3235 4340/1649/3229 4339/1650/3230 4345/1656/3236
f 4345/1656/3236 4339/1650/3230 4337/1651/3231 4343/1657/3237
f 4350/1658/3238 4344/1652/3232 4348/1653/3233 4354/1659/3239
f 4354/1659/3239 4348/1653/3233 4347/1654/3234 4353/1660/3240
f 4353/1660/3240 4347/1654/3234 4346/1655/3235 4352/1661/3241
f 4352/1661/3241 4346/1655/3235 4345/1656/3236 4351/1662/3242
f 4351/1662/3242 4345/1656/3236 4343/1657/3237 4349/1663/3243
f 4356/1664/3244 4350/1658/3238 4354/1659/3239 4360/1665/3245
f 4360/1665/3245 4354/1659/3239 4353/1660/3240 4359/1666/3246
f 4359/1666/3246 4353/1660/3240 4352/1661/3241 4358/1667/3247
f 4358/1667/3247 4352/1661/3241 4351/1662/3242 4357/1668/3248
f 4357/1668/3248 4351/1662/3242 4349/1663/3243 4355/1669/3249
f 4362/1670/3250 4356/1664/3244 4360/1665/3245 4366/1671/3251
f 4366/1671/3251 4360/1665/3245 4359/1666/3246 4365/1672/3252
f 4365/1672/3252 4359/1666/3246 4358/1667/3247 4364/1673/3253
f 4364/1673/3253 4358/1667/3247 4357/1668/3248 4363/1674/3254
f 4363/1674/3254 4357/1668/3248 4355/1669/3249 4361/1675/3255
f 4368/1676/3256 4362/1670/3250 4366/1671/3251 4372/1677/3257
f 4372/1677/3257 4366/1671/3251 4365/1672/3252 4371/1678/3258
f 4371/1678/3258 4365/1672/3252 4364/1673/3253 4370/1679/3259
f 4370/1679/3259 4364/1673/3253 4363/1674/3254 4369/1680/3260
f 4369/1680/3260 4363/1674/3254 4361/1675/3255 4367/1681/3261
f 4374/1682/3262 4368/1676/3256 4372/1677/3257 4378/1683/3263
f 4378/1683/3263 4372/1677/3257 4371/1678/3258 4377/1684/3264
f 4377/1684/3264 4371/1678/3258 4370/1679/3259 4376/1685/3265
f 4376/1685/3265 4370/1679/3259 4369/1680/3260 4375/1686/3266
f 4375/1686/3266 4369/1680/3260 4367/1681/3261 4373/1687/3267
f 4380/1688/3268 4374/1682/3262 4378/1683/3263 4384/1689/3269
f 4384/1689/3269 4378/1683/3263 4377/1684/3264 4383/1690/3270
f 4383/1690/3270 4377/1684/3264 4376/1685/3265 4382/1691/3271
f 4382/1691/3271 4376/1685/3265 4375/1686/3266 4381/1692/3272
f 4381/1692/3272 4375/1686/3266 4373/1687/3267 4379/1693/3273
f 4386/1694/3274 4380/1688/3268 4384/1689/3269 4390/1695/3275
f 4390/1695/3275 4384/1689/3269 4383/1690/3270 4389/1696/3276
f 4389/1696/3276 4383/1690/3270 4382/1691/3271 4388/1697/3277
f 4388/1697/3277 4382/1691/3271 4381/1692/3272 4387/1698/3278
f 4387/1698/3278 4381/1692/3272 4379/1693/3273 4385/1699/3279
f 4392/1700/3280 4386/1694/3274 4390/1695/3275 4396/1701/3281
f 4396/1701/3281 4390/1695/3275 4389/1696/3276 4395/1702/3282
f 4395/1702/3282 4389/1696/3276 4388/1697/3277 4394/1703/3283
f 4394/1703/3283 4388/1697/3277 4387/1698/3278 4393/1704/3284
f 4393/1704/3284 4387/1698/3278 4385/1699/3279 4391/1705/3285
f 4398/1706/3286 4392/1700/3280 4396/1701/3281 4402/1707/3287
f 4402/1707/3287 4396/1701/3281 4395/1702/3282 4401/1708/3288
f 4401/1708/3288 4395/1702/3282 4394/1703/3283 4400/1709/3289
f 4400/1709/3289 4394/1703/3283 4393/1704/3284 4399/1710/3290
f 4399/1710/3290 4393/1704/3284 4391/1705/3285 4397/1711/3291
f 4404/1712/3292 4398/1706/3286 4402/1707/3287 4408/1713/3293
f 4408/1713/3293 4402/1707/3287 4401/1708/3288 4407/1714/3294
f 4407/1714/3294 4401/1708/3288 4400/1709/3289 4406/1715/3295
f 4406/1715/3295 4400/1709/3289 4399/1710/3290 4405/1716/3296
f 4405/1716/3296 4399/1710/3290 4397/1711/3291 4403/1717/3297
f 4410/1718/3298 4404/1712/3292 4408/1713/3293 4414/1719/3299
f 4414/1719/3299 4408/1713/3293 4407/1714/3294 4413/1720/3300
f 4413/1720/3300 4407/1714/3294 4406/1715/3295 4412/1721/3301
f 4412/1721/3301 4406/1715/3295 4405/1716/3296 4411/1722/3302
f 4411/1722/3302 4405/1716/3296 4403/1717/3297 4409/1723/3303
f 4416/1724/3304 4410/1718/3298 4414/1719/3299 4420/1725/3305
f 4420/1725/3305 4414/1719/3299 4413/1720/3300 4419/1726/3306
f 4419/1726/3306 4413/1720/3300 4412/1721/3301 4418/1727/3307
f 4418/1727/3307 4412/1721/3301 4411/1722/3302 4417/1728/3308
f 4417/1728/3308 4411/1722/3302 4409/1723/3303 4415/1729/3309
f 4422/1730/3310 4416/1724/3304 4420/1725/3305 4426/1731/3311
f 4426/1731/3311 4420/1725/3305 4419/1726/3306 4425/1732/3312
f 4425/1732/3312 4419/1726/3306 4418/1727/3307 4424/1733/3313
f 4424/1733/3313 4418/1727/3307 4417/1728/3308 4423/1734/3314
f 4423/1734/3314 4417/1728/3308 4415/1729/3309 4421/1735/3315
f 4241/1545/3125 4422/1730/3310 4426/1731/3311 4243/1546/3126
f 4243/1546/3126 4426/1731/3311 4425/1732/3312 4244/1548/3128
f 4244/1548/3128 4425/1732/3312 4424/1733/3313 4245/1550/3130
f 4245/1550/3130 4424/1733/3313 4423/1734/3314 4246/1552/3132
f 4246/1552/3132 4423/1734/3314 4421/1735/3315 4242/1554/3134
f 684/1736/3316 677/1737/3317 679/1738/3318 688/1739/3319
f 688/1739/3319 679/1738/3318 680/1740/3320 687/1741/3321
f 687/1741/3321 680/1740/3320 681/1742/3322 686/1743/3323
f 686/1743/3323 681/1742/3322 682/1744/3324 685/1745/3325
f 685/1745/3325 682/1744/3324 678/1746/3326 683/1747/3327
f 690/1748/3328 684/1736/3316 688/1739/3319 694/1749/3329
f 694/1749/3329 688/1739/3319 687/1741/3321 693/1750/3330
f 693/1750/3330 687/1741/3321 686/1743/3323 692/1751/3331
f 692/1751/3331 686/1743/3323 685/1745/3325 691/1752/3332
f 691/1752/3332 685/1745/3325 683/1747/3327 689/1753/3333
f 696/1754/3334 690/1748/3328 694/1749/3329 700/1755/3335
f 700/1755/3335 694/1749/3329 693/1750/3330 699/1756/3336
f 699/1756/3336 693/1750/3330 692/1751/3331 698/1757/3337
f 698/1757/3337 692/1751/3331 691/1752/3332 697/1758/3338
f 697/1758/3338 691/1752/3332 689/1753/3333 695/1759/3339
f 702/1760/3340 696/1754/3334 700/1755/3335 706/1761/3341
f 706/1761/3341 700/1755/3335 699/1756/3336 705/1762/3342
f 705/1762/3342 699/1756/3336 698/1757/3337 704/1763/3343
f 704/1763/3343 698/1757/3337 697/1758/3338 703/1764/3344
f 703/1764/3344 697/1758/3338 695/1759/3339 701/1765/3345
f 708/1766/3346 702/1760/3340 706/1761/3341 712/1767/3347
f 712/1767/3347 706/1761/3341 705/1762/3342 711/1768/3348
f 711/1768/3348 705/1762/3342 704/1763/3343 710/1769/3349
f 710/1769/3349 704/1763/3343 703/1764/3344 709/1770/3350
f 709/1770/3350 703/1764/3344 701/1765/3345 707/1771/3351
f 714/1772/3352 708/1766/3346 712/1767/3347 718/1773/3353
f 718/1773/3353 712/1767/3347 711/1768/3348 717/1774/3354
f 717/1774/3354 711/1768/3348 710/1769/3349 716/1775/3355
f 716/1775/3355 710/1769/3349 709/1770/3350 715/1776/3356
f 715/1776/3356 709/1770/3350 707/1771/3351 713/1777/3357
f 720/1778/3358 714/1772/3352 718/1773/3353 724/1779/3359
f 724/1779/3359 718/1773/3353 717/1774/3354 723/1780/3360
f 723/1780/3360 717/1774/3354 716/1775/3355 722/1781/3361
f 722/1781/3361 716/1775/3355 715/1776/3356 721/1782/3362
f 721/1782/3362 715/1776/3356 713/1777/3357 719/1783/3363
f 726/1784/3364 720/1778/3358 724/1779/3359 730/1785/3365
f 730/1785/3365 724/1779/3359 723/1780/3360 729/1786/3366
f 729/1786/3366 723/1780/3360 722/1781/3361 728/1787/3367
f 728/1787/3367 722/1781/3361 721/1782/3362 727/1788/3368
f 727/1788/3368 721/1782/3362 719/1783/3363 725/1789/3369
f 732/1790/3370 726/1784/3364 730/1785/3365 736/1791/3371
f 736/1791/3371 730/1785/3365 729/1786/3366 735/1792/3372
f 735/1792/3372 729/1786/3366 728/1787/3367 734/1793/3373
f 734/1793/3373 728/1787/3367 727/1788/3368 733/1794/3374
f 733/1794/3374 727/1788/3368 725/1789/3369 731/1795/3375
f 738/1796/3376 732/1790/3370 736/1791/3371 742/1797/3377
f 742/1797/3377 736/1791/3371 735/1792/3372 741/1798/3378
f 741/1798/3378 735/1792/3372 734/1793/3373 740/1799/3379
f 740/1799/3379 734/1793/3373 733/1794/3374 739/1800/3380
f 739/1800/3380 733/1794/3374 731/1795/3375 737/1801/3381
f 744/1802/3382 738/1796/3376 742/1797/3377 748/1803/3383
f 748/1803/3383 742/1797/3377 741/1798/3378 747/1804/3384
f 747/1804/3384 741/1798/3378 740/1799/3379 746/1805/3385
f 746/1805/3385 740/1799/3379 739/1800/3380 745/1806/3386
f 745/1806/3386 739/1800/3380 737/1801/3381 743/1807/3387
f 750/1808/3388 744/1802/3382 748/1803/3383 754/1809/3389
f 754/1809/3389 748/1803/3383 747/1804/3384 753/1810/3390
f 753/1810/3390 747/1804/3384 746/1805/3385 752/1811/3391
f 752/1811/3391 746/1805/3385 745/1806/3386 751/1812/3392
f 751/1812/3392 745/1806/3386 743/1807/3387 749/1813/3393
f 756/1814/3394 750/1808/3388 754/1809/3389 760/1815/3395
f 760/1815/3395 754/1809/3389 753/1810/3390 759/1816/3396
f 759/1816/3396 753/1810/3390 752/1811/3391 758/1817/3397
f 758/1817/3397 752/1811/3391 751/1812/3392 757/1818/3398
f 757/1818/3398 751/1812/3392 749/1813/3393 755/1819/3399
f 762/1820/3400 756/1814/3394 760/1815/3395 766/1821/3401
f 766/1821/3401 760/1815/3395 759/1816/3396 765/1822/3402
f 765/1822/3402 759/1816/3396 758/1817/3397 764/1823/3403
f 764/1823/3403 758/1817/3397 757/1818/3398 763/1824/3404
f 763/1824/3404 757/1818/3398 755/1819/3399 761/1825/3405
f 768/1826/3406 762/1820/3400 766/1821/3401 772/1827/3407
f 772/1827/3407 766/1821/3401 765/1822/3402 771/1828/3408
f 771/1828/3408 765/1822/3402 764/1823/3403 770/1829/3409
f 770/1829/3409 764/1823/3403 763/1824/3404 769/1830/3410
f 769/1830/3410 763/1824/3404 761/1825/3405 767/1831/3411
f 774/1832/3412 768/1826/3406 772/1827/3407 778/1833/3413
f 778/1833/3413 772/1827/3407 771/1828/3408 777/1834/3414
f 777/1834/3414 771/1828/3408 770/1829/3409 776/1835/3415
f 776/1835/3415 770/1829/3409 769/1830/3410 775/1836/3416
f 775/1836/3416 769/1830/3410 767/1831/3411 773/1837/3417
f 780/1838/3418 774/1832/3412 778/1833/3413 784/1839/3419
f 784/1839/3419 778/1833/3413 777/1834/3414 783/1840/3420
f 783/1840/3420 777/1834/3414 776/1835/3415 782/1841/3421
f 782/1841/3421 776/1835/3415 775/1836/3416 781/1842/3422
f 781/1842/3422 775/1836/3416 773/1837/3417 779/1843/3423
f 786/1844/3424 780/1838/3418 784/1839/3419 790/1845/3425
f 790/1845/3425 784/1839/3419 783/1840/3420 789/1846/3426
f 789/1846/3426 783/1840/3420 782/1841/3421 788/1847/3427
f 788/1847/3427 782/1841/3421 781/1842/3422 787/1848/3428
f 787/1848/3428 781/1842/3422 779/1843/3423 785/1849/3429
f 792/1850/3430 786/1844/3424 790/1845/3425 796/1851/3431
f 796/1851/3431 790/1845/3425 789/1846/3426 795/1852/3432
f 795/1852/3432 789/1846/3426 788/1847/3427 794/1853/3433
f 794/1853/3433 788/1847/3427 787/1848/3428 793/1854/3434
f 793/1854/3434 787/1848/3428 785/1849/3429 791/1855/3435
f 798/1856/3436 792/1850/3430 796/1851/3431 802/1857/3437
f 802/1857/3437 796/1851/3431 795/1852/3432 801/1858/3438
f 801/1858/3438 795/1852/3432 794/1853/3433 800/1859/3439
f 800/1859/3439 794/1853/3433 793/1854/3434 799/1860/3440
f 799/1860/3440 793/1854/3434 791/1855/3435 797/1861/3441
f 804/1862/3442 798/1856/3436 802/1857/3437 808/1863/3443
f 808/1863/3443 802/1857/3437 801/1858/3438 807/1864/3444
f 807/1864/3444 801/1858/3438 800/1859/3439 806/1865/3445
f 806/1865/3445 800/1859/3439 799/1860/3440 805/1866/3446
f 805/1866/3446 799/1860/3440 797/1861/3441 803/1867/3447
f 810/1868/3448 804/1862/3442 808/1863/3443 814/1869/3449
f 814/1869/3449 808/1863/3443 807/1864/3444 813/1870/3450
f 813/1870/3450 807/1864/3444 806/1865/3445 812/1871/3451
f 812/1871/3451 806/1865/3445 805/1866/3446 811/1872/3452
f 811/1872/3452 805/1866/3446 803/1867/3447 809/1873/3453
f 816/1874/3454 810/1868/3448 814/1869/3449 820/1875/3455
f 820/1875/3455 814/1869/3449 813/1870/3450 819/1876/3456
f 819/1876/3456 813/1870/3450 812/1871/3451 818/1877/3457
f 818/1877/3457 812/1871/3451 811/1872/3452 817/1878/3458
f 817/1878/3458 811/1872/3452 809/1873/3453 815/1879/3459
f 822/1880/3460 816/1874/3454 820/1875/3455 826/1881/3461
f 826/1881/3461 820/1875/3455 819/1876/3456 825/1882/3462
f 825/1882/3462 819/1876/3456 818/1877/3457 824/1883/3463
f 824/1883/3463 818/1877/3457 817/1878/3458 823/1884/3464
f 823/1884/3464 817/1878/3458 815/1879/3459 821/1885/3465
f 828/1886/3466 822/1880/3460 826/1881/3461 832/1887/3467
f 832/1887/3467 826/1881/3461 825/1882/3462 831/1888/3468
f 831/1888/3468 825/1882/3462 824/1883/3463 830/1889/3469
f 830/1889/3469 824/1883/3463 823/1884/3464 829/1890/3470
f 829/1890/3470 823/1884/3464 821/1885/3465 827/1891/3471
f 834/1892/3472 828/1886/3466 832/1887/3467 838/1893/3473
f 838/1893/3473 832/1887/3467 831/1888/3468 837/1894/3474
f 837/1894/3474 831/1888/3468 830/1889/3469 836/1895/3475
f 836/1895/3475 830/1889/3469 829/1890/3470 835/1896/3476
f 835/1896/3476 829/1890/3470 827/1891/3471 833/1897/3477
f 840/1898/3478 834/1892/3472 838/1893/3473 844/1899/3479
f 844/1899/3479 838/1893/3473 837/1894/3474 843/1900/3480
f 843/1900/3480 837/1894/3474 836/1895/3475 842/1901/3481
f 842/1901/3481 836/1895/3475 835/1896/3476 841/1902/3482
f 841/1902/3482 835/1896/3476 833/1897/3477 839/1903/3483
f 846/1904/3484 840/1898/3478 844/1899/3479 850/1905/3485
f 850/1905/3485 844/1899/3479 843/1900/3480 849/1906/3486
f 849/1906/3486 843/1900/3480 842/1901/3481 848/1907/3487
f 848/1907/3487 842/1901/3481 841/1902/3482 847/1908/3488
f 847/1908/3488 841/1902/3482 839/1903/3483 845/1909/3489
f 852/1910/3490 846/1904/3484 850/1905/3485 856/1911/3491
f 856/1911/3491 850/1905/3485 849/1906/3486 855/1912/3492
f 855/1912/3492 849/1906/3486 848/1907/3487 854/1913/3493
f 854/1913/3493 848/1907/3487 847/1908/3488 853/1914/3494
f 853/1914/3494 847/1908/3488 845/1909/3489 851/1915/3495
f 858/1916/3496 852/1910/3490 856/1911/3491 862/1917/3497
f 862/1917/3497 856/1911/3491 855/1912/3492 861/1918/3498
f 861/1918/3498 855/1912/3492 854/1913/3493 860/1919/3499
f 860/1919/3499 854/1913/3493 853/1914/3494 859/1920/3500
f 859/1920/3500 853/1914/3494 851/1915/3495 857/1921/3501
f 864/1922/3502 858/1916/3496 862/1917/3497 868/1923/3503
f 868/1923/3503 862/1917/3497 861/1918/3498 867/1924/3504
f 867/1924/3504 861/1918/3498 860/1919/3499 866/1925/3505
f 866/1925/3505 860/1919/3499 859/1920/3500 865/1926/3506
f 865/1926/3506 859/1920/3500 857/1921/3501 863/1927/3507
f 677/1737/3317 864/1922/3502 868/1923/3503 679/1738/3318
f 679/1738/3318 868/1923/3503 867/1924/3504 680/1740/3320
f 680/1740/3320 867/1924/3504 866/1925/3505 681/1742/3322
f 681/1742/3322 866/1925/3505 865/1926/3506 682/1744/3324
f 682/1744/3324 865/1926/3506 863/1927/3507 678/1746/3326
f 3249/1928/3508 3222/338/480 3234/341/483 3253/1929/3509
f 3253/1929/3509 3234/341/483 3237/332/474 3252/1930/3510
f 3252/1930/3510 3237/332/474 3225/330/472 3251/1931/3511
f 3251/1931/3511 3225/330/472 3224/327/469 3250/1932/3512
f 3250/1932/3512 3224/327/469 3221/326/468 3248/1932/3513
f 3255/365/508 3249/1928/3508 3253/1929/3509 3265/366/509
f 3265/366/509 3253/1929/3509 3252/1930/3510 3266/369/512
f 3266/369/512 3252/1930/3510 3251/1931/3511 3278/371/523
f 3278/371/523 3251/1931/3511 3250/1932/3512 3275/377/520
f 3275/377/520 3250/1932/3512 3248/1932/3513 3256/374/517
f 3105/1933/3514 3078/284/426 3090/287/429 3109/1934/3515
f 3109/1934/3515 3090/287/429 3093/278/420 3108/1933/3516
f 3108/1933/3516 3093/278/420 3081/276/418 3107/1935/3517
f 3107/1935/3517 3081/276/418 3080/273/415 3106/1936/3518
f 3106/1936/3518 3080/273/415 3077/272/414 3104/1937/3519
f 3111/311/453 3105/1933/3514 3109/1934/3515 3121/312/454
f 3121/312/454 3109/1934/3515 3108/1933/3516 3122/315/457
f 3122/315/457 3108/1933/3516 3107/1935/3517 3134/317/459
f 3134/317/459 3107/1935/3517 3106/1936/3518 3131/323/465
f 3131/323/465 3106/1936/3518 3104/1937/3519 3112/320/462
f 4458/1938/3520 4471/709/856 4490/712/859 4462/1939/3521
f 4462/1939/3521 4490/712/859 4493/706/853 4461/1940/3522
f 4461/1940/3522 4493/706/853 4481/704/851 4460/1941/3523
f 4460/1941/3523 4481/704/851 4480/701/848 4459/1942/3524
f 4459/1942/3524 4480/701/848 4470/700/847 4457/1943/3525
f 4464/1944/3526 4502/715/862 4507/718/865 4468/1945/3527
f 4468/1945/3527 4507/718/865 4510/724/871 4467/1946/3528
f 4467/1946/3528 4510/724/871 4522/740/887 4466/1947/3529
f 4466/1947/3529 4522/740/887 4521/737/884 4465/1948/3530
f 4465/1948/3530 4521/737/884 4504/736/883 4463/1949/3531
f 4530/753/901 4458/1938/3520 4462/1939/3521 4540/754/902
f 4540/754/902 4462/1939/3521 4461/1940/3522 4541/757/905
f 4541/757/905 4461/1940/3522 4460/1941/3523 4553/759/907
f 4553/759/907 4460/1941/3523 4459/1942/3524 4550/765/913
f 4550/765/913 4459/1942/3524 4457/1943/3525 4531/762/910
f 4562/768/916 4464/1944/3526 4468/1945/3527 4565/769/917
f 4565/769/917 4468/1945/3527 4467/1946/3528 4566/772/920
f 4566/772/920 4467/1946/3528 4466/1947/3529 4578/774/922
f 4578/774/922 4466/1947/3529 4465/1948/3530 4575/783/931
f 4575/783/931 4465/1948/3530 4463/1949/3531 4563/780/928
f 4497/1932/3532 4469/688/835 4474/691/838 4501/1932/3533
f 4501/1932/3533 4474/691/838 4477/697/844 4500/1932/3534
f 4500/1932/3534 4477/697/844 4489/713/860 4499/1950/3535
f 4499/1950/3535 4489/713/860 4488/710/857 4498/1951/3536
f 4498/1951/3536 4488/710/857 4471/709/856 4496/1952/3537
f 4503/727/874 4497/1932/3532 4501/1932/3533 4513/728/875
f 4513/728/875 4501/1932/3533 4500/1932/3534 4514/731/878
f 4514/731/878 4500/1932/3534 4499/1950/3535 4526/733/880
f 4526/733/880 4499/1950/3535 4498/1951/3536 4523/739/886
f 4523/739/886 4498/1951/3536 4496/1952/3537 4504/736/883
f 4557/1953/3538 4530/753/901 4542/756/904 4561/1954/3539
f 4561/1954/3539 4542/756/904 4545/747/895 4560/1955/3540
f 4560/1955/3540 4545/747/895 4533/745/893 4559/1933/3541
f 4559/1933/3541 4533/745/893 4532/742/890 4558/1956/3542
f 4558/1956/3542 4532/742/890 4529/284/889 4556/1933/3543
f 4563/780/928 4557/1953/3538 4561/1954/3539 4573/781/929
f 4573/781/929 4561/1954/3539 4560/1955/3540 4574/784/932
f 4574/784/932 4560/1955/3540 4559/1933/3541 4586/786/934
f 4586/786/934 4559/1933/3541 4558/1956/3542 4583/791/940
f 4583/791/940 4558/1956/3542 4556/1933/3543 4564/311/937
f 3110/299/441 4562/768/916 4567/771/919 3113/300/442
f 3113/300/442 4567/771/919 4570/777/925 3114/303/445
f 3114/303/445 4570/777/925 4582/792/941 3126/305/447
f 3126/305/447 4582/792/941 4581/789/938 3123/314/456
f 3123/314/456 4581/789/938 4564/311/937 3111/311/453
f 4502/715/862 3254/353/496 3259/356/499 4505/716/863
f 4505/716/863 3259/356/499 3262/362/3544 4506/719/866
f 4506/719/866 3262/362/3544 3274/378/3545 4518/721/868
f 4518/721/868 3274/378/3545 3273/375/518 4515/730/877
f 4515/730/877 3273/375/518 3256/374/517 4503/727/874
f 683/1747/3327 678/1746/3326 4241/1545/3125 4236/1544/3124
f 684/1736/3316 690/1748/3328 696/1754/3334 702/1760/3340 708/1766/3346 714/1772/3352 720/1778/3358 726/1784/3364 732/1790/3370 738/1796/3376 744/1802/3382 750/1808/3388 756/1814/3394 762/1820/3400 768/1826/3406 774/1832/3412 780/1838/3418 786/1844/3424 792/1850/3430 798/1856/3436 804/1862/3442 810/1868/3448 816/1874/3454 822/1880/3460 828/1886/3466 834/1892/3472 840/1898/3478 846/1904/3484 852/1910/3490 858/1916/3496 864/1922/3502 677/1737/3317
f 678/1746/3326 863/1927/3507 4422/1730/3310 4241/1545/3125
f 689/1753/3333 683/1747/3327 4236/1544/3124 4248/1556/3136
f 695/1759/3339 689/1753/3333 4248/1556/3136 4254/1562/3142
f 701/1765/3345 695/1759/3339 4254/1562/3142 4260/1568/3148
f 707/1771/3351 701/1765/3345 4260/1568/3148 4266/1574/3154
f 713/1777/3357 707/1771/3351 4266/1574/3154 4272/1580/3160
f 719/1783/3363 713/1777/3357 4272/1580/3160 4278/1586/3166
f 725/1789/3369 719/1783/3363 4278/1586/3166 4284/1592/3172
f 731/1795/3375 725/1789/3369 4284/1592/3172 4290/1598/3178
f 737/1801/3381 731/1795/3375 4290/1598/3178 4296/1604/3184
f 743/1807/3387 737/1801/3381 4296/1604/3184 4302/1610/3190
f 749/1813/3393 743/1807/3387 4302/1610/3190 4308/1616/3196
f 755/1819/3399 749/1813/3393 4308/1616/3196 4314/1622/3202
f 761/1825/3405 755/1819/3399 4314/1622/3202 4320/1628/3208
f 767/1831/3411 761/1825/3405 4320/1628/3208 4326/1634/3214
f 773/1837/3417 767/1831/3411 4326/1634/3214 4332/1640/3220
f 779/1843/3423 773/1837/3417 4332/1640/3220 4338/1646/3226
f 785/1849/3429 779/1843/3423 4338/1646/3226 4344/1652/3232
f 791/1855/3435 785/1849/3429 4344/1652/3232 4350/1658/3238
f 797/1861/3441 791/1855/3435 4350/1658/3238 4356/1664/3244
f 803/1867/3447 797/1861/3441 4356/1664/3244 4362/1670/3250
f 809/1873/3453 803/1867/3447 4362/1670/3250 4368/1676/3256
f 815/1879/3459 809/1873/3453 4368/1676/3256 4374/1682/3262
f 821/1885/3465 815/1879/3459 4374/1682/3262 4380/1688/3268
f 827/1891/3471 821/1885/3465 4380/1688/3268 4386/1694/3274
f 833/1897/3477 827/1891/3471 4386/1694/3274 4392/1700/3280
f 839/1903/3483 833/1897/3477 4392/1700/3280 4398/1706/3286
f 845/1909/3489 839/1903/3483 4398/1706/3286 4404/1712/3292
f 851/1915/3495 845/1909/3489 4404/1712/3292 4410/1718/3298
f 857/1921/3501 851/1915/3495 4410/1718/3298 4416/1724/3304
f 863/1927/3507 857/1921/3501 4416/1724/3304 4422/1730/3310
f 869/66/1521 898/78/1520 1739/74/1577 1734/67/1576
f 3425/80/1 3372/67/1 870/67/1 925/80/1
f 3371/67/1 3400/74/1 896/74/1 871/67/1
f 923/80/39 869/66/1521 1734/67/1576 1746/80/1588
f 898/78/1520 1706/265/1574 1920/266/1762 1739/74/1577
f 3399/74/1 4209/266/1 1707/266/1 897/74/1
f 3452/87/1 3426/80/1 924/80/1 952/87/1
f 950/87/1524 923/80/39 1746/80/1588 1752/87/1594
f 3479/93/1 3453/87/1 951/87/1 979/93/1
f 977/92/1526 950/87/1524 1752/87/1594 1758/93/1600
f 3506/99/1 3480/93/1 978/93/1 1006/99/1
f 1004/99/1528 977/92/1526 1758/93/1600 1764/99/1606
f 3533/106/1 3507/99/1 1005/99/1 1033/106/1
f 1031/105/1529 1004/99/1528 1764/99/1606 1770/105/1612
f 3560/113/1 3534/106/1 1032/106/1 1060/113/1
f 1058/112/1531 1031/105/1529 1770/105/1612 1776/113/1618
f 3587/120/1 3561/113/1 1059/113/1 1087/120/1
f 1085/118/1533 1058/112/1531 1776/113/1618 1782/119/1624
f 3614/125/1 3588/120/1 1086/120/1 1114/125/1
f 1112/125/1534 1085/118/1533 1782/119/1624 1788/125/1630
f 3641/132/1 3615/125/1 1113/125/1 1141/132/1
f 1139/131/1536 1112/125/1534 1788/125/1630 1794/132/1636
f 3668/139/1 3642/132/1 1140/132/1 1168/139/1
f 1166/139/1537 1139/131/1536 1794/132/1636 1800/139/1642
f 3695/144/1 3669/139/1 1167/139/1 1195/144/1
f 1193/144/1539 1166/139/1537 1800/139/1642 1806/144/1648
f 3722/150/1 3696/144/1 1194/144/1 1222/150/1
f 1220/150/1541 1193/144/1539 1806/144/1648 1812/150/1654
f 3749/158/1 3723/150/1 1221/150/1 1249/158/1
f 1247/158/1543 1220/150/1541 1812/150/1654 1818/158/1660
f 3776/164/1 3750/158/1 1248/158/1 1276/164/1
f 1274/163/1545 1247/158/1543 1818/158/1660 1824/1108/1666
f 3803/170/1 3777/164/1 1275/164/1 1303/170/1
f 1301/170/1547 1274/163/1545 1824/1108/1666 1830/170/1672
f 3830/176/1 3804/170/690 1302/170/1 1330/176/1
f 1328/175/1549 1301/170/1547 1830/170/1672 1836/176/1678
f 3857/182/1 3831/176/1 1329/176/1 1357/182/1
f 1355/182/258 1328/175/1549 1836/176/1678 1842/182/1684
f 3884/191/1 3858/182/1 1356/182/1 1384/191/1
f 1382/190/1552 1355/182/258 1842/182/1684 1848/191/1690
f 3911/196/1 3885/191/1 1383/191/1 1411/196/1
f 1409/195/1554 1382/190/1552 1848/191/1690 1854/196/1696
f 3938/201/1 3912/196/1 1410/196/1 1438/201/1
f 1436/201/1556 1409/195/1554 1854/196/1696 1860/201/1702
f 1463/206/1558 1436/201/1556 1860/201/1702 1866/207/1708
f 3965/207/1 3939/201/1 1437/201/1 1465/207/1
f 3992/213/1 3966/207/1 1464/207/1 1492/213/1
f 1490/213/306 1463/206/1558 1866/207/1708 1872/213/1714
f 4019/221/1 3993/213/1 1491/213/1 1519/221/1
f 1517/220/1561 1490/213/306 1872/213/1714 1878/1134/1720
f 4046/227/1 4020/221/1 1518/221/1 1546/227/1
f 1544/226/1563 1517/220/1561 1878/1134/1720 1884/227/1726
f 4073/233/1 4047/227/1 1545/227/1 1573/233/1
f 1571/232/1565 1544/226/1563 1884/227/1726 1890/233/1732
f 4100/239/1 4074/233/1 1572/233/1 1600/239/1
f 1598/239/1566 1571/232/1565 1890/233/1732 1896/239/1738
f 4127/246/1 4101/239/1 1599/239/1 1627/246/1
f 1625/245/1568 1598/239/1566 1896/239/1738 1902/246/1744
f 4154/254/1 4128/246/1 1626/246/1 1654/254/1
f 1652/253/1570 1625/245/1568 1902/246/1744 1908/254/1750
f 4181/259/1 4155/254/1 1653/254/1 1681/259/1
f 1679/259/1572 1652/253/1570 1908/254/1750 1914/259/1756
f 4208/266/1 4182/259/1 1680/259/1 1708/266/1
f 1706/265/1574 1679/259/1572 1914/259/1756 1920/266/1762
f 1733/67/1587 1740/74/1586 1931/79/1769 1926/67/1768
f 1745/80/1593 1733/67/1587 1926/67/1768 1938/80/1780
f 1740/74/1586 1919/266/1767 2112/266/1954 1931/79/1769
f 1751/90/1599 1745/80/1593 1938/80/1780 1944/90/1786
f 1757/95/1605 1751/90/1599 1944/90/1786 1950/95/1792
f 1763/99/1611 1757/95/1605 1950/95/1792 1956/99/1798
f 1769/106/1617 1763/99/1611 1956/99/1798 1962/106/1804
f 1775/113/1623 1769/106/1617 1962/106/1804 1968/113/1810
f 1781/120/1629 1775/113/1623 1968/113/1810 1974/120/1816
f 1787/125/1635 1781/120/1629 1974/120/1816 1980/125/1822
f 1793/132/1641 1787/125/1635 1980/125/1822 1986/132/1828
f 1799/1098/1647 1793/132/1641 1986/132/1828 1992/1098/1834
f 1805/146/1653 1799/1098/1647 1992/1098/1834 1998/146/1840
f 1811/156/1659 1805/146/1653 1998/146/1840 2004/155/1846
f 1817/158/1665 1811/156/1659 2004/155/1846 2010/158/1852
f 1823/1108/1671 1817/158/1665 2010/158/1852 2016/1108/1858
f 1829/170/1677 1823/1108/1671 2016/1108/1858 2022/171/1864
f 1835/178/1683 1829/170/1677 2022/171/1864 2028/178/1870
f 1841/182/1689 1835/178/1683 2028/178/1870 2034/182/1876
f 1847/191/1695 1841/182/1689 2034/182/1876 2040/193/1882
f 1853/196/1701 1847/191/1695 2040/193/1882 2046/195/1888
f 1859/202/1707 1853/196/1701 2046/195/1888 2052/202/1894
f 1865/206/1713 1859/202/1707 2052/202/1894 2058/207/1900
f 1871/213/1719 1865/206/1713 2058/207/1900 2064/213/1906
f 1877/220/1725 1871/213/1719 2064/213/1906 2070/220/1912
f 1883/227/1731 1877/220/1725 2070/220/1912 2076/227/1918
f 1889/232/1737 1883/227/1731 2076/227/1918 2082/233/1924
f 1895/239/1743 1889/232/1737 2082/233/1924 2088/239/1930
f 1901/246/1749 1895/239/1743 2088/239/1930 2094/249/1936
f 1907/254/1755 1901/246/1749 2094/249/1936 2100/254/1942
f 1913/259/1761 1907/254/1755 2100/254/1942 2106/259/1948
f 1919/266/1767 1913/259/1761 2106/259/1948 2112/266/1954
f 1925/67/1779 1932/74/1778 2123/74/1961 2118/67/1960
f 1937/80/1785 1925/67/1779 2118/67/1960 2130/80/1972
f 1932/74/1778 2111/268/1959 2304/268/2146 2123/74/1961
f 1943/87/1791 1937/80/1785 2130/80/1972 2136/87/1978
f 1949/93/1797 1943/87/1791 2136/87/1978 2142/93/1984
f 1955/99/1803 1949/93/1797 2142/93/1984 2148/99/1990
f 1961/105/1809 1955/99/1803 2148/99/1990 2154/106/1996
f 1967/113/1815 1961/105/1809 2154/106/1996 2160/113/2002
f 1973/119/1821 1967/113/1815 2160/113/2002 2166/120/2008
f 1979/125/1827 1973/119/1821 2166/120/2008 2172/125/2014
f 1985/132/1833 1979/125/1827 2172/125/2014 2178/132/2020
f 1991/139/1839 1985/132/1833 2178/132/2020 2184/1098/2026
f 1997/144/1845 1991/139/1839 2184/1098/2026 2190/144/2032
f 2003/151/1851 1997/144/1845 2190/144/2032 2196/151/2038
f 2009/158/1857 2003/151/1851 2196/151/2038 2202/158/2044
f 2015/164/1863 2009/158/1857 2202/158/2044 2208/164/2050
f 2021/170/1869 2015/164/1863 2208/164/2050 2214/170/2056
f 2027/176/1875 2021/170/1869 2214/170/2056 2220/176/2062
f 2033/182/1881 2027/176/1875 2220/176/2062 2226/182/2068
f 2039/1187/1887 2033/182/1881 2226/182/2068 2232/1187/2074
f 2045/196/1893 2039/1187/1887 2232/1187/2074 2238/196/2080
f 2051/201/1899 2045/196/1893 2238/196/2080 2244/202/2086
f 2057/207/1905 2051/201/1899 2244/202/2086 2250/207/2092
f 2063/213/1911 2057/207/1905 2250/207/2092 2256/213/2098
f 2069/221/1917 2063/213/1911 2256/213/2098 2262/221/2104
f 2075/227/1923 2069/221/1917 2262/221/2104 2268/227/2110
f 2081/232/1929 2075/227/1923 2268/227/2110 2274/233/2116
f 2087/239/1935 2081/232/1929 2274/233/2116 2280/239/2122
f 2093/246/1941 2087/239/1935 2280/239/2122 2286/246/2128
f 2099/1207/1947 2093/246/1941 2286/246/2128 2292/1207/2134
f 2105/259/1953 2099/1207/1947 2292/1207/2134 2298/259/2140
f 2111/268/1959 2105/259/1953 2298/259/2140 2304/268/2146
f 2117/67/1971 2124/74/1970 2315/79/2153 2310/67/2152
f 2129/80/1977 2117/67/1971 2310/67/2152 2322/80/2164
f 2124/74/1970 2303/266/2151 2496/268/2336 2315/79/2153
f 2135/1218/1983 2129/80/1977 2322/80/2164 2328/90/2170
f 2141/93/1989 2135/1218/1983 2328/90/2170 2334/93/2176
f 2147/99/1995 2141/93/1989 2334/93/2176 2340/99/2182
f 2153/106/2001 2147/99/1995 2340/99/2182 2346/106/2188
f 2159/113/2007 2153/106/2001 2346/106/2188 2352/113/2194
f 2165/120/2013 2159/113/2007 2352/113/2194 2358/119/2200
f 2171/125/2019 2165/120/2013 2358/119/2200 2364/125/2205
f 2177/132/2025 2171/125/2019 2364/125/2205 2370/1093/2211
f 2183/139/2031 2177/132/2025 2370/1093/2211 2376/139/2217
f 2189/144/2037 2183/139/2031 2376/139/2217 2382/144/2223
f 2195/150/2043 2189/144/2037 2382/144/2223 2388/150/2229
f 2201/158/2049 2195/150/2043 2388/150/2229 2394/158/2235
f 2207/164/2055 2201/158/2049 2394/158/2235 2400/165/2241
f 2213/170/2061 2207/164/2055 2400/165/2241 2406/171/2247
f 2219/176/2067 2213/170/2061 2406/171/2247 2412/176/2253
f 2225/182/2073 2219/176/2067 2412/176/2253 2418/182/2259
f 2231/191/2079 2225/182/2073 2418/182/2259 2424/191/2265
f 2237/1189/2085 2231/191/2079 2424/191/2265 2430/195/2271
f 2243/201/2091 2237/1189/2085 2430/195/2271 2436/201/2277
f 2249/207/2097 2243/201/2091 2436/201/2277 2442/207/2283
f 2255/213/2103 2249/207/2097 2442/207/2283 2448/213/2289
f 2261/221/2109 2255/213/2103 2448/213/2289 2454/221/2295
f 2267/227/2115 2261/221/2109 2454/221/2295 2460/227/2300
f 2273/233/2121 2267/227/2115 2460/227/2300 2466/233/2306
f 2279/239/2127 2273/233/2121 2466/233/2306 2472/241/2312
f 2285/1203/2133 2279/239/2127 2472/241/2312 2478/249/2318
f 2291/253/2139 2285/1203/2133 2478/249/2318 2484/1207/2324
f 2297/259/2145 2291/253/2139 2484/1207/2324 2490/259/2330
f 2303/266/2151 2297/259/2145 2490/259/2330 2496/268/2336
f 2309/67/2163 2316/74/2162 2507/74/2343 2502/67/2342
f 2321/80/2169 2309/67/2163 2502/67/2342 2514/80/2354
f 2316/74/2162 2495/266/2341 2688/266/2528 2507/74/2343
f 2327/87/2175 2321/80/2169 2514/80/2354 2520/90/2360
f 2333/95/2181 2327/87/2175 2520/90/2360 2526/95/2366
f 2339/99/2187 2333/95/2181 2526/95/2366 2532/99/2372
f 2345/106/2193 2339/99/2187 2532/99/2372 2538/106/2378
f 2351/1264/2199 2345/106/2193 2538/106/2378 2544/113/2384
f 2357/120/2204 2351/1264/2199 2544/113/2384 2550/120/2390
f 2363/1167/2210 2357/120/2204 2550/120/2390 2556/125/2396
f 2369/132/2216 2363/1167/2210 2556/125/2396 2562/132/2402
f 2375/142/2222 2369/132/2216 2562/132/2402 2568/142/2408
f 2381/146/2228 2375/142/2222 2568/142/2408 2574/146/2414
f 2387/150/2234 2381/146/2228 2574/146/2414 2580/156/2420
f 2393/158/2240 2387/150/2234 2580/156/2420 2586/158/2426
f 2399/164/2246 2393/158/2240 2586/158/2426 2592/164/2432
f 2405/170/2252 2399/164/2246 2592/164/2432 2598/170/2438
f 2411/176/2258 2405/170/2252 2598/170/2438 2604/176/2444
f 2417/182/2264 2411/176/2258 2604/176/2444 2610/182/2450
f 2423/191/2270 2417/182/2264 2610/182/2450 2616/191/2456
f 2429/196/2276 2423/191/2270 2616/191/2456 2622/196/2462
f 2435/1242/2282 2429/196/2276 2622/196/2462 2628/1242/2468
f 2441/207/2288 2435/1242/2282 2628/1242/2468 2634/207/2474
f 2447/213/2294 2441/207/2288 2634/207/2474 2640/213/2480
f 2453/221/2299 2447/213/2294 2640/213/2480 2646/220/2486
f 2459/227/2305 2453/221/2299 2646/220/2486 2652/227/2492
f 2465/233/2311 2459/227/2305 2652/227/2492 2658/233/2498
f 2471/239/2317 2465/233/2311 2658/233/2498 2664/239/2504
f 2477/246/2323 2471/239/2317 2664/239/2504 2670/246/2510
f 2483/254/2329 2477/246/2323 2670/246/2510 2676/254/2516
f 2489/259/2335 2483/254/2329 2676/254/2516 2682/259/2522
f 2495/266/2341 2489/259/2335 2682/259/2522 2688/266/2528
f 2501/67/2353 2508/74/2352 2699/74/2535 2694/67/2534
f 2513/80/2359 2501/67/2353 2694/67/2534 2706/80/2546
f 2508/74/2352 2687/266/2533 2880/266/2720 2699/74/2535
f 2519/87/2365 2513/80/2359 2706/80/2546 2712/87/2552
f 2525/93/2371 2519/87/2365 2712/87/2552 2718/93/2558
f 2531/99/2377 2525/93/2371 2718/93/2558 2724/99/2564
f 2537/107/2383 2531/99/2377 2724/99/2564 2730/107/2570
f 2543/113/2389 2537/107/2383 2730/107/2570 2736/113/2576
f 2549/120/2395 2543/113/2389 2736/113/2576 2742/120/2582
f 2555/125/2401 2549/120/2395 2742/120/2582 2748/125/2588
f 2561/1310/2407 2555/125/2401 2748/125/2588 2754/132/2594
f 2567/139/2413 2561/1310/2407 2754/132/2594 2760/139/2600
f 2573/144/2419 2567/139/2413 2760/139/2600 2766/144/2606
f 2579/151/2425 2573/144/2419 2766/144/2606 2772/150/2612
f 2585/158/2431 2579/151/2425 2772/150/2612 2778/158/2618
f 2591/164/2437 2585/158/2431 2778/158/2618 2784/165/2624
f 2597/170/2443 2591/164/2437 2784/165/2624 2790/170/2630
f 2603/176/2449 2597/170/2443 2790/170/2630 2796/176/2636
f 2609/182/2455 2603/176/2449 2796/176/2636 2802/182/2642
f 2615/191/2461 2609/182/2455 2802/182/2642 2808/190/2648
f 2621/196/2467 2615/191/2461 2808/190/2648 2814/196/2654
f 2627/201/2473 2621/196/2467 2814/196/2654 2820/201/2660
f 2633/207/2479 2627/201/2473 2820/201/2660 2826/207/2666
f 2639/213/2485 2633/207/2479 2826/207/2666 2832/213/2672
f 2645/221/2491 2639/213/2485 2832/213/2672 2838/221/2678
f 2651/227/2497 2645/221/2491 2838/221/2678 2844/227/2684
f 2657/233/2503 2651/227/2497 2844/227/2684 2850/233/2690
f 2663/239/2509 2657/233/2503 2850/233/2690 2856/239/2696
f 2669/246/2515 2663/239/2509 2856/239/2696 2862/246/2702
f 2675/254/2521 2669/246/2515 2862/246/2702 2868/254/2708
f 2681/259/2527 2675/254/2521 2868/254/2708 2874/259/2714
f 2687/266/2533 2681/259/2527 2874/259/2714 2880/266/2720
f 2693/67/2545 2700/74/2544 2891/74/2727 2886/67/2726
f 2705/80/2551 2693/67/2545 2886/67/2726 2898/80/2738
f 2700/74/2544 2879/266/2725 3072/266/2912 2891/74/2727
f 2711/87/2557 2705/80/2551 2898/80/2738 2904/87/2744
f 2717/93/2563 2711/87/2557 2904/87/2744 2910/93/2750
f 2723/99/2569 2717/93/2563 2910/93/2750 2916/99/2756
f 2729/106/2575 2723/99/2569 2916/99/2756 2922/106/2762
f 2735/113/2581 2729/106/2575 2922/106/2762 2928/113/2768
f 2741/119/2587 2735/113/2581 2928/113/2768 2934/119/2774
f 2747/125/2593 2741/119/2587 2934/119/2774 2940/125/2780
f 2753/132/2599 2747/125/2593 2940/125/2780 2946/132/2786
f 2759/139/2605 2753/132/2599 2946/132/2786 2952/139/2792
f 2765/144/2611 2759/139/2605 2952/139/2792 2958/144/2798
f 2771/150/2617 2765/144/2611 2958/144/2798 2964/150/2804
f 2777/158/2623 2771/150/2617 2964/150/2804 2970/158/2810
f 2783/164/2629 2777/158/2623 2970/158/2810 2976/164/2816
f 2789/170/2635 2783/164/2629 2976/164/2816 2982/170/2822
f 2795/176/2641 2789/170/2635 2982/170/2822 2988/176/2828
f 2801/182/2647 2795/176/2641 2988/176/2828 2994/182/2834
f 2807/1368/2653 2801/182/2647 2994/182/2834 3000/1368/2840
f 2813/196/2659 2807/1368/2653 3000/1368/2840 3006/196/2846
f 2819/201/2665 2813/196/2659 3006/196/2846 3012/201/2852
f 2825/207/2671 2819/201/2665 3012/201/2852 3018/207/2858
f 2831/213/2677 2825/207/2671 3018/207/2858 3024/213/2864
f 2837/221/2683 2831/213/2677 3024/213/2864 3030/221/2870
f 2843/227/2689 2837/221/2683 3030/221/2870 3036/227/2876
f 2849/233/2695 2843/227/2689 3036/227/2876 3042/233/2882
f 2855/239/2701 2849/233/2695 3042/233/2882 3048/239/2888
f 2861/246/2707 2855/239/2701 3048/239/2888 3054/246/2894
f 2867/1207/2713 2861/246/2707 3054/246/2894 3060/1207/2900
f 2873/259/2719 2867/1207/2713 3060/1207/2900 3066/259/2906
f 2879/266/2725 2873/259/2719 3066/259/2906 3072/266/2912
f 2885/67/2737 2892/74/2736 3143/74/2919 3138/67/2918
f 2897/80/2743 2885/67/2737 3138/67/2918 3150/80/2930
f 2892/74/2736 3071/266/2917 3354/266/3104 3143/74/2919
f 2903/87/2749 2897/80/2743 3150/80/2930 3156/87/2936
f 2909/93/2755 2903/87/2749 3156/87/2936 3162/95/2942
f 2915/99/2761 2909/93/2755 3162/95/2942 3168/99/2948
f 2921/106/2767 2915/99/2761 3168/99/2948 3174/106/2954
f 2927/1223/2773 2921/106/2767 3174/106/2954 3180/113/2960
f 2933/120/2779 2927/1223/2773 3180/113/2960 3186/120/2966
f 2939/125/2785 2933/120/2779 3186/120/2966 3192/125/2972
f 2945/131/2791 2939/125/2785 3192/125/2972 3198/132/2978
f 2951/1393/2797 2945/131/2791 3198/132/2978 3204/1098/2984
f 2957/144/2803 2951/1393/2797 3204/1098/2984 3210/144/2990
f 2963/151/2809 2957/144/2803 3210/144/2990 3216/150/2996
f 2969/158/2815 2963/151/2809 3216/150/2996 4434/158/3002
f 2975/164/2821 2969/158/2815 4434/158/3002 4428/164/3008
f 2981/170/2827 2975/164/2821 4428/164/3008 4440/170/3014
f 2987/176/2833 2981/170/2827 4440/170/3014 4446/176/3020
f 2993/182/2839 2987/176/2833 4446/176/3020 4452/182/3026
f 2999/191/2845 2993/182/2839 4452/182/3026 3282/1484/3032
f 3005/196/2851 2999/191/2845 3282/1484/3032 3288/196/3038
f 3011/201/2857 3005/196/2851 3288/196/3038 3294/201/3044
f 3017/207/2863 3011/201/2857 3294/201/3044 3300/207/3050
f 3023/213/2869 3017/207/2863 3300/207/3050 3306/213/3056
f 3029/221/2875 3023/213/2869 3306/213/3056 3312/221/3062
f 3035/227/2881 3029/221/2875 3312/221/3062 3318/227/3068
f 3041/232/2887 3035/227/2881 3318/227/3068 3324/234/3074
f 3047/239/2893 3041/232/2887 3324/234/3074 3330/239/3080
f 3053/246/2899 3047/239/2893 3330/239/3080 3336/1203/3086
f 3059/254/2905 3053/246/2899 3336/1203/3086 3342/253/3092
f 3065/259/2911 3059/254/2905 3342/253/3092 3348/259/3098
f 3071/266/2917 3065/259/2911 3348/259/3098 3354/266/3104
f 3360/1532/3112 3079/293/435 4531/762/910 4457/1943/3525
f 3077/272/414 47/62/1 96/20/1 95/19/1
f 3078/284/426 3105/1933/3514 4556/1933/3543 4529/284/889
f 3104/1937/3519 3077/272/414 95/19/1 97/18/1
f 47/62/1 3077/272/414 3359/1537/3117 78/63/1
f 3105/1933/3514 3111/311/453 4564/311/937 4556/1933/3543
f 3112/320/462 3104/1937/3519 97/18/1 98/17/1
f 3110/299/441 3365/1543/3123 4464/1944/3526 4562/768/916
f 3112/320/462 48/65/1 94/64/1 3366/1538/3118
f 48/65/1 3112/320/462 98/17/1 99/16/1
f 65/34/1 64/33/1 3137/1422/2929 3144/1421/2928
f 64/33/1 66/35/1 3149/1426/2935 3137/1422/2929
f 92/61/1 65/34/1 3144/1421/2928 3353/1531/3109
f 66/35/1 67/36/1 3155/1430/2941 3149/1426/2935
f 67/36/1 68/37/1 3161/1434/2947 3155/1430/2941
f 68/37/1 69/38/1 3167/1438/2953 3161/1434/2947
f 69/38/1 70/39/1 3173/1441/2959 3167/1438/2953
f 70/39/1 71/40/1 3179/1445/2965 3173/1441/2959
f 71/40/1 72/41/1 3185/1447/2971 3179/1445/2965
f 72/41/1 73/42/1 3191/1450/2977 3185/1447/2971
f 73/42/1 74/43/1 3197/1453/2983 3191/1450/2977
f 74/43/1 75/44/1 3203/1456/2989 3197/1453/2983
f 75/44/1 76/45/1 3209/1460/2995 3203/1456/2989
f 76/45/1 77/46/1 3215/1465/3001 3209/1460/2995
f 77/46/1 93/47/1 4433/1469/3007 3215/1465/3001
f 3223/347/489 3360/1532/3112 4457/1943/3525 4470/700/847
f 78/63/1 3359/1537/3117 3222/338/480 62/1990/1
f 3222/338/480 3249/1928/3508 4439/1475/3019 4427/1473/3013
f 62/1990/1 3222/338/480 4427/1473/3013 4433/1469/3007
f 3248/1932/3513 3221/326/468 4469/688/835 4497/1932/3532
f 3256/374/517 3248/1932/3513 4497/1932/3532 4503/727/874
f 3249/1928/3508 3255/365/508 4445/1479/3025 4439/1475/3019
f 3365/1543/3123 3254/353/496 4502/715/862 4464/1944/3526
f 3366/1538/3118 94/64/1 63/1991/1 3255/365/508
f 3255/365/508 63/1991/1 4451/1483/3031 4445/1479/3025
f 79/49/1 80/48/1 3281/1489/3037 4451/1483/3031
f 80/48/1 81/50/1 3287/1492/3043 3281/1489/3037
f 81/50/1 82/51/1 3293/1497/3049 3287/1492/3043
f 82/51/1 83/52/1 3299/1500/3055 3293/1497/3049
f 83/52/1 84/53/1 3305/1503/3061 3299/1500/3055
f 84/53/1 85/54/1 3311/1506/3067 3305/1503/3061
f 85/54/1 86/55/1 3317/1509/3073 3311/1506/3067
f 86/55/1 87/56/1 3323/1513/3079 3317/1509/3073
f 87/56/1 88/57/1 3329/1516/3085 3323/1513/3079
f 88/57/1 89/58/1 3335/1519/3091 3329/1516/3085
f 89/58/1 90/59/1 3341/1523/3097 3335/1519/3091
f 90/59/1 91/60/1 3347/1526/3103 3341/1523/3097
f 91/60/1 92/61/1 3353/1531/3109 3347/1526/3103
f 4235/1555/3135 4242/1554/3134 3398/390/82 3373/387/82
f 4247/1561/3141 4235/1555/3135 3373/387/82 3427/408/82
f 4242/1554/3134 4421/1735/3315 4210/685/82 3398/390/82
f 4253/1567/3147 4247/1561/3141 3427/408/82 3454/417/82
f 4259/1573/3153 4253/1567/3147 3454/417/82 3481/425/82
f 4265/1579/3159 4259/1573/3153 3481/425/82 3508/434/82
f 4271/1585/3165 4265/1579/3159 3508/434/82 3535/443/82
f 4277/1591/3171 4271/1585/3165 3535/443/82 3562/452/82
f 4283/1597/3177 4277/1591/3171 3562/452/82 3589/464/82
f 4289/1603/3183 4283/1597/3177 3589/464/82 3616/475/82
f 4295/1609/3189 4289/1603/3183 3616/475/82 3643/485/82
f 4301/1615/3195 4295/1609/3189 3643/485/82 3670/493/82
f 4307/1621/3201 4301/1615/3195 3670/493/82 3697/502/82
f 4313/1627/3207 4307/1621/3201 3697/502/82 3724/510/82
f 4319/1633/3213 4313/1627/3207 3724/510/82 3751/519/82
f 4325/1639/3219 4319/1633/3213 3751/519/82 3778/529/82
f 4331/1645/3225 4325/1639/3219 3778/529/82 3805/540/82
f 4337/1651/3231 4331/1645/3225 3805/540/82 3832/553/82
f 4343/1657/3237 4337/1651/3231 3832/553/82 3859/561/82
f 4349/1663/3243 4343/1657/3237 3859/561/82 3886/569/82
f 4355/1669/3249 4349/1663/3243 3886/569/82 3913/578/82
f 4361/1675/3255 4355/1669/3249 3913/578/82 3940/588/82
f 4367/1681/3261 4361/1675/3255 3940/588/82 3967/598/82
f 4373/1687/3267 4367/1681/3261 3967/598/82 3994/607/82
f 4379/1693/3273 4373/1687/3267 3994/607/82 4021/619/82
f 4385/1699/3279 4379/1693/3273 4021/619/82 4048/630/82
f 4391/1705/3285 4385/1699/3279 4048/630/82 4075/639/82
f 4397/1711/3291 4391/1705/3285 4075/639/82 4102/647/82
f 4403/1717/3297 4397/1711/3291 4102/647/82 4129/655/82
f 4409/1723/3303 4403/1717/3297 4129/655/82 4156/665/82
f 4415/1729/3309 4409/1723/3303 4156/665/82 4183/674/82
f 4421/1735/3315 4415/1729/3309 4183/674/82 4210/685/82
f 78/63/1 62/1990/1 4433/1469/3007 93/47/1
f 63/1991/1 94/64/1 79/49/1 4451/1483/3031
f 4530/753/901 4557/1953/3538 100/1992/3578 4458/1938/3520
f 4458/1938/3520 100/1992/3578 4496/1952/3537 4471/709/856
f 4557/1953/3538 4563/780/928 4463/1949/3531 100/1992/3578
f 100/1992/3578 4463/1949/3531 4504/736/883 4496/1952/3537
